month,SPY,XLB,XLE,XLF,XLI,XLK,XLP,XLU,XLV,XLY
1993-01-01,0.007111922802500503,,,,,,,,,
1993-02-01,0.0007060454204377287,,,,,,,,,
1993-03-01,0.021739325036302937,,,,,,,,,
1993-04-01,-0.01596086254465834,,,,,,,,,
1993-05-01,0.030324757198946894,,,,,,,,,
1993-06-01,-0.008767054198705382,,,,,,,,,
1993-07-01,0.000695672133975922,,,,,,,,,
1993-08-01,0.03405090443441949,,,,,,,,,
1993-09-01,-0.0012075251755775396,,,,,,,,,
1993-10-01,0.017602787200880154,,,,,,,,,
1993-11-01,-0.011975500193098565,,,,,,,,,
1993-12-01,0.008201510447090055,,,,,,,,,
1994-01-01,0.03227925864072545,,,,,,,,,
1994-02-01,-0.028012662167428815,,,,,,,,,
1994-03-01,-0.05287871016799639,,,,,,,,,
1994-04-01,0.03345159300297884,,,,,,,,,
1994-05-01,0.014118913626847807,,,,,,,,,
1994-06-01,-0.025176828242301608,,,,,,,,,
1994-07-01,0.03506303071361527,,,,,,,,,
1994-08-01,0.029810855011499493,,,,,,,,,
1994-09-01,-0.024365714068364297,,,,,,,,,
1994-10-01,0.019335279966609553,,,,,,,,,
1994-11-01,-0.038602275592257373,,,,,,,,,
1994-12-01,0.022277826514413457,,,,,,,,,
1995-01-01,0.028328125536517534,,,,,,,,,
1995-02-01,0.034516982213614655,,,,,,,,,
1995-03-01,0.0370239219733306,,,,,,,,,
1995-04-01,0.02426102402739394,,,,,,,,,
1995-05-01,0.03978086046415785,,,,,,,,,
1995-06-01,0.02673069359255842,,,,,,,,,
1995-07-01,0.026609502938142793,,,,,,,,,
1995-08-01,0.010590511838540762,,,,,,,,,
1995-09-01,0.03250903492360635,,,,,,,,,
1995-10-01,0.010203715591343032,,,,,,,,,
1995-11-01,0.0374803970468629,,,,,,,,,
1995-12-01,0.02525933200116115,,,,,,,,,
1996-01-01,0.02841328318232561,,,,,,,,,
1996-02-01,0.015402886811454852,,,,,,,,,
1996-03-01,0.012906747349295866,,,,,,,,,
1996-04-01,0.0014327376062059916,,,,,,,,,
1996-05-01,0.023366668709394744,,,,,,,,,
1996-06-01,0.014668286601471348,,,,,,,,,
1996-07-01,-0.037396485046661265,,,,,,,,,
1996-08-01,0.009112953147828451,,,,,,,,,
1996-09-01,0.05482978915254533,,,,,,,,,
1996-10-01,0.023098139367596637,,,,,,,,,
1996-11-01,0.0772461451588704,,,,,,,,,
1996-12-01,-0.021720345102619554,,,,,,,,,
1997-01-01,0.062262282090237875,,,,,,,,,
1997-02-01,0.01331218607796636,,,,,,,,,
1997-03-01,-0.04439316627542378,,,,,,,,,
1997-04-01,0.05458258670388605,,,,,,,,,
1997-05-01,0.059765267009089795,,,,,,,,,
1997-06-01,0.05791864315266082,,,,,,,,,
1997-07-01,0.06260966073561214,,,,,,,,,
1997-08-01,-0.017116944627582065,,,,,,,,,
1997-09-01,0.028541204692422273,,,,,,,,,
1997-10-01,-0.01699337802159484,,,,,,,,,
1997-11-01,0.04355030762561052,,,,,,,,,
1997-12-01,-0.0014574554302410059,,,,,,,,,
1998-01-01,0.024343381041126433,,,,,,,,,
1998-02-01,0.049717702353933024,,,,,,,,,
1998-03-01,0.059484848231279086,,,,,,,,,
1998-04-01,0.015931336968851184,,,,,,,,,
1998-05-01,-0.02719926226817493,,,,,,,,,
1998-06-01,0.04983493071209466,,,,,,,,,
1998-07-01,-0.02889868317493116,,,,,,,,,
1998-08-01,-0.10106619113561632,,,,,,,,,
1998-09-01,-0.009005139188057565,,,,,,,,,
1998-10-01,0.13219524180288134,,,,,,,,,
1998-11-01,0.051397008841246095,,,,,,,,,
1998-12-01,0.04943659285473645,0.039759866683273914,0.0026869396016691027,0.005361467763098426,0.0402694520039768,0.02974166993232763,0.016509709690694763,-0.0026187417162025772,0.03620481959607513,0.01963168587520192
1999-01-01,0.03149590519899004,-0.017316063052861375,-0.07434712693221301,0.0,0.004514844399822859,0.14678051215753496,-0.00928080986148494,-0.011029355027751375,0.05662678123016196,0.06016859231840321
1999-02-01,-0.023639342512182027,-0.0044053183937078355,-0.008683416698838875,0.03733333131148586,0.007065318659219555,-0.10404648055065324,-0.011124224199479116,-0.03983035310749694,-0.006271571646470742,-0.007945675756245385
1999-03-01,0.04641553415961486,0.04184010628120838,0.1515708902825541,0.03100745605023425,0.032538126370492915,0.09631331982904356,0.005323971583780507,-0.029053507648763355,0.02811212960600651,0.04690225957275218
1999-04-01,0.04904545018521844,0.26136413673772485,0.1781164047170256,0.08000039384654167,0.1605705908141668,-0.0012609710047498668,-0.014158868338656094,0.09002328184546249,0.055803586265573246,0.052516249127489534
1999-05-01,-0.04375825117750898,-0.07319817363695769,-0.05075625568698072,-0.08449091961602306,-0.037927508822294675,-0.02735693298735009,-0.02932350140315465,-0.003682256797876482,-0.04651135726916544,-0.062370436369108995
1999-06-01,0.06703600936466447,0.02383947887781024,0.03422326292898625,0.06996434170777399,0.061318243893144775,0.13370831687173212,0.021321872995690105,0.038007600567924404,0.04434583655968205,0.06351413717006871
1999-07-01,-0.03599711149273932,-0.017857196343079917,-0.011055787700651631,-0.07582914851981715,-0.0345729771280151,-0.024427237920379485,-0.04424158592347105,0.022006056825574216,-0.039278316612372355,-0.08611683491424893
1999-08-01,0.004696718108693876,-0.035151768205906375,0.030743138743745124,-0.03461607778820741,0.008138755253919827,0.042644193588173174,0.01331573984364387,-0.058587713199000246,-0.037569013177003674,-0.030268065336023553
1999-09-01,-0.03633033447676526,-0.0397280246738575,-0.04667261214720009,-0.07260542638356626,-0.021314375484050796,-0.015384607829331265,-0.07174234917852407,0.01464615862946994,-0.018369336740196474,-0.010367936796385369
1999-10-01,0.05521746865252197,0.009186414622128547,-0.011999768140352973,0.16091948230661757,-0.03360928441222466,0.03506118621707821,0.07567584142617911,0.021658488230688944,0.05497059358995671,0.07508945649142396
1999-11-01,0.03573088208767827,-0.0019507807377188158,0.01850799285811977,-0.039603870602174185,0.011402571473559497,0.11045658196524899,-0.00251248922472469,-0.03722837414365976,0.008868907203210874,0.0199558913810447
1999-12-01,0.03837595930198967,0.0872898410358971,-0.03179224284853899,-0.05323863478610669,0.04470845633569187,0.17641591176432625,-0.08044459417016603,-0.05037187992102632,0.07161961478994638,0.04913824243889886
2000-01-01,-0.030941106930945095,-0.08543944701158179,0.025882618301142912,0.013661299081267453,-0.06392163775941828,-0.06877125822894725,0.010989149812079768,-0.0005698317078267623,0.006704348165650353,-0.06431549796795577
2000-02-01,-0.01773810045032842,-0.12565804523753354,-0.01605525635562699,-0.09973053370742335,-0.05381958778998308,0.09322094321427876,-0.11616852601714622,-0.07630971172715051,-0.06967204299592711,-0.0992238618023551
2000-03-01,0.09532742481290724,0.14869354652224565,0.11561323131875234,0.22303427534713527,0.15038014095485241,0.027684666423724247,0.09497177436562154,0.069566364122706,0.08039642745778264,0.18939324800689183
2000-04-01,-0.027685711603109397,-0.06500287842422403,-0.01572323654281571,-0.058353963931512265,0.033564380954380635,-0.03825388853406675,0.019717862249833518,0.058652581820335614,-0.008154804102532554,-0.02021809730229651
2000-05-01,-0.011899809647273774,-0.027387843148771185,0.08945631650776042,0.08023484651720247,-0.019071886064010668,-0.0767507781169885,0.060774280651684,0.004936991033113403,-0.035971292670702204,-0.07513215839545995
2000-06-01,0.015934484894044365,-0.06276347882868849,-0.04034597796177708,-0.061987366128835486,-0.034265748606239876,0.05946647093835633,0.05581816919586191,-0.012223611376565358,0.006396382722096083,-0.048527161789963635
2000-07-01,-0.023127455607832137,-0.017801673547768182,-0.026101094535507574,0.07558158244733004,0.009814247178250302,-0.07044741331840698,-0.006180603032927556,0.0077953139545297034,-0.004237216054207793,0.016867997086728925
2000-08-01,0.05994775212007486,0.011820483638006918,0.09984227278272817,0.07627585577605145,0.10043218083722083,0.11521926304650965,-0.049751067394898985,0.028729713995059747,0.025532051351183416,-0.03613756156336845
2000-09-01,-0.05439245316797936,-0.11005248384569799,0.026876824664586962,0.05339805053155544,-0.04745797248530215,-0.1861880820459184,0.048476044041756206,0.12526446702064464,-0.022821369978309858,-0.033871217017096944
2000-10-01,-0.009559182157193313,0.10475365370235679,-0.015888374861953047,-0.02656750156419785,0.03409069805249776,-0.06856719843217984,0.07017536240300082,0.04571690200837697,0.00902288778503535,0.011479671090531385
2000-11-01,-0.07194528544210954,0.01513902746587581,-0.061727969969483376,-0.05240234866431126,-0.026473693940710863,-0.17893593177824174,0.020491496120747632,-0.013806181669940853,-0.09100448818529017,-0.03152541469476544
2000-12-01,-0.022774171334453697,0.08242809474637958,0.08064954057056117,0.06093755148543867,-0.015415413855188187,-0.16200645510290768,0.038025307144675446,-0.009465778473685571,-0.03165373965993479,0.06711799657374873
2001-01-01,0.07078123605551867,-0.0019052953919136417,-0.04646297867032423,0.0278366908590979,0.03686069869726305,0.26372933662216136,-0.052416495735922886,-0.030210164379829152,0.13272015880945665,0.11677139013673465
2001-02-01,-0.09664383187796577,0.00858840479680234,0.011980050280480992,-0.06752656806329393,-0.05426383256695777,-0.22746802097560703,-0.0119806914495596,-0.0025238382246783875,-0.03546121043463579,-0.08517394256500377
2001-03-01,-0.08099898003564843,-0.04575151840835334,-0.05852427150075623,-0.0266297513958359,-0.09579188441419828,-0.1597220884741768,-0.07308172307480298,-0.00024011506707433128,-0.07231013596193869,0.002036405821688181
2001-04-01,0.11252164413617138,0.11304752581665234,0.11682765492591574,0.040134829211442735,0.13257568052924507,0.21900789695719358,0.044689481140018694,0.054794244180890406,0.10419002528284782,0.05747136385987628
2001-05-01,-0.0025181781129094416,0.0353465594447977,-0.007429910022716646,0.03353811423035524,0.02943132040050056,-0.04745743590463436,0.016876751363723352,-0.010872649917798904,0.019145376646687584,0.009058093142128909
2001-06-01,-0.017730805255773197,-0.03245661570361713,-0.0894557865858443,0.006832461032397985,-0.04536988899395167,0.00177891981834577,-0.03708669648959584,-0.039287050842584326,-0.0012638067574317624,0.005403258324638172
2001-07-01,-0.016272515228915485,-0.01749676195557992,-0.012553724155721313,-0.017391735871220004,-0.010914027741030341,-0.0436942872729994,0.007237533518185346,-0.0003199816559972257,-0.027889950814555142,0.0332859508957184
2001-08-01,-0.07116562721499653,0.0004562947961339603,-0.033121339406480765,-0.0739820664450731,-0.04862047204134501,-0.16344716589675778,0.00598815885797821,-0.03682396912508412,-0.05392343311533254,-0.08174553019521613
2001-09-01,-0.07722404264171867,-0.11568948537443635,-0.11407604495020096,-0.05506458017991389,-0.14611944543407107,-0.15630528394481036,0.005965772751060472,-0.011389267737501596,-0.15712527032170853,-0.13168664947425757
2001-10-01,0.04066379958838984,0.046209621396318123,0.07109202273511617,0.004875926835213873,0.04816745855723559,0.1626314261815449,0.00830946161408419,-0.052864085203222055,0.03859551168610764,0.07320304991801252
2001-11-01,0.04478856291917643,0.07593098397806997,-0.05757276203516626,0.033157763781832994,0.06832000878572075,0.0950654109661957,0.02001641965840273,-0.01896172400651641,0.10146158397873206,0.09622320764873238
2001-12-01,0.02255781771008314,0.0016391354758302779,0.035377860116224236,0.0326633852081033,0.054435493881073604,0.016949491040815667,-0.02272731648935733,0.044865665547310085,0.032150841013164566,0.06426101497614178
2002-01-01,-0.024928700804832005,0.01112066823686586,-0.023019162419444128,-0.022459812424589942,-0.07039762767512592,-0.0528458693230448,-0.0023699451655483372,-0.047485359162558805,-0.01765938895885566,0.019170648998958706
2002-02-01,0.00967562254671317,0.0733276919097181,0.04326008169597939,0.008567284456580282,0.057086810194328264,-0.06909852900811442,0.03960322542111938,0.017355905417655748,0.06779075104230015,0.025308141630464576
2002-03-01,0.01018312360674889,0.010217903654891503,0.08064010272590338,0.04981562627783487,0.0032922460532198716,0.01014272718991216,-0.004751420231219883,0.020535027966320563,0.028869886188382488,-0.015439213882551206
2002-04-01,-0.04704518493446663,-0.04071245994348016,-0.036783202876168763,-0.01697412215769789,-0.06573620634783484,-0.13783689190584436,-0.021496336141259453,-0.04195068996309437,0.021146196320468214,-0.004070947132014391
2002-05-01,-0.0440559524205929,0.03182945746259147,-0.05424648349371708,-0.029278977130179573,-0.03655612739565106,-0.06193716345502964,-0.047470120417026695,-0.040044690849706965,-0.021042005903217587,-0.03678451351722245
2002-06-01,-0.06707340855837607,-0.0074767925314099815,-0.01485317581707779,-0.043721947162871366,-0.04624216359322375,-0.14503340710332613,-0.0717270868235752,-0.06512210569335808,-0.09496225489897014,-0.05627933019195708
2002-07-01,-0.08502454393591086,-0.1136660688210469,-0.18150269267159957,-0.08692145188875344,-0.05660384753931691,-0.09637022308918719,-0.060969893800778774,-0.14189460471791215,-0.014705747595447738,-0.1197446342036218
2002-08-01,-0.005631897990495349,-0.02838928710947497,0.035781453754865966,-0.006672198279662256,-0.02818173130958146,-0.013878436735664468,-0.004739610642549352,0.02600518918239314,-0.004592198884821985,0.024733313117235367
2002-09-01,-0.024646307423269342,-0.04774191168680453,-0.0023231514156267785,-0.02973382725941276,-0.04363181884003009,-0.07629635941057578,-0.023243535498529644,-0.08172262167115274,0.009278210129685549,-0.029164824343581253
2002-10-01,0.05308023908751647,0.016497638229930445,0.013284284624317078,0.06171638025761861,0.01865480761278815,0.21892523098679573,0.0215900838441605,-0.03373722275050661,0.03668271015621727,0.054077053357851845
2002-11-01,0.04276061994474989,0.07643968952631774,0.01763145253786802,0.02272827871376104,0.04530099885497507,0.1282896706158858,-0.047550669839827586,0.008728761883885161,0.011426969063428771,0.038273650179499796
2002-12-01,-0.027753873647146765,-0.0022187121814777333,0.018108537683991788,-0.01979504731345061,-0.020911569286569343,-0.08792358979399761,0.030178644873957383,0.07266167879942009,-0.0024756265709877656,-0.057458684286565864
2003-01-01,-0.05314599694737687,-0.07170927528160731,-0.03771943923940646,-0.04517556658150368,-0.06960165136978913,-0.06538475491440898,-0.048720252803365005,-0.04285665642226655,-0.03373722592687689,-0.0650537543996279
2003-02-01,-0.02481718130995303,-0.03280432691074753,0.02506845246175593,-0.04363844510539994,-0.027990214734688768,-0.021261737597115804,-0.0419036653307342,-0.050106814706689096,-0.023149909718310546,-0.023193924080952666
2003-03-01,0.027314740349086097,0.02101889325168682,0.016432889783036586,0.028137519773815844,0.029048974058548893,0.0140154977051421,0.004961756472007917,0.0509556825640296,0.05529203977809849,0.05174497926950372
2003-04-01,0.06810758846939868,0.07104353490479243,-0.021987447589716158,0.09619877152220169,0.07660819169772126,0.08914998748279435,0.031874421953918874,0.06421986888936981,0.02177888671232675,0.09391293397678457
2003-05-01,0.05930383802837724,0.048241665570358805,0.10656518956847294,0.06078786207403142,0.05313176833444011,0.06979662156905153,0.04816733035485887,0.12576139750704507,0.0097538878062009,0.07273441753625676
2003-06-01,0.015777497969169385,-0.003061828110230924,-0.018873766668221492,0.0070770846458634296,0.013026683710913423,0.02669028626413872,0.020089222770236503,-0.0019193717929795184,0.058125007486139024,0.00287394241550909
2003-07-01,-0.0002032042871074058,0.07011569191702871,-0.03703652695347737,0.011272422457916154,0.022727046270759388,0.011554011574555823,-0.019675000168658863,-0.064633749303452,-0.03526565456552244,0.019607815959785224
2003-08-01,0.04354873114259483,0.050609561075041,0.07346562130564638,0.0258758316171801,0.062309274687722294,0.07595651196257336,0.03863499605977716,0.04330953264791759,-0.007382017898956983,0.06676338921388014
2003-09-01,-0.0031915709516810997,-0.040135413708411116,-0.01276677318105246,0.016215501616729133,-0.022381690161646817,-0.00849248597727692,0.0029356990441444797,0.032039161557462004,0.005449245493594379,-0.03479381826470296
2003-10-01,0.03830291648125295,0.07927918518177912,-0.011065407636888569,0.05412667023557094,0.04631549296941495,0.07494658077740457,0.03576608933425507,0.010488713041544306,-0.01377601263132322,0.06986587352783857
2003-11-01,0.015190548940679838,0.05091845864892597,0.024450742944148285,-0.0029129393177868,0.02977849406799682,0.0009957679702570221,0.000933479711497931,0.0,0.04083065634663097,0.010883720884314885
2003-12-01,0.03862035081683346,0.06100334576589139,0.11908078596400928,0.032050017566141786,0.05007362771074986,0.02610360079995644,0.007513638854978799,0.05990166688552434,0.04354022787007361,0.021378127646996425
2004-01-01,0.024633242645562214,-0.04405092556039569,0.02868523711906512,0.04022810106716834,0.008975240718971156,0.03759769022842474,0.016264007257757562,0.01718953343774765,0.038385285297461325,0.0
2004-02-01,0.019216121121398144,0.07443886463921978,0.0667137481907425,0.02977371676289775,-0.00037075738134295655,-0.013647332161877301,0.06447209406798726,0.029996341742883237,0.0006374211740534097,0.031069873331061926
2004-03-01,-0.01705532613560412,-0.03182568831224797,-0.03629345375951176,-0.008162464193086416,-0.011778742085520433,-0.028148518692250213,-0.01749933958231653,0.008580845879546217,-0.03773195028505927,-0.00799080132817842
2004-04-01,-0.014326140502035511,-0.050152704077475296,0.05275844131708163,-0.04712209027727421,0.005271056433578725,-0.04271009860392194,0.023255881460542582,-0.03895036738966651,0.03715990393701474,-0.010661752018252035
2004-05-01,0.004993419689750533,0.022400357300623064,-0.012119504555008653,0.006358407657045317,0.013108437733308831,0.026154260359092962,-0.011577955672256501,0.0038396070870523324,-0.01087683195780964,0.00031677502083682363
2004-06-01,0.005698749274129167,0.03377289503202663,0.04925525464531755,0.0012447848323215993,0.045794869678740024,0.015491986954555781,-0.004529456571403689,0.00661162462321796,-0.022835287329131315,-0.002490654829450656
2004-07-01,-0.016557903582510525,0.0011409363505991976,0.028236002626206735,-0.00845673186241691,-0.008500732349564055,-0.040846163524676404,-0.030183442032915897,0.03492283649844885,-0.041155032356685495,-0.02639942229661396
2004-08-01,0.0022505373491226166,0.014811463572065975,0.003085462212612855,0.022388492799480186,-0.0035728337777038988,-0.03950798282361001,0.007667573583972187,0.029629816274752363,0.021460308627200275,-0.004573459233551236
2004-09-01,0.025180732446257403,0.0415475801119638,0.09416392115656791,0.011358679600565136,0.03552328297373197,0.04700882381019733,-0.01644789247479328,0.01762571313407779,-0.01230408611899314,0.0382782545241005
2004-10-01,-0.00123202938336886,-0.013718375708179575,-0.014112565048691517,-0.008293499972339302,-0.0006947291503175412,0.026530705681887312,-0.0059414633392792515,0.04871346041518465,-0.04026181042824195,0.0316558504576796
2004-11-01,0.05350483359928648,0.09004387746082654,0.04809607912816527,0.04808389968494198,0.07718987853680614,0.06411511317791696,0.04091962333234456,0.027190520591955147,0.04625421536750762,0.05400453651120718
2004-12-01,0.013741234902487243,-0.005949188933331295,-0.04105204952056807,0.01758527586885128,-0.0007993972513408165,-0.0030178932397654235,0.023644436469324015,0.021793221556905218,0.025755377438798854,0.023847722490574652
2005-01-01,-0.01155494878713581,-0.012572150352063494,0.09176684124784251,-0.007560500403445358,-0.016558521737743748,-0.04252272376351962,0.01213149282552406,0.03995596932011014,-0.010388513851048997,-0.035653436657230975
2005-02-01,0.0195108201115608,0.07123145694823307,0.1259490874235445,-0.007618215065937739,0.01188551096580448,0.007484832101880112,0.006421550972123269,0.017464421938349517,0.028445934808171813,0.005028271013120866
2005-03-01,-0.027540602445590978,-0.03072994736796386,0.025029814409442297,-0.060445565098613874,-0.013195130306161262,-0.03962337658186532,-0.0261704954210773,0.011740685528178751,-0.022029630692608437,-0.030400911240206385
2005-04-01,-0.008771275667821321,-0.06085760442228516,-0.0603234326316231,0.018214182787969158,-0.02189763892246066,-0.027849233744762225,0.00657924036409363,0.030085554536759984,0.0483106489294165,-0.051367822166252464
2005-05-01,0.035223028287607594,0.00035372395725929984,0.028827987186087922,0.03507599515061344,0.02985105137383992,0.08116650181855234,0.022657593192284997,0.00962476252645228,0.010957634646045378,0.06087817135542295
2005-06-01,-0.004045919194520353,-0.03529819907299003,0.07327575928846297,0.0055957227683953725,-0.026567322157402207,-0.020117473721260715,-0.022580267182876312,0.055561735644100274,-0.009103611006614276,-0.006100983151350325
2005-07-01,0.03446817184245354,0.050885462578783125,0.05853838492179353,0.014576404179587277,0.03392157808818452,0.05458199629175842,0.023214630382631496,0.0,0.029041481561939975,0.05447333386041975
2005-08-01,-0.00938126850326082,-0.03438611202014108,0.08024998402819938,-0.014032094416006724,-0.02690309292096238,-0.012345815786629522,-0.013698685217664264,0.03579320676975084,-0.008153373092374183,-0.04271287321234607
2005-09-01,0.005158702839498153,0.0007497041624497935,0.03316064692910836,0.0037798693864372623,0.014777487498848663,0.003365518749076646,0.014157236873087786,0.037775259095663705,-0.004903632222730492,-0.021472972217522313
2005-10-01,-0.017210612512282952,0.00949227633405303,-0.08238361025414398,0.029201491313104677,-0.011340928771319647,-0.02347907498273405,-0.009032409914664696,-0.09270180558055863,-0.034417231211070765,-0.016975226098242646
2005-11-01,0.05145663836108416,0.09403256058218923,0.040716457666728934,0.05707683258398677,0.07321183555775557,0.08145293271735388,0.021701880283633734,0.022380704618974345,0.025412569707487398,0.05117683496926917
2005-12-01,0.005380222971899551,0.03021321651639375,0.03360566944861665,0.011546022152354896,0.00031637411928908676,-0.026497472173183323,0.0007678427957391598,0.024277694724959664,0.036871641615645157,-0.009303817938388859
2006-01-01,0.013338657223053385,0.02943070492764499,0.06812120408536315,-0.008384994372062637,0.004742697360092141,0.019708991311940594,-0.002133015806916605,0.007499822997510952,0.006851414485033347,0.010303289785296377
2006-02-01,0.007633188784870182,-0.009111128087405773,-0.05436130267545847,0.027247215323802143,0.030522340624678845,0.016107052714980696,0.009833298739855945,0.007444228995009627,0.006186084281818438,0.011397663689476367
2006-03-01,0.006770179727518144,0.04345431866742744,0.030660907890465605,-0.000767120426870882,0.03961634834345862,0.00860469109684825,0.007808880633209059,-0.04243239123364129,-0.014301965611283163,-0.0051332855508039454
2006-04-01,0.005164368740716796,0.029618108592554426,0.061791517882150204,0.025460253916496534,0.02063692983637555,-0.02694146747261228,0.005912378843246691,0.005183415502635347,-0.03879812837225849,0.01073371121358635
2006-05-01,-0.012806079784120183,-0.036180271572869405,-0.04097781409266643,-0.011067861383714628,-0.009532346274502057,-0.041071342843952974,0.007976422261989136,0.03609353718914776,0.001627160213419243,0.0041296395060503865
2006-06-01,-0.0028370112563029792,0.006107526680366515,0.03361263308066875,-0.004504778099596707,-0.00797031823062233,-0.014436754058826384,0.018752492710855106,0.0240544719974618,-0.011672926443911713,-0.015527281281932037
2006-07-01,-0.004538160996081619,-0.05634253881232121,0.02370989172011262,0.007946096522292834,-0.06601792006515672,-0.046874711295721405,0.00493212460200354,0.0493112109257543,0.05247564176889563,-0.043660434715257934
2006-08-01,0.033013802986053165,0.05024420638637617,-0.03780665118775639,0.016373897196263698,0.024929049095335998,0.09016362542562661,0.04948847735797757,0.015761343869729494,0.033866330511139076,0.037836289211965024
2006-09-01,0.017084708624522493,-0.00944512732336078,-0.06157518101875281,0.036300890764220384,0.033919978086634606,0.02840175308279269,-0.012615074384195735,-0.008152192809453784,0.004327928567818606,0.057468092212368704
2006-10-01,0.028404234985342613,0.049842280322014876,0.0439060586419493,0.01939750244844385,0.020035916125807907,0.04258322514510371,0.01666009726060458,0.05169386588430713,0.0018181247632942377,0.05395331149929761
2006-11-01,0.02455042766161175,0.04326911514621323,0.10079805092696037,0.007384704690545751,0.023746435343397376,0.024154273584708008,-0.0039016873334969393,0.019716915038717975,0.005142538760505078,0.019231615314396766
2006-12-01,0.013818517062703206,0.007735283516794755,-0.06539683705447286,0.048890958474058666,0.017033682377148862,0.006162243469753248,0.03499366081511934,0.011835629411444115,0.011666989985923193,0.027310091887040144
2007-01-01,0.022918584278449616,0.06009809412457612,0.03039900588774813,0.010834126454226212,0.023275441105391925,0.012859138637663747,0.017496859910957285,0.0021723046956034775,0.038805520036006236,0.02803646236904611
2007-02-01,-0.028351965150578584,0.010084969726005255,-0.02710100620057354,-0.03778126086664113,-0.021359733297786065,-0.02369868026652433,-0.01682215971786849,0.04742565985762748,-0.03563224457894176,-0.03888847491884895
2007-03-01,0.01575587950255719,0.02776101434594147,0.07668709483657454,-0.012848360256490499,0.011538590717254937,0.01603810336531386,0.021009651404535035,0.057424091329318694,0.011814516943978948,0.004448006669587112
2007-04-01,0.0457933651002107,0.011040986857236534,0.04567091720990857,0.05042486919547429,0.051108819498123514,0.04692830992525443,0.021333001118301276,0.032964337552065404,0.06976046310182005,0.0230604833931094
2007-05-01,0.036388988316711446,0.07826277411160487,0.08279695360360773,0.02535081671391537,0.04942528685202907,0.04523205997341884,0.022352067890124117,-0.009050259791949733,0.016026192684702956,0.03304331532586846
2007-06-01,-0.010615970081713,-0.0032455363807963877,0.021675334424646975,-0.03499520707431558,0.0035973646732629927,0.0073345778884048585,-0.01655888291173202,-0.028413669006214448,-0.029059972076077467,-0.017856497210023692
2007-07-01,-0.03531196868164721,-0.03645171034035266,-0.01979788099205515,-0.088243387108624,0.009663794512972501,-0.0007742424367221945,-0.022001964367530435,-0.03212981807252069,-0.0464654760871932,-0.06297437259717875
2007-08-01,0.018097566301806145,0.0012606651266340307,0.03312991691218592,0.022242694488098458,-0.0025189729230352675,0.024805756459032935,0.019497846074712166,0.012609858652286476,0.02480781838257884,0.006207198737258723
2007-09-01,0.039924495844212426,0.08555788315156287,0.07313994928470313,0.035834142362174415,0.05606983632688234,0.033074416512615556,0.03182796067476712,0.03239099283163638,0.037899679522302776,0.002775593097040119
2007-10-01,-0.021191992750255295,-0.013053289789838107,-0.021682229459468405,-0.08492979654839117,-0.042057188454626804,0.030447500459774623,-0.0017918934399736575,0.03073870498895248,-0.01058739833752842,-0.04261614564872618
2007-11-01,-0.022181160272938816,-0.02125660114052319,-0.009402337657358983,-0.03906282281319684,-0.021575809133728807,-0.07084355334564163,0.044165054731833964,0.03775902850517987,0.020557368593409064,-0.03499419871067744
2007-12-01,-0.013413055088209891,0.006099646259016156,0.08074098480279712,-0.06932107796110232,-0.007838287132565513,0.005380489488729712,-0.018719040801870035,-0.017132857329575146,-0.032356011484389935,-0.059177107207820434
2008-01-01,-0.036914542355433566,-0.00920099382185835,-0.10251547658900473,0.04654479837525538,-0.017138440771053975,-0.09456331107977367,-0.0324062275698036,-0.04395346360782826,-0.0309100521880995,0.020807490529906936
2008-02-01,-0.043559151768470805,0.015395818219891444,0.07918722935860179,-0.14150980838093707,-0.028269449673628877,-0.06384752045044895,-0.002547760295934509,-0.05119258383838887,-0.03160101125444659,-0.049285017924303176
2008-03-01,0.028361819901082885,0.0007081064975986706,-0.017308552090820606,0.053166564379653725,0.0445866557692971,0.041383549441867507,0.03470006280508664,0.02673671588308446,-0.029833111332496,0.028553208514368267
2008-04-01,0.03301383561541016,0.01351054648839689,0.05977508955532462,0.033809451235677246,0.013071716992331561,0.07592202518558566,-0.0017727224928260066,0.03674221627181384,0.011683016539246971,0.036137363518397914
2008-05-01,-0.015731095246962923,0.051416432911783216,0.08191589871414595,-0.11373555095176802,-0.006193784421103188,0.0076614992531252035,0.0031969363625365954,0.016356712421956132,-0.010611758750432743,-0.038184288809302136
2008-06-01,-0.07111499686599387,-0.0684262087713643,0.02976119029194524,-0.15948924596422964,-0.11323795955891991,-0.0870383505236364,-0.04971368844734647,0.004956251021033697,-0.030829364242833668,-0.11778793360665107
2008-07-01,-0.017292487689774094,-0.031982483728354105,-0.16274631766557202,0.06446857725769717,0.0076494365396089226,-0.028571221831009908,0.023577783514280082,-0.09581968333813551,0.03695232607461474,0.00462314794276919
2008-08-01,0.014505462622058651,-0.02269826955709886,-0.051619232806562554,0.00416094951326107,0.02861312021203677,0.023529674661203037,0.040219755856998995,0.005676954384454147,0.026489952836749264,0.1008844457712017
2008-09-01,-0.08796223474555276,-0.1472407403434146,-0.11466005641929011,-0.039219435558472515,-0.14180149301067013,-0.12743309197728736,-0.016194510016060648,-0.10261434632658084,-0.06643178446468379,-0.0997318257925629
2008-10-01,-0.16327697961718446,-0.21461187752543598,-0.19996809266219773,-0.24431544985285236,-0.17692000044654577,-0.15353353766735778,-0.11906484099427972,-0.11725637677356116,-0.1140493824337947,-0.2000004768846353
2008-11-01,-0.15446421167690627,-0.17868197594323887,-0.09797201618307882,-0.3245842964422764,-0.14303086630657302,-0.15014987601738838,-0.07145807221798539,-0.037315742985123634,-0.11791101408994553,-0.16218616607943115
2008-12-01,0.14133004972222896,0.12585186162118567,0.12197084409022318,0.2179168340361579,0.15586634823403922,0.13608144472817396,0.07373583349354207,0.06989376972807015,0.15292125356061148,0.22043403014570107
2009-01-01,-0.11166064848199575,-0.11921932273559155,-0.07936170895557804,-0.2701420641993565,-0.17051114542029777,-0.06754232327342757,-0.0929369136782735,-0.019185613832170212,-0.025470589578672098,-0.15673257135730378
2009-02-01,-0.1450713884764565,-0.12909413858090302,-0.17435581366343333,-0.22943734175301234,-0.20655392456937283,-0.0757881508668461,-0.09061923693554086,-0.15751525759063878,-0.1670451677535011,-0.11675385156212148
2009-03-01,0.15637647691164203,0.26094434266876765,0.1433069285580999,0.2852350676869979,0.1903446666822428,0.17133309742428415,0.08097637723646844,0.05634782333562516,0.10732407799657562,0.1925204929776101
2009-04-01,0.08425829485689085,0.13548107785897345,0.08994456189938749,0.17549663186775155,0.16772835942425424,0.08841828637711191,0.029357183451238056,0.03430812757798174,-0.002478817963086688,0.15842127033179865
2009-05-01,0.07827985145335026,0.08822460140605859,0.1337289102697008,0.1605631563986163,0.0695459022198548,0.03832947440090484,0.06745159451228644,0.04146284567347447,0.07705034773756747,0.04529773959023142
2009-06-01,-0.020243135426465164,-0.0715163081772201,-0.0978776288996801,-0.033878077023763775,-0.05663788741260822,0.012273762564872781,-0.000892072892535456,0.03409692246761176,0.019713829683808193,-0.03717597772933712
2009-07-01,0.08783690618535966,0.16589325486691853,0.07964261292516284,0.12289567319963246,0.10657592394037163,0.09185367232163388,0.050043125522308385,0.03468999956334695,0.06292625995626544,0.11020223962733744
2009-08-01,-0.002389610771011963,-0.040464213710399655,-0.031586987487758345,0.04272874359330836,0.008197053576092905,-0.01802753144224778,0.0016290160863305925,-0.007868536971648132,0.004279933971145455,-0.0038774104776743146
2009-09-01,0.03253971304229797,0.03192051548602892,0.04359739986238287,0.029781564610271927,0.04943588724013259,0.03646619557936881,0.03335209362917069,0.004400335234937325,0.007963632016992461,0.04933076833010075
2009-10-01,0.013110494394609207,-0.004372914413414586,0.0643183390858566,-0.007703106384637226,-0.00389441908868704,0.023703818916767982,0.03369028776446714,-0.01699618448997775,-0.002477138709656268,0.007815276972698681
2009-11-01,0.06690976573882135,0.11925687147786856,0.03543117382296468,0.035285791188640836,0.09304173461114895,0.06608800691275296,0.04102770817159396,0.06986594248365674,0.10748552644097598,0.07348611672839356
2009-12-01,0.023721016962253927,0.03254135472114683,0.02709899017624018,0.005080176027753902,0.019456272452280432,0.056721954516780526,-0.008376330822074451,0.0372364126967164,0.018084105006169304,0.03763158398373112
2010-01-01,-0.03767799810998973,-0.07877709016292933,-0.042679533168225814,-0.018379849590480446,-0.018714867609542885,-0.08895567817120453,-0.010123851334769451,-0.04375836424266233,-0.0047455004099623554,-0.02399993826243485
2010-02-01,0.025949552845086377,0.02042122896504628,0.006393967995038885,0.020804652955808134,0.05145735680205865,0.036320844496337434,0.03106055998215851,-0.005383243887321143,0.007629162573379977,0.0587431946752619
2010-03-01,0.0571554604056963,0.08145301510266911,0.036798239427194845,0.09488142578384462,0.07966219249647,0.05295497919738201,0.03707215313786416,0.026308469181343774,0.02265459000640102,0.06880934834113672
2010-04-01,0.021646361559622074,-0.015647473100033893,0.03501856219738597,0.024253785642516013,0.05661561042781482,0.02818715478418743,-0.011384330274594068,0.0252742780879347,-0.039616127427866465,0.07408536010179323
2010-05-01,-0.10652248091425964,-0.12393278575938005,-0.1660336392612055,-0.12750479624317024,-0.12883749455252835,-0.09616192957391712,-0.05397592596839185,-0.08887397560900068,-0.07992307097959195,-0.10247753117707148
2010-06-01,-0.03981308509505477,-0.04789425662007962,-0.01591797119014493,-0.04601576085344783,-0.0502927319513623,-0.04844228902443681,-0.02117429780311808,0.011986563985457721,-0.0156873396006576,-0.07576302953541603
2010-07-01,0.09731417637822837,0.1651900102687891,0.12565731146171144,0.10233949396988917,0.1294332952868893,0.10137802973100363,0.06810200171481973,0.10202599064098483,0.04113023334683641,0.09329235918698964
2010-08-01,-0.038134021102761984,-0.027380917357517354,-0.046841821593927135,-0.06631315184849251,-0.0511492993664151,-0.05183189233085894,-0.012458249167723423,0.015483931503245563,-0.012367150447636033,-0.02740555665983513
2010-09-01,0.0623599786037532,0.059927739094904675,0.07458478500290355,0.03214333412118431,0.07367972384134158,0.0892199451427278,0.04375413530945993,0.01250453801566409,0.0659757626439108,0.0745281613374773
2010-10-01,0.034202660661441175,0.047274896537114586,0.0440062130972223,0.004138184657591859,0.02778703088626533,0.05818468787496012,0.02577848885115408,-0.004437150984237692,0.02230225552823728,0.05201802272498579
2010-11-01,0.020923072667492715,0.03939077639395139,0.08868651659524907,0.013049134381350358,0.039465250334096647,0.00369292780606445,0.004537785944007222,-0.009232750431190984,-0.010266131046097304,0.04916186909380493
2010-12-01,0.055434975383334084,0.07980151589194517,0.06962764214721684,0.10909171551271979,0.05528960000968697,0.04503670985726149,0.028711456799903834,0.02400368599461533,0.035815134199034704,0.03123604290058668
2011-01-01,0.02904356601428404,0.019369248766260005,0.08115207651111622,0.026993911437130702,0.0464122463460106,0.037691079878264366,-0.008858618315199629,0.01746587019435153,0.014470099133008452,-0.006076952662689816
2011-02-01,0.0014533013243995807,-0.024828749756422464,0.036722952526534014,-0.014934007303898822,-0.01442158565207452,-0.014377471921786067,0.013750221517992545,-0.0078027321868560096,0.004961017165556303,0.027645295228838407
2011-03-01,0.021373416660185773,0.047094179636289146,0.04138194089719094,0.005048995939155088,0.05319774322761073,0.001838441052013584,0.025471196935926255,0.020343770569846598,0.03152216375599992,0.019960684144998186
2011-04-01,0.023056795054924306,0.010207042481869655,-0.007250998432934641,-0.013308969022886252,0.01737794388628533,0.02422137368436683,0.04955068260016682,0.03268955122283268,0.06971176047078953,0.03536904605892266
2011-05-01,-0.031933531076177024,-0.0510106670829662,-0.05213452707395616,-0.0613120988269471,-0.057971417980303586,-0.027402114101736652,0.01330832240197699,0.010552029758383208,0.0002806983073337932,-0.028754145791882846
2011-06-01,0.020580139315662604,0.037451176940542785,0.01422183713660452,0.024567804938238957,0.04664759646342187,0.012142074299669847,-0.009046514962495311,0.021043034845666053,0.014777289446434638,0.04162120207049158
2011-07-01,-0.03838079486007917,-0.04656369135395122,0.003681541373915298,-0.0563021460986175,-0.09100506234199923,-0.012633872745056784,-0.02383234131839551,-0.01800475471250418,-0.06729682700645578,-0.03851807592980283
2011-08-01,-0.06087944455617911,-0.07972573633079283,-0.10767625207051779,-0.11322012781094903,-0.07515945852420192,-0.06281512763105712,0.0019534553857742942,0.012022569710663289,-0.010733532869226958,-0.05907733690451211
2011-09-01,-0.08633394871537536,-0.1772305874347948,-0.16703013681345225,-0.13426428802962298,-0.10389204683803788,-0.04187944766158569,-0.04357044742978189,-0.015293451713869421,-0.06915137578659136,-0.08499153059522846
2011-10-01,0.10979713750535947,0.17525385003279936,0.19356008134666536,0.14007079674913236,0.1411968887435031,0.09622874906396772,0.04344886241329671,0.03960985865265676,0.07161486186493526,0.1282505480889653
2011-11-01,0.024343748162282797,0.022964787634454975,0.044767231756604575,-0.009331056153563111,0.042271371723721085,0.018584632463505724,0.0442623701194671,0.02901524853092452,0.03068020028164553,0.015453456617010808
2011-12-01,0.026715993778139602,0.010777125528238507,0.012354275188899644,0.05380245518074811,0.027859954648259633,0.006325104643439605,0.028365879065921806,0.01782468136743187,0.04146948986592891,0.0208507413879222
2012-01-01,0.03898039671014897,0.09061897017314191,-0.0011260900849394684,0.0704644446908218,0.0614673307766016,0.05772919602072579,-0.006161536275926194,-0.01527995144126415,0.028742467339826216,0.05362218446857958
2012-02-01,0.03970688754280882,-0.004527632071255838,0.06523905034643196,0.044818154399318244,0.020486006567845605,0.06666714784985817,0.028518343032002846,0.0051720604883629395,0.006086008486778205,0.05040951070754218
2012-03-01,0.03435431824579793,0.00676162243490519,-0.037964804045155565,0.07043098368103107,0.012729885099179716,0.050064369587970114,0.04074274845845194,0.016175474613814522,0.04290571654608999,0.04131410216737419
2012-04-01,-0.007755464347506513,-0.016004485357443365,-0.0026227968042549232,-0.020728902423204243,-0.014338579129543394,-0.01837272465220463,-0.002328706640235101,0.017603229767926054,-0.0023855292302854547,0.015483288257486905
2012-05-01,-0.0893843855575357,-0.10273742437271838,-0.14143349454697463,-0.13470131589023904,-0.09186458565761912,-0.09090905621231538,-0.032390164778381414,-0.003626966677996779,-0.05683896227076091,-0.09082990083220877
2012-06-01,0.07067178527857831,0.06647390485444982,0.07544643794269601,0.097170031967311,0.053910808711620684,0.06625671572111647,0.06184561283821055,0.051985288152367026,0.0795690016608066,0.05570701592318761
2012-07-01,0.007911512160753142,-0.007405568898751547,0.05406605747651705,-0.009504514336214243,0.00593898730191178,0.009345565506487574,0.013726240758449304,0.011015449778838393,0.007343756270389967,-0.012525636256832118
2012-08-01,0.025002036795820803,0.00975613684013621,0.014144977639519274,0.03906779880613698,0.011526662942246801,0.04561016231241499,0.006205625237727164,-0.030294339557087047,0.013277705987141397,0.047970669593147885
2012-09-01,0.029004749373289673,0.054656802678610505,0.044385379322782414,0.037273905356800974,0.02661293004398413,0.013023209586627171,0.018069647093025054,0.003102732926052232,0.04215311724577475,0.03264043403383399
2012-10-01,-0.01053019373913211,-0.005146584215823036,-0.02100284649957118,0.028097463206679718,0.011989515148674634,-0.04616396548288926,-0.018025128921427158,0.008006694285138893,0.0,-0.0034213709050422425
2012-11-01,-0.009661393057754819,-0.019330009977396645,-0.021869001815822076,-0.02484492165395369,-0.011039674342051109,-0.008520575592723567,0.013837715845673726,-0.038620065493036315,-0.005203216120985954,0.014592011158512497
2012-12-01,0.03991404383501207,0.07773957170820722,0.03823391396002185,0.0812556924519574,0.06438070950681918,0.030646278443659192,0.00840323944019783,0.02454068620737182,0.018421747963536017,0.030893581407265724
2013-01-01,0.03546478574632039,0.026506869447558756,0.06945222434757925,0.04386478691863793,0.04277233468954411,-0.002683850767771001,0.03826820262531361,0.03149566705746243,0.06343754268544521,0.04109031105798944
2013-02-01,0.005752714604926101,-0.025063067043588627,-0.003587017596087261,0.0017036082500303529,0.010625445747155515,-0.0016817786800473744,0.028248358409882046,0.022355672016090233,0.012254408313432386,0.012495122926783786
2013-03-01,0.03046552313058215,0.012723257504982044,0.02204288788454578,0.030674744384144192,0.01293408998698009,0.017282849778772702,0.04516990090111905,0.04930139901622366,0.05686097423367098,0.03344623801664448
2013-04-01,0.014290331543886037,0.00025770707599770404,-0.02653149712289249,0.02041916618525974,-0.008242568613756274,0.015297571873913896,0.02893118967658781,0.051525185479155855,0.01649728573725162,0.03269939920512699
2013-05-01,0.038349579992891014,0.04247100212344557,0.05489903492935344,0.07409383838754069,0.069176448520339,0.042253835774676674,-0.010024909381477598,-0.07947349526131542,0.03288451734609099,0.03773970835684315
2013-06-01,-0.012997699022757048,-0.04036300066372922,-0.025123439738031106,-0.01366335276274977,-0.010286968436454491,-0.0287467367305696,-0.006648209037697694,-0.005766993405453613,-0.008556558515393942,0.010678173845484418
2013-07-01,0.05763461253269497,0.05729831043979261,0.062135448253889614,0.06714481074005141,0.06640385762488932,0.042926571186043594,0.04429426822387872,0.06539251084819342,0.07540874695523203,0.06163074860911655
2013-08-01,-0.03673943944034708,-0.0026975494998326965,-0.01898268934758529,-0.058597391153661915,-0.035053469774570245,-0.01995653629899785,-0.05391790381926409,-0.06870413242794782,-0.035060776733480736,-0.03649020157564076
2013-09-01,0.03513237248757228,0.042570148217464965,0.02016570291395592,0.026993553459545128,0.058554378521264994,0.0332943033286206,0.02059865842938602,0.026281853312627,0.0383796591301786,0.05524821323018192
2013-10-01,0.040569140215479305,0.03507922050578949,0.03163953322225055,0.028428965768605208,0.04860826323489453,0.0414603057818439,0.06168830318537388,0.04215597834135143,0.036892517965067206,0.03992136826103221
2013-11-01,0.0245167828138666,0.01282375114583223,0.004878736991876131,0.041222023267392105,0.024913288804175426,0.0273321942334106,0.006351537023241649,-0.030466222366987594,0.04066250288408213,0.027218670277580737
2013-12-01,0.018739546344375135,0.043153694000679366,0.013369545568496122,0.017337138730408652,0.0319278106116887,0.028469100227619837,-0.00017066252909614388,-0.002105591503607007,0.0013938290821071675,0.02292104847007237
2014-01-01,-0.04783553799662876,-0.06194130862744385,-0.061432929156205796,-0.05565775946799845,-0.05608408641950402,-0.03673332602494661,-0.060541788198924085,0.03744308942055863,-0.00489765403644471,-0.08042666838699797
2014-02-01,0.062065928606996,0.09207174362674198,0.06350003508031343,0.048709047577497167,0.06311696755630658,0.05485495340394597,0.05616795009868114,0.0324826782163965,0.07546478511987487,0.08239331453889864
2014-03-01,0.0221694575144471,0.01617803341724855,0.03376510108168462,0.043332190704503004,0.023585309156151535,0.027202675181977387,0.02584006398369665,0.036530554483899635,0.0010786092958672278,-0.005792462789980468
2014-04-01,0.00042518594475948746,-0.003575787957716625,0.043978105179810045,-0.01697977198207201,0.0037952065238946453,-0.007884384307284553,0.02814628035655309,0.05392285892331827,-0.010363501827517663,-0.023316106458666885
2014-05-01,0.024265290955781893,0.04032070144607869,0.01774850931330496,0.015909490488297484,0.026086910888214687,0.03480422244092418,0.01651547974833223,-0.015210837386919307,0.02781083721339095,0.02824135350545731
2014-06-01,0.026304324625479714,0.014467657997354388,0.057096867624296666,0.027765205070748422,0.006598748697010937,0.03068345689018659,0.00215050046408094,0.034278443794006686,0.032760481730476076,0.026791597452477944
2014-07-01,-0.02299081312474094,-0.021503113929589257,-0.04303157319778239,-0.02884620625205414,-0.04798693569413559,0.0012906547771081023,-0.02795159034474448,-0.0549978375123128,-0.010389508155542515,-0.026685943167389814
2014-08-01,0.04212921281552018,0.03429864042514841,0.017109763729569627,0.05535541960638546,0.04673632948522499,0.038669395125376704,0.038647576712116605,0.03574002368747187,0.04708005779690572,0.050266604634067624
2014-09-01,-0.02667604027700121,-0.0340637606235068,-0.0847596667031355,-0.019846285276994724,-0.033284353939966316,-0.020871788362661126,-0.0007989078821060147,-0.004160990437395373,-0.005712111860024516,-0.04249334748079159
2014-10-01,0.038178828034654666,-0.007434314980062973,-0.030753330053264527,0.045434403762559805,0.05733480226225063,0.036405435866150304,0.04595142175692368,0.08126671843101252,0.06499047663616331,0.03495445807169717
2014-11-01,0.01977442938325291,0.012276073183492997,-0.06903766863823402,0.012536801063414149,0.018860982108940272,0.03193328541629192,0.04457219534249468,0.006991273410513976,0.031032172749823506,0.0428782793154332
2014-12-01,0.003907008226222919,0.006303620245006414,-0.0009485013509660245,0.025849967632710857,0.011522356046062887,-0.012504632345487376,-0.005763765422227007,0.038464567292241236,-0.00800655067068734,0.012770242011293176
2015-01-01,-0.017086368629846027,-0.010894318771463962,-0.020998189156976155,-0.054589633550862326,-0.019996410080389215,-0.023261598824850682,0.004963974201184218,0.022976518726811834,0.015008008452534138,-0.01410036429529049
2015-02-01,0.04987128457378365,0.0770992997413884,0.007834446533703687,0.04918702491806104,0.04767042989843073,0.07739977086915406,0.031076490032345028,-0.08592614944393429,0.04636820124295382,0.08864336267624617
2015-03-01,-0.025339789094218967,-0.052575684485959395,-0.0048806783783666985,-0.014271443478130474,-0.04076943248984488,-0.04330204748308919,-0.01998313019017517,0.010373288488375598,-0.012611745176176692,-0.020915967205568098
2015-04-01,0.024404550202874686,0.04762884697129488,0.06846313335750254,0.010378043021368466,0.01678728146896824,0.04156554621550246,0.00020489169361015414,0.0,0.012679831735559643,0.017728552750678972
2015-05-01,0.004033886970319145,-0.012097512805270605,-0.05647427609745792,0.011503332115638809,-0.0047930258594177655,0.009048945914553741,-0.00040949283733604513,0.0020235052003119147,0.0352224573460449,0.0022265114663038155
2015-06-01,-0.014466769199998675,-0.03451762224131283,-0.04472543705317533,0.009675575439303197,-0.02604775510946611,-0.03730707248790155,-0.005763978246650647,-0.055444534958137615,0.002778477509873367,0.014059043860868758
2015-07-01,0.011036267394982424,-0.0630913855345121,-0.08463603222271221,0.017373446235033452,-0.006810486424920548,0.016075067784844244,0.045011558096233584,0.06017712062661107,0.017821403473637476,0.03361382978594096
2015-08-01,-0.08589531812010487,-0.07786749988257402,-0.05638976995101552,-0.09968180786560543,-0.07468504848962321,-0.08051964311500925,-0.08019046777839178,-0.06580709391637318,-0.10309713707267709,-0.08592880179191209
2015-09-01,0.007085422607626235,-0.0343817018459297,-0.03616318928222739,0.004890259744954051,0.0023825733981499564,0.01947109789472301,0.0249125047959613,0.0453631364499143,-0.021816794763136582,0.027530746756565305
2015-10-01,0.09503991097685782,0.1285603001030946,0.1353556560801883,0.07675322671838813,0.10285231063162481,0.11437207406907124,0.06336047025561697,0.02384257562467318,0.08908792751366823,0.08728800518639512
2015-11-01,0.0013787482572533705,0.010755511957715624,-0.015225678249346175,0.017205983069056963,0.001821974286045469,0.007038977382658018,-0.006775479837626608,-0.01461228830470973,-0.007548478004559045,0.003319801084101348
2015-12-01,-0.04017335075423334,-0.06492559805710796,-0.11251181673019195,-0.05290222527907806,-0.04331777328364883,-0.04211225626469162,0.007567856360779501,0.011040433966526209,-0.017706785197916686,-0.054800277442289214
2016-01-01,-0.036662674763345504,-0.08914372551392824,-0.05074600558268394,-0.07445493187658592,-0.046462858383354066,-0.02081846621794703,0.02166538002931273,0.06158849830363056,-0.05881506672311343,-0.029419439498106548
2016-02-01,0.023031101228464967,0.1012074163842187,0.01432550333573368,0.007859725666083728,0.06557031883011,0.019328384895468176,0.009424573376785927,0.004798404976430026,0.01622321819713557,0.02481221272367984
2016-03-01,0.04985723595174951,0.05894625712838075,0.05917916841952309,0.04590618517051448,0.05412009914433602,0.0648486817276801,0.04834922326398905,0.08931004356347638,0.016938613145908832,0.04380208853525103
2016-04-01,0.005074639438056083,0.04487161422309138,0.10432382247739946,0.03612337377720953,0.012919717594520819,-0.050559497499348405,-0.01342780053599324,-0.02007590961409711,0.023924754604523812,0.01107890286902613
2016-05-01,0.011059012485064912,-0.005711981734792149,-0.008008488034210948,0.011904634778313827,-0.00850296498859604,0.03864309426190182,0.005671035859206919,0.00962888020215047,0.02023060585005454,-0.01394614580361686
2016-06-01,0.003527367118385083,-0.00868432065419833,0.03231726017500969,-0.03942886735030404,0.009465299885260459,-0.009037207673240677,0.03797471279475584,0.07364614032073624,0.01173722300005764,-0.0005058980741214913
2016-07-01,0.033441203451020085,0.044434527913937316,-0.05014540804955314,0.03737904248644264,0.03167880402768386,0.07062345894732291,-0.0023686353111083136,-0.006288281497433323,0.04878056155003785,0.03651586282155961
2016-08-01,0.00207454233869675,0.007022005016233068,0.04834234484494204,0.036879714092434845,0.011557247652141056,0.012892121727053008,-0.006574088504637254,-0.06078633909075459,-0.04109445096533726,-0.012599114616749563
2016-09-01,-0.002392405888813065,-0.016902746194303986,0.03918129072092702,-0.028594862052052306,0.0018645483950727737,0.014787033127065863,-0.022106085633901595,-0.005474134718687851,-0.003321167968304728,-0.005265786047209842
2016-10-01,-0.02210594232266483,-0.02537217892202881,-0.02735252366036378,0.023425244651017918,-0.029265766296821094,-0.013224720003317647,-0.0056743317986407416,0.004761950870601828,-0.07009038938742684,-0.030503633523363827
2016-11-01,0.040567062446835944,0.0748707898800205,0.08713389931625382,0.16480191762090857,0.10754594174311949,-0.010422959536422693,-0.044131573402922286,-0.0443024602573292,0.018657044211906726,0.05596388161903598
2016-12-01,0.03186931920690439,0.007208613102342332,0.026306186093218997,0.03129909855024793,0.002440156294023055,0.053424729204085475,0.04053919233291681,0.054744118728603075,0.027785661250412375,0.005797742365101444
2017-01-01,0.010566573336430185,0.044608998241527864,-0.050019850676097044,-0.007230917991465358,0.01086423550536697,0.03422818354419621,0.005394761731511766,-0.0024768443371658844,0.018470209559710682,0.03407419198625261
2017-02-01,0.05342237048880749,0.02010711126669107,0.006218946020889238,0.08140566808852068,0.05847936472380133,0.052120689753841765,0.06094319902933698,0.06165972362351124,0.06481129667046126,0.0315341827907607
2017-03-01,-0.014288943191177572,-0.016814517305031362,-0.035866259317652416,-0.058462771148294124,-0.02620322975792333,0.007066067048963953,-0.010537615958240432,0.007403161182303997,-0.013865286291265377,0.005977514500102643
2017-04-01,0.014235326316193397,0.017046829993740298,-0.03052431421225077,0.0,0.018792580082810373,0.028726928078257608,0.008808375857604744,0.001754128957942802,0.016796223137962807,0.02945199177850144
2017-05-01,0.019608097558708515,0.011675755001540722,-0.026607880149973617,-0.005912461015221249,0.027214970863657095,0.03431286162574465,0.03874888460308101,0.055069096710503196,0.01651911908265813,0.019183487882597605
2017-06-01,0.00012797860312785403,0.015158380290565043,0.011777343007142616,0.06736319214152209,0.01345830873347742,-0.03725194642735097,-0.031291797538833266,-0.03836924289713517,0.03607946481618063,-0.022814791243570776
2017-07-01,0.021097304849516885,0.007369360265026659,0.006649660403497126,0.009588657865874817,-0.006128685053877314,0.057232366258779255,0.006740776590673514,0.03480294142676765,0.004157032148922601,0.02211298233525838
2017-08-01,0.002102743303107113,0.013716077347287525,-0.04548876247080047,-0.019786503474836237,0.0060194074298844935,0.023150578139254474,-0.0052481015072259884,0.023916121595273676,0.01906885108316536,-0.01584336873400849
2017-09-01,0.023128431953675088,0.04148050388263491,0.09093350266530176,0.057277580711957876,0.04811623501760698,0.010572838342412183,-0.013676423446544295,-0.02289567271821802,0.020114964544739378,0.00554342302049049
2017-10-01,0.020489880584191544,0.03256736899800283,0.0032136957950901213,0.021472367301182294,0.0,0.0636929099754473,-0.011507248206461651,0.031426482841178105,-0.015140419299351171,0.019611930158696556
2017-11-01,0.027068851636547153,-0.0037107171096543157,0.01456025672461636,0.03528519391171958,0.029374723124992563,0.008735912788604194,0.05501332220189359,0.02919167057440375,0.024474056067747663,0.04988090830993852
2017-12-01,0.02149209431138166,0.0443717424809289,0.06112303430278376,0.017029012143530142,0.039998928864715566,0.02316761564540304,0.013707257212565827,-0.06618551197446809,0.007734083973559347,0.040585645577848384
2018-01-01,0.04766171708223621,0.011402711485971606,0.029544337669756615,0.07521516326518496,0.0455858938661764,0.05823292226547583,0.018217364524093504,-0.03736299919243202,0.05406048187160595,0.06407791622380232
2018-02-01,-0.04929317800380595,-0.049444486997074044,-0.11875180927716522,-0.05496331071566274,-0.05578593216610317,-0.021456707339746584,-0.07434428321973474,-0.02328864275967213,-0.06047901390150623,-0.03433062068396109
2018-03-01,-0.034362438459236144,-0.05264645425933279,-0.0016458459883248455,-0.046241181988516344,-0.027900682842262436,-0.04445420470262029,-0.031181004511750987,0.02974430983559251,-0.03587536140257763,-0.04108986026240091
2018-04-01,0.029168484662252192,0.02262105501941991,0.11050624191813596,0.018545766858375057,-0.011957198435692207,0.037895371390778365,-0.02590557701972407,0.025129545297813083,0.0335635892197792,0.05496298366578167
2018-05-01,0.032530850946578704,0.03704377036176898,0.041166427579208076,0.0007286056898136994,0.046876727300287246,0.07257139023803205,-0.006998676748635191,-0.023151820128036404,0.013865381878370275,0.026001380558142717
2018-06-01,-0.0018980409501424544,-0.017625453857637585,-0.013807599050190134,-0.023444438540121015,-0.042281290798578564,-0.010575107681170093,0.039602650600642386,0.0515455477445248,0.008039207775338175,0.030012140013643496
2018-07-01,0.03310522666520477,0.023545660227187293,0.01643963592271258,0.04603272609176634,0.05697191776262689,0.020973040654479913,0.036892342151561675,0.002292895221475577,0.06246985304584807,0.011603684040937479
2018-08-01,0.031866440883233205,-0.004397783576340242,-0.02327418019049332,0.018604646053666407,0.015287074509512832,0.05240365979645145,0.011106855610877098,0.024023202379017006,0.034738917572366246,0.0582547678649008
2018-09-01,0.011182348120887697,-0.0012128856283725176,0.04089956539794759,-0.02308227240746452,0.031569393070232765,0.00845400580854716,0.010438621008536764,-0.014304609261000967,0.04294606550813573,0.00033533943535202226
2018-10-01,-0.06245538759236424,-0.07554230949797958,-0.11798408200058852,-0.046587300429605905,-0.10089762651769141,-0.07372189572437593,0.028019899179108965,0.01867724592761899,-0.06065678249342932,-0.07983916920093548
2018-11-01,0.021169330568554967,0.027361631658352703,-0.002214438345768177,0.02803036361526723,0.03192178573532001,-0.009556639006081613,0.016426010453391315,0.05051489336627579,0.062235629118535085,0.02306340405197327
2018-12-01,-0.09902999083547526,-0.08025344561101933,-0.12656115507664756,-0.10944107159693417,-0.1122920609085466,-0.10297822573535897,-0.09533064297108551,-0.06586404447270555,-0.10295867762186672,-0.08961909986394334
2019-01-01,0.0794625551048036,0.0537610779557296,0.10961021355931289,0.08451285660873431,0.11028738993021325,0.07497598483785328,0.05427895079227585,0.048836670948726235,0.06514063873572384,0.07447886635719514
2019-02-01,0.03836193952578126,0.027471620610046932,0.024040885698614956,0.024568131545119387,0.06302166636206707,0.07004627657593687,0.019165679171173622,0.047296427952785436,0.02424250602620659,0.03647705700507964
2019-03-01,0.023782493185960263,0.028979966720731776,0.01603305715253267,-0.008075437958818266,0.00800205101634699,0.05484096666459348,0.03662189114901904,0.01870169639518604,-0.007722259929959119,0.03953875113374705
2019-04-01,0.020921158898536962,0.0014202396051226085,-0.03284076424484039,0.05504948070401294,0.012013210681112163,0.046660145353715654,0.019313139595159345,0.005885382866757327,-0.03036240045384786,0.030495366632593557
2019-05-01,-0.05907953450917347,-0.03545478530231139,-0.08133970034045923,-0.057934740686104824,-0.06399975964261317,-0.1003690480833499,-0.012105000315804082,0.012390426991653714,-0.018069690455623233,-0.07250670132119119
2019-06-01,0.08204842352683395,0.08992021266376615,0.08118411531059055,0.07228060974800266,0.07288336077954183,0.12643503885510454,0.04537820661115832,0.019119864999593172,0.06866200805720934,0.09685137693654466
2019-07-01,-0.0027734063202961012,-0.015945785358021825,-0.03904653751516152,-0.011457047338354731,-0.015227614943062129,0.013622627677771337,0.013693859738920011,0.011432368785627034,-0.019763730610042884,-0.009729693168319287
2019-08-01,-0.013905938561601494,-0.030511852161452135,-0.06657959251533985,-0.03513223919181563,-0.02070503611799923,-0.02239910898571995,0.03123970146139432,0.05867695866225442,-0.013039746034394062,8.40915121647079e-05
2019-09-01,0.013256434773795789,0.015571007245032353,0.020260746831645582,0.03414930921022652,0.019290338198273194,0.01869322317487021,0.009045664757475036,0.02197380966548712,-0.004988466640979294,0.008372127247607164
2019-10-01,0.04399169553637927,0.03835996934774344,0.025073280705724343,0.062385873984452944,0.05873037789543267,0.06129377928966284,-0.001795733571878455,-0.00774109931435385,0.06296938240783367,0.016375433839002085
2019-11-01,0.017965161816597686,0.007286888710597017,-0.006578988991927881,0.028846463609162987,0.005858594252137639,0.02633733576467856,0.016189798423267288,-0.022624404164961143,0.04406027522845779,-0.0017260727959913513
2019-12-01,0.04757818163129168,0.026827867388091065,0.06979841258256902,0.042664211150605924,0.03386671381401718,0.07819000081765748,0.013707809339981614,0.026633980263967683,0.04210437122585531,0.048488172556856446
2020-01-01,-0.002308708506131296,-0.03064271914447536,-0.1294155694230028,-0.02927934198609916,-0.02325053240410979,0.03426487229643804,0.011203547638583888,0.08446951560866323,-0.02046406391493394,-0.005515807733474709
2020-02-01,-0.046371376906431006,-0.06560164371999266,-0.10693999761959849,-0.07358297888293808,-0.06697077519268546,-0.032198069967578125,-0.03308002927730813,-0.04855488498562566,-0.030887783407458236,-0.050709222605850535
2020-03-01,-0.19894731696888734,-0.21248871346648357,-0.4004659974291296,-0.29460549412465253,-0.24933918871105376,-0.17693991984553592,-0.11840445520467158,-0.20107241135287568,-0.11682751620180731,-0.21413367749256185
2020-04-01,0.1488525381621164,0.18088815383251378,0.2979723531731546,0.1283883941656374,0.10505794770843147,0.1614842632678648,0.07600374895079809,0.07296483473239435,0.14810446800304455,0.19786555532152805
2020-05-01,0.08048331780795692,0.09923228584148536,0.10013964212948001,0.07343634975122248,0.08912802918849794,0.10168724359616443,0.035057350075963,0.0808875346407445,0.04252283819509839,0.11698166954462974
2020-06-01,0.02073769809930548,0.017020884742362963,-0.051633786949683236,-0.025070622915032592,0.012881361207536024,0.07155896303599563,-0.008260509148646844,-0.03589176683749673,-0.007087370084008948,0.03135068506887584
2020-07-01,0.05883738849539166,0.06286509611610258,-0.02085034051535306,0.050566946517594635,0.053224477342500576,0.08111948998693674,0.06542860120089444,0.041904821220711375,0.05731863369544965,0.05976767919932846
2020-08-01,0.07241698219241255,0.07897378584010983,-0.020741097277754528,0.04273834286742462,0.09121172948684864,0.11277081459782079,0.049896049168295376,-0.026591214716961242,0.006284247902294204,0.10935571975431202
2020-09-01,-0.0403031469857601,-0.02663034185911417,-0.16668735709977367,-0.035312003011669035,-0.019741724412706163,-0.061304216403198164,-0.012279900976069236,0.03288102714503305,-0.016329836722508984,-0.016106406269514872
2020-10-01,-0.02029408493876994,0.04048458243549158,0.02307961252511359,0.008295424900083503,0.015244215096347435,-0.05757644469441314,-0.018771189006699274,0.06285436137908817,-0.015506067709616822,-0.03297513650791484
2020-11-01,0.10847941079345547,0.09941789852332095,0.2434345034325327,0.16454122548582273,0.12692513336460642,0.12524750484186864,0.06719361769203602,-0.007372626854211917,0.06928225432358404,0.10028458689342723
2020-12-01,0.011862937164255127,0.004016290565726388,0.04163770875244732,0.0327088662966335,-0.011872627668408131,0.025090893207813547,-0.0032801054131248453,-0.02597153924431539,0.02490214045540151,0.008113955697018005
2021-01-01,0.02017405433899322,-0.0032079202363817227,0.043203551193145895,0.00859679181471562,-0.00879524810587995,0.03330742499846728,-0.03851912414726999,0.021760633107953398,0.022310957827274436,0.04265466895848591
2021-02-01,0.035483659681103674,0.05512810511874999,0.2474749520201942,0.13603819003591355,0.08499701348765143,0.02073208900682144,-0.0032735926225896383,-0.044835935059734155,-0.012037843239231627,-0.0077606811422200606
2021-03-01,0.03168047845732991,0.058555433126698864,0.029226791965925036,0.03909909653291477,0.06622220707010129,0.006419822272881959,0.06893316116512005,0.08059911951063481,0.023789962328400138,0.02885526639708469
2021-04-01,0.043908372019617836,0.06025907507934414,0.00874568206830073,0.05715102284871376,0.042518735095671056,0.028269673174166954,0.03192099230165435,0.04266948186173347,0.054300104570422114,0.051056762904195585
2021-05-01,0.0035146629578841626,0.04983376824114094,0.06837425614162851,0.04884739046138575,0.02476201963531688,-0.011413142033212864,0.005987245704822675,-0.029230829487243537,-0.009290093747636008,-0.03122374368826264
2021-06-01,0.028994747940877197,-0.06058663787218488,0.021212726401709014,-0.02861121085557572,-0.01965205798377112,0.07595928989887901,-0.0050571700722974455,-0.00530533754004614,0.04932038051702836,0.04241092217137177
2021-07-01,0.01663454727456637,0.002900099535867673,-0.10563769293788172,-0.012168652671367575,-0.004654340090867515,0.033398586256601304,0.02078530425416747,0.04005012201665914,0.04139446743962094,0.007741207332585764
2021-08-01,0.03247333943428132,0.028795351145769033,-0.027132039151575915,0.04516836469433083,0.014223233262249169,0.0395813685788986,0.020081787027567133,0.044524616247012316,0.022065974901389396,0.01486604098186528
2021-09-01,-0.03578766515750509,-0.054674333917930085,0.14267395525586535,0.0035404427959433438,-0.044276954452167394,-0.04445157031628377,-0.043913077173276194,-0.07310347889933044,-0.055240832124470396,-0.013991927373385726
2021-10-01,0.059414079443717904,0.061589997281422226,0.08580975423865222,0.05583215919068096,0.05646293173715655,0.064128567253662,0.03390357052697612,0.051189931021239365,0.04971361799081331,0.13296431051058621
2021-11-01,-0.02073717181587542,-0.017932579290949713,-0.07612052254077517,-0.06802358452467494,-0.05163198986780959,0.03174391258657927,-0.019759414147660692,-0.018764108850214734,-0.031123986279902538,-0.019966920061746718
2021-12-01,0.0641249469130536,0.07271989166540727,0.07315143234867727,0.05805460733738821,0.060037151498107955,0.05673979200111012,0.10977208624549739,0.08403475243810332,0.08089470265864263,0.04919039696208616
2022-01-01,-0.051830679278603076,-0.041149513554724404,0.19311403250124304,0.001770881446246042,-0.026777349186229205,-0.07480614901947857,-0.01556388621935656,-0.03583994156758208,-0.05636837580475662,-0.11525843837397276
2022-02-01,-0.05071197704265695,-0.050028909535767885,0.044236555432560776,-0.06313127443346456,-0.036521934026965686,-0.0702012248638354,-0.018972561751726347,-0.014488821511635885,-0.017783759516834863,-0.06089102416600978
2022-03-01,0.05662372980968877,0.09766043955133075,0.09127644224616538,0.03421958188032437,0.04186923777944762,0.05141240278725645,0.03408085509624237,0.12866755970758392,0.07165485518319215,0.06166053209568756
2022-04-01,-0.08487156717961819,-0.04838362993859646,-0.009213655539325738,-0.0968078350293542,-0.0669407266695895,-0.09396694534907202,-0.00039122159105819954,-0.06582777709756527,-0.062214860290543794,-0.10781194468209743
2022-05-01,-0.011797682134217835,0.0047188349168429955,0.16070730774118624,0.011007939993529225,-0.012796220289271854,-0.024656883781767225,-0.04072036135108059,0.05217632863073707,0.006564805786193784,-0.07460977085712739
2022-06-01,-0.0651949367865583,-0.12371711048472978,-0.17181286840745513,-0.08166371504478576,-0.05985137148867736,-0.08775911744176823,0.0036708669223224355,-0.024053605773937003,-0.0007868191480744358,-0.0823657932278743
2022-07-01,0.07745768098985217,0.04560193202666585,0.05814261758251704,0.048619804309911085,0.08671955629062711,0.1295031580892343,0.03004638916180502,0.030341174858567133,0.01341755604743744,0.16877356880706995
2022-08-01,-0.0349342201558096,-0.039741959628760815,0.022395918414160665,-0.008375708706501284,-0.027992239904748417,-0.06469322491886698,-0.02519222908531893,0.018640811055576023,-0.035078289000732066,-0.041004638537677884
2022-09-01,-0.07139915516111661,-0.051099681085424065,-0.02038205724607023,-0.05447905450260948,-0.07856778674102527,-0.08794697986631816,-0.07070802387838138,-0.09976493719083734,-0.021428390521135876,-0.08947592752474576
2022-10-01,0.04885272597118018,0.05767592272650446,0.1942436068952551,0.0926880584287395,0.10452335005572211,0.03544022898423971,0.0682085434728561,-0.005783962949560406,0.0746763886506856,-0.00014018173089280772
2022-11-01,0.05945101440545297,0.1155245064940873,-0.0002200804820544633,0.059582852167974654,0.07946099880151425,0.07373809709840629,0.05971604636011296,0.06458861633091195,0.04961247178825512,0.02511044155305342
2022-12-01,-0.06090461920055257,-0.057299805635257495,-0.06142798306124664,-0.04334631135076683,-0.028110523466043147,-0.09207540141596415,-0.026514853693813012,-0.004107760167430752,-0.02440112513705084,-0.11911139112400804
2023-01-01,0.0787249654968798,0.09806668918240491,0.04454983572558735,0.06526840937384115,0.04236926926202211,0.12899570819353934,0.0008079948733814568,-0.018297842767251105,-0.010851742289894384,0.18015424315917405
2023-02-01,-0.03909447738928884,-0.032155586783111256,-0.03198741702889729,-0.02625832005761297,-0.011891766716680685,-0.02615704858001322,-0.03807360318865527,-0.07628962884313728,-0.052466822794691614,-0.05154427123258887
2023-03-01,0.04503833229555543,-0.011482681986279109,0.025118294382654227,-0.09073417352153246,0.004003695114419115,0.11498544658895282,0.05539915241612814,0.05937008137900457,0.035134037610666136,0.03418102031815895
2023-04-01,0.01109620104283171,-0.008130890452468509,-0.027835413880177295,0.027010274707611526,-0.008089903637237605,0.0009949515687539545,0.031957132405330047,0.027815043113960547,0.02528460652313158,-0.011946018866151431
2023-05-01,0.015186142084703924,-0.05576957764582069,-0.07876907923930065,-0.029625195005623994,-0.024368598604673997,0.09958916691912045,-0.06309656031410504,-0.06729386742865107,-0.04135019646860205,0.0478143537104716
2023-06-01,0.055991883333989856,0.099552282612271,0.0585066623803312,0.06081338056493801,0.09867712958630115,0.047625168213253355,0.036775767077998234,0.031191782810592317,0.02729398666037497,0.1225923911503981
2023-07-01,0.028594597732395588,0.02596774648203315,0.07018210767943844,0.04218293033214948,0.03176828840757073,0.029742388947125775,0.007893018240359595,0.004853444073573687,0.013749322395956165,-0.000523388227445909
2023-08-01,-0.011588698984744794,-0.01781099216743609,0.04214979890390125,-0.018114996126468386,-0.01760727163767939,-0.013714164523114358,-0.04247416093679135,-0.054490492133363766,0.000899231361960906,-0.012225935807706367
2023-09-01,-0.04958617377630681,-0.07082267879290138,-0.016489602326525188,-0.04765002800684559,-0.07353892059790379,-0.057639462986249446,-0.046255350623190195,-0.0957005592248934,-0.03356041604300852,-0.048761962589271124
2023-10-01,-0.010881996944466121,-0.01819111049352684,-0.04063659273274933,-0.009729388850072795,-0.01703367160670044,0.008992716251825295,-0.008047931179368861,0.07439049892290783,-0.029247011725570426,-0.04425554659379549
2023-11-01,0.08621599562870386,0.09526928501571907,0.0003529846681460391,0.11053111446970698,0.10194575491906543,0.11006105928504395,0.04661457222528309,0.052344009085685705,0.056330059271910704,0.11111857890878074
2023-12-01,0.033688251570803684,0.03163365263230977,0.006280027637991514,0.04912758110666582,0.04338214434873011,0.012251120971566998,0.03442139692011548,0.020860408535593455,0.05743259314905225,0.03727213673034058
2024-01-01,0.03501539730969783,-0.02119665759677125,-0.0158130637489331,0.028072028901137802,0.017458256102996117,0.06791496977170386,0.021554195797480524,-0.02536969577803594,0.024643415192087126,-0.01659605745386994
2024-02-01,0.0483440983137311,0.052404728213538254,0.044844084220504454,0.03786716455268824,0.058444518772096554,0.05290497731834143,0.0006717649757232991,-0.014372335650523982,0.029114033388244698,0.06205148748925815
2024-03-01,0.021316918558844655,0.05733162301333228,0.10028260657994137,0.043626466020525,0.03173362211789699,-0.007426008879278689,0.024814570036957084,0.06592803782070655,0.0045025483672438416,-0.011363330060263022
2024-04-01,-0.041768688255756414,-0.0386317769663127,-0.032383623524781524,-0.03652425135246984,-0.030162408360630222,-0.06985877735130908,-0.00963700428622083,0.0346362457311411,-0.04021307641414118,-0.04383075206702258
2024-05-01,0.05486147138196751,0.02132686652727034,-0.01379984007124968,0.025272691166473127,0.006434671687058469,0.0845772576920707,0.03052525499769243,0.06487921628483351,0.029378307664664316,0.007850026738813298
2024-06-01,0.03656569011635913,-0.03984826678778253,0.012917449949703563,-0.00040764302874340963,-0.008408605088195298,0.083771837723424,-0.009001785001267693,-0.05111134221419622,0.005444583092429678,0.042775291225369605
2024-07-01,-0.004272694299529034,0.055434175613443104,-0.005043932543513763,0.046601897439881856,0.040892572902917035,-0.07589712427432316,0.03327204298224107,0.09501991168356572,0.04298627664779886,-0.0007103944159342346
2024-08-01,0.01670342376195011,0.004031828756642097,-0.019065359752501454,0.05287574905299097,0.024384377034446736,-0.0020413682337775407,0.057528303437712314,0.028070136126827627,0.037973003424461416,0.009076510351424316
2024-09-01,0.03311852046820718,0.04806923430218446,0.017206893937492973,-0.0034472000633889444,0.05756480346453596,0.049691379143165015,0.0008374636198600349,0.07615921465032849,-0.01987606681903542,0.08356418524261344
