,SPY,XLB,XLE,XLF,XLI,XLK,XLP,XLU,XLV,XLY
1998-12-01,0.0494365928547364,0.0397598666832739,0.0026869396016691,0.0053614677630984,0.0402694520039768,0.0297416699323276,0.0165097096906947,-0.0026187417162025,0.0362048195960751,0.0196316858752019
1999-01-01,0.03149590519899,-0.0173160630528613,-0.074347126932213,0.0,0.0045148443998228,0.1467805121575349,-0.0092808098614849,-0.0110293550277513,0.0566267812301619,0.0601685923184032
1999-02-01,-0.023639342512182,-0.0044053183937078,-0.0086834166988388,0.0373333313114858,0.0070653186592195,-0.1040464805506532,-0.0111242241994791,-0.0398303531074969,-0.0062715716464707,-0.0079456757562453
1999-03-01,0.0464155341596148,0.0418401062812083,0.1515708902825541,0.0310074560502342,0.0325381263704929,0.0963133198290435,0.0053239715837805,-0.0290535076487633,0.0281121296060065,0.0469022595727521
1999-04-01,0.0490454501852184,0.2613641367377248,0.1781164047170256,0.0800003938465416,0.1605705908141668,-0.0012609710047498,-0.014158868338656,0.0900232818454624,0.0558035862655732,0.0525162491274895
1999-05-01,-0.0437582511775089,-0.0731981736369576,-0.0507562556869807,-0.084490919616023,-0.0379275088222946,-0.02735693298735,-0.0293235014031546,-0.0036822567978764,-0.0465113572691654,-0.0623704363691089
1999-06-01,0.0670360093646644,0.0238394788778102,0.0342232629289862,0.0699643417077739,0.0613182438931447,0.1337083168717321,0.0213218729956901,0.0380076005679244,0.044345836559682,0.0635141371700687
1999-07-01,-0.0359971114927393,-0.0178571963430799,-0.0110557877006516,-0.0758291485198171,-0.0345729771280151,-0.0244272379203794,-0.044241585923471,0.0220060568255742,-0.0392783166123723,-0.0861168349142489
1999-08-01,0.0046967181086938,-0.0351517682059063,0.0307431387437451,-0.0346160777882074,0.0081387552539198,0.0426441935881731,0.0133157398436438,-0.0585877131990002,-0.0375690131770036,-0.0302680653360235
1999-09-01,-0.0363303344767652,-0.0397280246738575,-0.0466726121472,-0.0726054263835662,-0.0213143754840507,-0.0153846078293312,-0.071742349178524,0.0146461586294699,-0.0183693367401964,-0.0103679367963853
1999-10-01,0.0552174686525219,0.0091864146221285,-0.0119997681403529,0.1609194823066175,-0.0336092844122246,0.0350611862170782,0.0756758414261791,0.0216584882306889,0.0549705935899567,0.0750894564914239
1999-11-01,0.0357308820876782,-0.0019507807377188,0.0185079928581197,-0.0396038706021741,0.0114025714735594,0.1104565819652489,-0.0025124892247246,-0.0372283741436597,0.0088689072032108,0.0199558913810447
1999-12-01,0.0383759593019896,0.0872898410358971,-0.0317922428485389,-0.0532386347861066,0.0447084563356918,0.1764159117643262,-0.080444594170166,-0.0503718799210263,0.0716196147899463,0.0491382424388988
2000-01-01,-0.030941106930945,-0.0854394470115817,0.0258826183011429,0.0136612990812674,-0.0639216377594182,-0.0687712582289472,0.0109891498120797,-0.0005698317078267,0.0067043481656503,-0.0643154979679557
2000-02-01,-0.0177381004503284,-0.1256580452375335,-0.0160552563556269,-0.0997305337074233,-0.053819587789983,0.0932209432142787,-0.1161685260171462,-0.0763097117271505,-0.0696720429959271,-0.0992238618023551
2000-03-01,0.0953274248129072,0.1486935465222456,0.1156132313187523,0.2230342753471352,0.1503801409548524,0.0276846664237242,0.0949717743656215,0.069566364122706,0.0803964274577826,0.1893932480068918
2000-04-01,-0.0276857116031093,-0.065002878424224,-0.0157232365428157,-0.0583539639315122,0.0335643809543806,-0.0382538885340667,0.0197178622498335,0.0586525818203356,-0.0081548041025325,-0.0202180973022965
2000-05-01,-0.0118998096472737,-0.0273878431487711,0.0894563165077604,0.0802348465172024,-0.0190718860640106,-0.0767507781169885,0.060774280651684,0.0049369910331134,-0.0359712926707022,-0.0751321583954599
2000-06-01,0.0159344848940443,-0.0627634788286884,-0.040345977961777,-0.0619873661288354,-0.0342657486062398,0.0594664709383563,0.0558181691958619,-0.0122236113765653,0.006396382722096,-0.0485271617899636
2000-07-01,-0.0231274556078321,-0.0178016735477681,-0.0261010945355075,0.07558158244733,0.0098142471782503,-0.0704474133184069,-0.0061806030329275,0.0077953139545297,-0.0042372160542077,0.0168679970867289
2000-08-01,0.0599477521200748,0.0118204836380069,0.0998422727827281,0.0762758557760514,0.1004321808372208,0.1152192630465096,-0.0497510673948989,0.0287297139950597,0.0255320513511834,-0.0361375615633684
2000-09-01,-0.0543924531679793,-0.1100524838456979,0.0268768246645869,0.0533980505315554,-0.0474579724853021,-0.1861880820459184,0.0484760440417562,0.1252644670206446,-0.0228213699783098,-0.0338712170170969
2000-10-01,-0.0095591821571933,0.1047536537023567,-0.015888374861953,-0.0265675015641978,0.0340906980524977,-0.0685671984321798,0.0701753624030008,0.0457169020083769,0.0090228877850353,0.0114796710905313
2000-11-01,-0.0719452854421095,0.0151390274658758,-0.0617279699694833,-0.0524023486643112,-0.0264736939407108,-0.1789359317782417,0.0204914961207476,-0.0138061816699408,-0.0910044881852901,-0.0315254146947654
2000-12-01,-0.0227741713344536,0.0824280947463795,0.0806495405705611,0.0609375514854386,-0.0154154138551881,-0.1620064551029076,0.0380253071446754,-0.0094657784736855,-0.0316537396599347,0.0671179965737487
2001-01-01,0.0707812360555186,-0.0019052953919136,-0.0464629786703242,0.0278366908590979,0.036860698697263,0.2637293366221613,-0.0524164957359228,-0.0302101643798291,0.1327201588094566,0.1167713901367346
2001-02-01,-0.0966438318779657,0.0085884047968023,0.0119800502804809,-0.0675265680632939,-0.0542638325669577,-0.227468020975607,-0.0119806914495596,-0.0025238382246783,-0.0354612104346357,-0.0851739425650037
2001-03-01,-0.0809989800356484,-0.0457515184083533,-0.0585242715007562,-0.0266297513958359,-0.0957918844141982,-0.1597220884741768,-0.0730817230748029,-0.0002401150670743,-0.0723101359619386,0.0020364058216881
2001-04-01,0.1125216441361713,0.1130475258166523,0.1168276549259157,0.0401348292114427,0.132575680529245,0.2190078969571935,0.0446894811400186,0.0547942441808904,0.1041900252828478,0.0574713638598762
2001-05-01,-0.0025181781129094,0.0353465594447977,-0.0074299100227166,0.0335381142303552,0.0294313204005005,-0.0474574359046343,0.0168767513637233,-0.0108726499177989,0.0191453766466875,0.0090580931421289
2001-06-01,-0.0177308052557731,-0.0324566157036171,-0.0894557865858443,0.0068324610323979,-0.0453698889939516,0.0017789198183457,-0.0370866964895958,-0.0392870508425843,-0.0012638067574317,0.0054032583246381
2001-07-01,-0.0162725152289154,-0.0174967619555799,-0.0125537241557213,-0.01739173587122,-0.0109140277410303,-0.0436942872729994,0.0072375335181853,-0.0003199816559972,-0.0278899508145551,0.0332859508957184
2001-08-01,-0.0711656272149965,0.0004562947961339,-0.0331213394064807,-0.0739820664450731,-0.048620472041345,-0.1634471658967577,0.0059881588579782,-0.0368239691250841,-0.0539234331153325,-0.0817455301952161
2001-09-01,-0.0772240426417186,-0.1156894853744363,-0.1140760449502009,-0.0550645801799138,-0.146119445434071,-0.1563052839448103,0.0059657727510604,-0.0113892677375015,-0.1571252703217085,-0.1316866494742575
2001-10-01,0.0406637995883898,0.0462096213963181,0.0710920227351161,0.0048759268352138,0.0481674585572355,0.1626314261815449,0.0083094616140841,-0.052864085203222,0.0385955116861076,0.0732030499180125
2001-11-01,0.0447885629191764,0.0759309839780699,-0.0575727620351662,0.0331577637818329,0.0683200087857207,0.0950654109661957,0.0200164196584027,-0.0189617240065164,0.101461583978732,0.0962232076487323
2001-12-01,0.0225578177100831,0.0016391354758302,0.0353778601162242,0.0326633852081033,0.0544354938810736,0.0169494910408156,-0.0227273164893573,0.04486566554731,0.0321508410131645,0.0642610149761417
2002-01-01,-0.024928700804832,0.0111206682368658,-0.0230191624194441,-0.0224598124245899,-0.0703976276751259,-0.0528458693230448,-0.0023699451655483,-0.0474853591625588,-0.0176593889588556,0.0191706489989587
2002-02-01,0.0096756225467131,0.0733276919097181,0.0432600816959793,0.0085672844565802,0.0570868101943282,-0.0690985290081144,0.0396032254211193,0.0173559054176557,0.0677907510423001,0.0253081416304645
2002-03-01,0.0101831236067488,0.0102179036548915,0.0806401027259033,0.0498156262778348,0.0032922460532198,0.0101427271899121,-0.0047514202312198,0.0205350279663205,0.0288698861883824,-0.0154392138825512
2002-04-01,-0.0470451849344666,-0.0407124599434801,-0.0367832028761687,-0.0169741221576978,-0.0657362063478348,-0.1378368919058443,-0.0214963361412594,-0.0419506899630943,0.0211461963204682,-0.0040709471320143
2002-05-01,-0.0440559524205929,0.0318294574625914,-0.054246483493717,-0.0292789771301795,-0.036556127395651,-0.0619371634550296,-0.0474701204170266,-0.0400446908497069,-0.0210420059032175,-0.0367845135172224
2002-06-01,-0.067073408558376,-0.0074767925314099,-0.0148531758170777,-0.0437219471628713,-0.0462421635932237,-0.1450334071033261,-0.0717270868235752,-0.065122105693358,-0.0949622548989701,-0.056279330191957
2002-07-01,-0.0850245439359108,-0.1136660688210469,-0.1815026926715995,-0.0869214518887534,-0.0566038475393169,-0.0963702230891871,-0.0609698938007787,-0.1418946047179121,-0.0147057475954477,-0.1197446342036218
2002-08-01,-0.0056318979904953,-0.0283892871094749,0.0357814537548659,-0.0066721982796622,-0.0281817313095814,-0.0138784367356644,-0.0047396106425493,0.0260051891823931,-0.0045921988848219,0.0247333131172353
2002-09-01,-0.0246463074232693,-0.0477419116868045,-0.0023231514156267,-0.0297338272594127,-0.04363181884003,-0.0762963594105757,-0.0232435354985296,-0.0817226216711527,0.0092782101296855,-0.0291648243435812
2002-10-01,0.0530802390875164,0.0164976382299304,0.013284284624317,0.0617163802576186,0.0186548076127881,0.2189252309867957,0.0215900838441605,-0.0337372227505066,0.0366827101562172,0.0540770533578518
2002-11-01,0.0427606199447498,0.0764396895263177,0.017631452537868,0.022728278713761,0.045300998854975,0.1282896706158858,-0.0475506698398275,0.0087287618838851,0.0114269690634287,0.0382736501794997
2002-12-01,-0.0277538736471467,-0.0022187121814777,0.0181085376839917,-0.0197950473134506,-0.0209115692865693,-0.0879235897939976,0.0301786448739573,0.07266167879942,-0.0024756265709877,-0.0574586842865658
2003-01-01,-0.0531459969473768,-0.0717092752816073,-0.0377194392394064,-0.0451755665815036,-0.0696016513697891,-0.0653847549144089,-0.048720252803365,-0.0428566564222665,-0.0337372259268768,-0.0650537543996279
2003-02-01,-0.024817181309953,-0.0328043269107475,0.0250684524617559,-0.0436384451053999,-0.0279902147346887,-0.0212617375971158,-0.0419036653307342,-0.050106814706689,-0.0231499097183105,-0.0231939240809526
2003-03-01,0.027314740349086,0.0210188932516868,0.0164328897830365,0.0281375197738158,0.0290489740585488,0.0140154977051421,0.0049617564720079,0.0509556825640296,0.0552920397780984,0.0517449792695037
2003-04-01,0.0681075884693986,0.0710435349047924,-0.0219874475897161,0.0961987715222016,0.0766081916977212,0.0891499874827943,0.0318744219539188,0.0642198688893698,0.0217788867123267,0.0939129339767845
2003-05-01,0.0593038380283772,0.0482416655703588,0.1065651895684729,0.0607878620740314,0.0531317683344401,0.0697966215690515,0.0481673303548588,0.125761397507045,0.0097538878062009,0.0727344175362567
2003-06-01,0.0157774979691693,-0.0030618281102309,-0.0188737666682214,0.0070770846458634,0.0130266837109134,0.0266902862641387,0.0200892227702365,-0.0019193717929795,0.058125007486139,0.002873942415509
2003-07-01,-0.0002032042871074,0.0701156919170287,-0.0370365269534773,0.0112724224579161,0.0227270462707593,0.0115540115745558,-0.0196750001686588,-0.064633749303452,-0.0352656545655224,0.0196078159597852
2003-08-01,0.0435487311425948,0.050609561075041,0.0734656213056463,0.0258758316171801,0.0623092746877222,0.0759565119625733,0.0386349960597771,0.0433095326479175,-0.0073820178989569,0.0667633892138801
2003-09-01,-0.003191570951681,-0.0401354137084111,-0.0127667731810524,0.0162155016167291,-0.0223816901616468,-0.0084924859772769,0.0029356990441444,0.032039161557462,0.0054492454935943,-0.0347938182647029
2003-10-01,0.0383029164812529,0.0792791851817791,-0.0110654076368885,0.0541266702355709,0.0463154929694149,0.0749465807774045,0.035766089334255,0.0104887130415443,-0.0137760126313232,0.0698658735278385
2003-11-01,0.0151905489406798,0.0509184586489259,0.0244507429441482,-0.0029129393177868,0.0297784940679968,0.000995767970257,0.0009334797114979,0.0,0.0408306563466309,0.0108837208843148
2003-12-01,0.0386203508168334,0.0610033457658913,0.1190807859640092,0.0320500175661417,0.0500736277107498,0.0261036007999564,0.0075136388549787,0.0599016668855243,0.0435402278700736,0.0213781276469964
2004-01-01,0.0246332426455622,-0.0440509255603956,0.0286852371190651,0.0402281010671683,0.0089752407189711,0.0375976902284247,0.0162640072577575,0.0171895334377476,0.0383852852974613,0.0
2004-02-01,0.0192161211213981,0.0744388646392197,0.0667137481907425,0.0297737167628977,-0.0003707573813429,-0.0136473321618773,0.0644720940679872,0.0299963417428832,0.0006374211740534,0.0310698733310619
2004-03-01,-0.0170553261356041,-0.0318256883122479,-0.0362934537595117,-0.0081624641930864,-0.0117787420855204,-0.0281485186922502,-0.0174993395823165,0.0085808458795462,-0.0377319502850592,-0.0079908013281784
2004-04-01,-0.0143261405020355,-0.0501527040774752,0.0527584413170816,-0.0471220902772742,0.0052710564335787,-0.0427100986039219,0.0232558814605425,-0.0389503673896665,0.0371599039370147,-0.010661752018252
2004-05-01,0.0049934196897505,0.022400357300623,-0.0121195045550086,0.0063584076570453,0.0131084377333088,0.0261542603590929,-0.0115779556722565,0.0038396070870523,-0.0108768319578096,0.0003167750208368
2004-06-01,0.0056987492741291,0.0337728950320266,0.0492552546453175,0.0012447848323215,0.04579486967874,0.0154919869545557,-0.0045294565714036,0.0066116246232179,-0.0228352873291313,-0.0024906548294506
2004-07-01,-0.0165579035825105,0.0011409363505991,0.0282360026262067,-0.0084567318624169,-0.008500732349564,-0.0408461635246764,-0.0301834420329158,0.0349228364984488,-0.0411550323566854,-0.0263994222966139
2004-08-01,0.0022505373491226,0.0148114635720659,0.0030854622126128,0.0223884927994801,-0.0035728337777038,-0.03950798282361,0.0076675735839721,0.0296298162747523,0.0214603086272002,-0.0045734592335512
2004-09-01,0.0251807324462574,0.0415475801119638,0.0941639211565679,0.0113586796005651,0.0355232829737319,0.0470088238101973,-0.0164478924747932,0.0176257131340777,-0.0123040861189931,0.0382782545241005
2004-10-01,-0.0012320293833688,-0.0137183757081795,-0.0141125650486915,-0.0082934999723393,-0.0006947291503175,0.0265307056818873,-0.0059414633392792,0.0487134604151846,-0.0402618104282419,0.0316558504576796
2004-11-01,0.0535048335992864,0.0900438774608265,0.0480960791281652,0.0480838996849419,0.0771898785368061,0.0641151131779169,0.0409196233323445,0.0271905205919551,0.0462542153675076,0.0540045365112071
2004-12-01,0.0137412349024872,-0.0059491889333312,-0.041052049520568,0.0175852758688512,-0.0007993972513408,-0.0030178932397654,0.023644436469324,0.0217932215569052,0.0257553774387988,0.0238477224905746
2005-01-01,-0.0115549487871358,-0.0125721503520634,0.0917668412478425,-0.0075605004034453,-0.0165585217377437,-0.0425227237635196,0.012131492825524,0.0399559693201101,-0.0103885138510489,-0.0356534366572309
2005-02-01,0.0195108201115608,0.071231456948233,0.1259490874235445,-0.0076182150659377,0.0118855109658044,0.0074848321018801,0.0064215509721232,0.0174644219383495,0.0284459348081718,0.0050282710131208
2005-03-01,-0.0275406024455909,-0.0307299473679638,0.0250298144094422,-0.0604455650986138,-0.0131951303061612,-0.0396233765818653,-0.0261704954210773,0.0117406855281787,-0.0220296306926084,-0.0304009112402063
2005-04-01,-0.0087712756678213,-0.0608576044222851,-0.0603234326316231,0.0182141827879691,-0.0218976389224606,-0.0278492337447622,0.0065792403640936,0.0300855545367599,0.0483106489294165,-0.0513678221662524
2005-05-01,0.0352230282876075,0.0003537239572592,0.0288279871860879,0.0350759951506134,0.0298510513738399,0.0811665018185523,0.0226575931922849,0.0096247625264522,0.0109576346460453,0.0608781713554229
2005-06-01,-0.0040459191945203,-0.03529819907299,0.0732757592884629,0.0055957227683953,-0.0265673221574022,-0.0201174737212607,-0.0225802671828763,0.0555617356441002,-0.0091036110066142,-0.0061009831513503
2005-07-01,0.0344681718424535,0.0508854625787831,0.0585383849217935,0.0145764041795872,0.0339215780881845,0.0545819962917584,0.0232146303826314,0.0,0.0290414815619399,0.0544733338604197
2005-08-01,-0.0093812685032608,-0.034386112020141,0.0802499840281993,-0.0140320944160067,-0.0269030929209623,-0.0123458157866295,-0.0136986852176642,0.0357932067697508,-0.0081533730923741,-0.042712873212346
2005-09-01,0.0051587028394981,0.0007497041624497,0.0331606469291083,0.0037798693864372,0.0147774874988486,0.0033655187490766,0.0141572368730877,0.0377752590956637,-0.0049036322227304,-0.0214729722175223
2005-10-01,-0.0172106125122829,0.009492276334053,-0.0823836102541439,0.0292014913131046,-0.0113409287713196,-0.023479074982734,-0.0090324099146646,-0.0927018055805586,-0.0344172312110707,-0.0169752260982426
2005-11-01,0.0514566383610841,0.0940325605821892,0.0407164576667289,0.0570768325839867,0.0732118355577555,0.0814529327173538,0.0217018802836337,0.0223807046189743,0.0254125697074873,0.0511768349692691
2005-12-01,0.0053802229718995,0.0302132165163937,0.0336056694486166,0.0115460221523548,0.000316374119289,-0.0264974721731833,0.0007678427957391,0.0242776947249596,0.0368716416156451,-0.0093038179383888
2006-01-01,0.0133386572230533,0.0294307049276449,0.0681212040853631,-0.0083849943720626,0.0047426973600921,0.0197089913119405,-0.0021330158069166,0.0074998229975109,0.0068514144850333,0.0103032897852963
2006-02-01,0.0076331887848701,-0.0091111280874057,-0.0543613026754584,0.0272472153238021,0.0305223406246788,0.0161070527149806,0.0098332987398559,0.0074442289950096,0.0061860842818184,0.0113976636894763
2006-03-01,0.0067701797275181,0.0434543186674274,0.0306609078904656,-0.0007671204268708,0.0396163483434586,0.0086046910968482,0.007808880633209,-0.0424323912336412,-0.0143019656112831,-0.0051332855508039
2006-04-01,0.0051643687407167,0.0296181085925544,0.0617915178821502,0.0254602539164965,0.0206369298363755,-0.0269414674726122,0.0059123788432466,0.0051834155026353,-0.0387981283722584,0.0107337112135863
2006-05-01,-0.0128060797841201,-0.0361802715728694,-0.0409778140926664,-0.0110678613837146,-0.009532346274502,-0.0410713428439529,0.0079764222619891,0.0360935371891477,0.0016271602134192,0.0041296395060503
2006-06-01,-0.0028370112563029,0.0061075266803665,0.0336126330806687,-0.0045047780995967,-0.0079703182306223,-0.0144367540588263,0.0187524927108551,0.0240544719974618,-0.0116729264439117,-0.015527281281932
2006-07-01,-0.0045381609960816,-0.0563425388123212,0.0237098917201126,0.0079460965222928,-0.0660179200651567,-0.0468747112957214,0.0049321246020035,0.0493112109257543,0.0524756417688956,-0.0436604347152579
2006-08-01,0.0330138029860531,0.0502442063863761,-0.0378066511877563,0.0163738971962636,0.0249290490953359,0.0901636254256266,0.0494884773579775,0.0157613438697294,0.033866330511139,0.037836289211965
2006-09-01,0.0170847086245224,-0.0094451273233607,-0.0615751810187528,0.0363008907642203,0.0339199780866346,0.0284017530827926,-0.0126150743841957,-0.0081521928094537,0.0043279285678186,0.0574680922123687
2006-10-01,0.0284042349853426,0.0498422803220148,0.0439060586419493,0.0193975024484438,0.0200359161258079,0.0425832251451037,0.0166600972606045,0.0516938658843071,0.0018181247632942,0.0539533114992976
2006-11-01,0.0245504276616117,0.0432691151462132,0.1007980509269603,0.0073847046905457,0.0237464353433973,0.024154273584708,-0.0039016873334969,0.0197169150387179,0.005142538760505,0.0192316153143967
2006-12-01,0.0138185170627032,0.0077352835167947,-0.0653968370544728,0.0488909584740586,0.0170336823771488,0.0061622434697532,0.0349936608151193,0.0118356294114441,0.0116669899859231,0.0273100918870401
2007-01-01,0.0229185842784496,0.0600980941245761,0.0303990058877481,0.0108341264542262,0.0232754411053919,0.0128591386376637,0.0174968599109572,0.0021723046956034,0.0388055200360062,0.0280364623690461
2007-02-01,-0.0283519651505785,0.0100849697260052,-0.0271010062005735,-0.0377812608666411,-0.021359733297786,-0.0236986802665243,-0.0168221597178684,0.0474256598576274,-0.0356322445789417,-0.0388884749188489
2007-03-01,0.0157558795025571,0.0277610143459414,0.0766870948365745,-0.0128483602564904,0.0115385907172549,0.0160381033653138,0.021009651404535,0.0574240913293186,0.0118145169439789,0.0044480066695871
2007-04-01,0.0457933651002107,0.0110409868572365,0.0456709172099085,0.0504248691954742,0.0511088194981235,0.0469283099252544,0.0213330011183012,0.0329643375520654,0.06976046310182,0.0230604833931094
2007-05-01,0.0363889883167114,0.0782627741116048,0.0827969536036077,0.0253508167139153,0.049425286852029,0.0452320599734188,0.0223520678901241,-0.0090502597919497,0.0160261926847029,0.0330433153258684
2007-06-01,-0.010615970081713,-0.0032455363807963,0.0216753344246469,-0.0349952070743155,0.0035973646732629,0.0073345778884048,-0.016558882911732,-0.0284136690062144,-0.0290599720760774,-0.0178564972100236
2007-07-01,-0.0353119686816472,-0.0364517103403526,-0.0197978809920551,-0.088243387108624,0.0096637945129725,-0.0007742424367221,-0.0220019643675304,-0.0321298180725206,-0.0464654760871932,-0.0629743725971787
2007-08-01,0.0180975663018061,0.001260665126634,0.0331299169121859,0.0222426944880984,-0.0025189729230352,0.0248057564590329,0.0194978460747121,0.0126098586522864,0.0248078183825788,0.0062071987372587
2007-09-01,0.0399244958442124,0.0855578831515628,0.0731399492847031,0.0358341423621744,0.0560698363268823,0.0330744165126155,0.0318279606747671,0.0323909928316363,0.0378996795223027,0.0027755930970401
2007-10-01,-0.0211919927502552,-0.0130532897898381,-0.0216822294594684,-0.0849297965483911,-0.0420571884546268,0.0304475004597746,-0.0017918934399736,0.0307387049889524,-0.0105873983375284,-0.0426161456487261
2007-11-01,-0.0221811602729388,-0.0212566011405231,-0.0094023376573589,-0.0390628228131968,-0.0215758091337288,-0.0708435533456416,0.0441650547318339,0.0377590285051798,0.020557368593409,-0.0349941987106774
2007-12-01,-0.0134130550882098,0.0060996462590161,0.0807409848027971,-0.0693210779611023,-0.0078382871325655,0.0053804894887297,-0.01871904080187,-0.0171328573295751,-0.0323560114843899,-0.0591771072078204
2008-01-01,-0.0369145423554335,-0.0092009938218583,-0.1025154765890047,0.0465447983752553,-0.0171384407710539,-0.0945633110797736,-0.0324062275698036,-0.0439534636078282,-0.0309100521880995,0.0208074905299069
2008-02-01,-0.0435591517684708,0.0153958182198914,0.0791872293586017,-0.141509808380937,-0.0282694496736288,-0.0638475204504489,-0.0025477602959345,-0.0511925838383888,-0.0316010112544465,-0.0492850179243031
2008-03-01,0.0283618199010828,0.0007081064975986,-0.0173085520908206,0.0531665643796537,0.0445866557692971,0.0413835494418675,0.0347000628050866,0.0267367158830844,-0.029833111332496,0.0285532085143682
2008-04-01,0.0330138356154101,0.0135105464883968,0.0597750895553246,0.0338094512356772,0.0130717169923315,0.0759220251855856,-0.001772722492826,0.0367422162718138,0.0116830165392469,0.0361373635183979
2008-05-01,-0.0157310952469629,0.0514164329117832,0.0819158987141459,-0.113735550951768,-0.0061937844211031,0.0076614992531252,0.0031969363625365,0.0163567124219561,-0.0106117587504327,-0.0381842888093021
2008-06-01,-0.0711149968659938,-0.0684262087713643,0.0297611902919452,-0.1594892459642296,-0.1132379595589199,-0.0870383505236364,-0.0497136884473464,0.0049562510210336,-0.0308293642428336,-0.117787933606651
2008-07-01,-0.017292487689774,-0.0319824837283541,-0.162746317665572,0.0644685772576971,0.0076494365396089,-0.0285712218310099,0.02357778351428,-0.0958196833381355,0.0369523260746147,0.0046231479427691
2008-08-01,0.0145054626220586,-0.0226982695570988,-0.0516192328065625,0.004160949513261,0.0286131202120367,0.023529674661203,0.0402197558569989,0.0056769543844541,0.0264899528367492,0.1008844457712017
2008-09-01,-0.0879622347455527,-0.1472407403434146,-0.1146600564192901,-0.0392194355584725,-0.1418014930106701,-0.1274330919772873,-0.0161945100160606,-0.1026143463265808,-0.0664317844646837,-0.0997318257925629
2008-10-01,-0.1632769796171844,-0.2146118775254359,-0.1999680926621977,-0.2443154498528523,-0.1769200004465457,-0.1535335376673577,-0.1190648409942797,-0.1172563767735611,-0.1140493824337947,-0.2000004768846353
2008-11-01,-0.1544642116769062,-0.1786819759432388,-0.0979720161830788,-0.3245842964422764,-0.143030866306573,-0.1501498760173883,-0.0714580722179853,-0.0373157429851236,-0.1179110140899455,-0.1621861660794311
2008-12-01,0.1413300497222289,0.1258518616211856,0.1219708440902231,0.2179168340361579,0.1558663482340392,0.1360814447281739,0.073735833493542,0.0698937697280701,0.1529212535606114,0.220434030145701
2009-01-01,-0.1116606484819957,-0.1192193227355915,-0.079361708955578,-0.2701420641993565,-0.1705111454202977,-0.0675423232734275,-0.0929369136782735,-0.0191856138321702,-0.025470589578672,-0.1567325713573037
2009-02-01,-0.1450713884764565,-0.129094138580903,-0.1743558136634333,-0.2294373417530123,-0.2065539245693728,-0.0757881508668461,-0.0906192369355408,-0.1575152575906387,-0.1670451677535011,-0.1167538515621214
2009-03-01,0.156376476911642,0.2609443426687676,0.1433069285580999,0.2852350676869979,0.1903446666822428,0.1713330974242841,0.0809763772364684,0.0563478233356251,0.1073240779965756,0.1925204929776101
2009-04-01,0.0842582948568908,0.1354810778589734,0.0899445618993874,0.1754966318677515,0.1677283594242542,0.0884182863771119,0.029357183451238,0.0343081275779817,-0.0024788179630866,0.1584212703317986
2009-05-01,0.0782798514533502,0.0882246014060585,0.1337289102697008,0.1605631563986163,0.0695459022198548,0.0383294744009048,0.0674515945122864,0.0414628456734744,0.0770503477375674,0.0452977395902314
2009-06-01,-0.0202431354264651,-0.0715163081772201,-0.0978776288996801,-0.0338780770237637,-0.0566378874126082,0.0122737625648727,-0.0008920728925354,0.0340969224676117,0.0197138296838081,-0.0371759777293371
2009-07-01,0.0878369061853596,0.1658932548669185,0.0796426129251628,0.1228956731996324,0.1065759239403716,0.0918536723216338,0.0500431255223083,0.0346899995633469,0.0629262599562654,0.1102022396273374
2009-08-01,-0.0023896107710119,-0.0404642137103996,-0.0315869874877583,0.0427287435933083,0.0081970535760929,-0.0180275314422477,0.0016290160863305,-0.0078685369716481,0.0042799339711454,-0.0038774104776743
2009-09-01,0.0325397130422979,0.0319205154860289,0.0435973998623828,0.0297815646102719,0.0494358872401325,0.0364661955793688,0.0333520936291706,0.0044003352349373,0.0079636320169924,0.0493307683301007
2009-10-01,0.0131104943946092,-0.0043729144134145,0.0643183390858566,-0.0077031063846372,-0.003894419088687,0.0237038189167679,0.0336902877644671,-0.0169961844899777,-0.0024771387096562,0.0078152769726986
2009-11-01,0.0669097657388213,0.1192568714778685,0.0354311738229646,0.0352857911886408,0.0930417346111489,0.0660880069127529,0.0410277081715939,0.0698659424836567,0.1074855264409759,0.0734861167283935
2009-12-01,0.0237210169622539,0.0325413547211468,0.0270989901762401,0.0050801760277539,0.0194562724522804,0.0567219545167805,-0.0083763308220744,0.0372364126967164,0.0180841050061693,0.0376315839837311
2010-01-01,-0.0376779981099897,-0.0787770901629293,-0.0426795331682258,-0.0183798495904804,-0.0187148676095428,-0.0889556781712045,-0.0101238513347694,-0.0437583642426623,-0.0047455004099623,-0.0239999382624348
2010-02-01,0.0259495528450863,0.0204212289650462,0.0063939679950388,0.0208046529558081,0.0514573568020586,0.0363208444963374,0.0310605599821585,-0.0053832438873211,0.0076291625733799,0.0587431946752619
2010-03-01,0.0571554604056963,0.0814530151026691,0.0367982394271948,0.0948814257838446,0.07966219249647,0.052954979197382,0.0370721531378641,0.0263084691813437,0.022654590006401,0.0688093483411367
2010-04-01,0.021646361559622,-0.0156474731000338,0.0350185621973859,0.024253785642516,0.0566156104278148,0.0281871547841874,-0.011384330274594,0.0252742780879347,-0.0396161274278664,0.0740853601017932
2010-05-01,-0.1065224809142596,-0.12393278575938,-0.1660336392612055,-0.1275047962431702,-0.1288374945525283,-0.0961619295739171,-0.0539759259683918,-0.0888739756090006,-0.0799230709795919,-0.1024775311770714
2010-06-01,-0.0398130850950547,-0.0478942566200796,-0.0159179711901449,-0.0460157608534478,-0.0502927319513623,-0.0484422890244368,-0.021174297803118,0.0119865639854577,-0.0156873396006576,-0.075763029535416
2010-07-01,0.0973141763782283,0.1651900102687891,0.1256573114617114,0.1023394939698891,0.1294332952868893,0.1013780297310036,0.0681020017148197,0.1020259906409848,0.0411302333468364,0.0932923591869896
2010-08-01,-0.0381340211027619,-0.0273809173575173,-0.0468418215939271,-0.0663131518484925,-0.0511492993664151,-0.0518318923308589,-0.0124582491677234,0.0154839315032455,-0.012367150447636,-0.0274055566598351
2010-09-01,0.0623599786037532,0.0599277390949046,0.0745847850029035,0.0321433341211843,0.0736797238413415,0.0892199451427278,0.0437541353094599,0.012504538015664,0.0659757626439108,0.0745281613374773
2010-10-01,0.0342026606614411,0.0472748965371145,0.0440062130972223,0.0041381846575918,0.0277870308862653,0.0581846878749601,0.025778488851154,-0.0044371509842376,0.0223022555282372,0.0520180227249857
2010-11-01,0.0209230726674927,0.0393907763939513,0.088686516595249,0.0130491343813503,0.0394652503340966,0.0036929278060644,0.0045377859440072,-0.0092327504311909,-0.0102661310460973,0.0491618690938049
2010-12-01,0.055434975383334,0.0798015158919451,0.0696276421472168,0.1090917155127197,0.0552896000096869,0.0450367098572614,0.0287114567999038,0.0240036859946153,0.0358151341990347,0.0312360429005866
2011-01-01,0.029043566014284,0.01936924876626,0.0811520765111162,0.0269939114371307,0.0464122463460106,0.0376910798782643,-0.0088586183151996,0.0174658701943515,0.0144700991330084,-0.0060769526626898
2011-02-01,0.0014533013243995,-0.0248287497564224,0.036722952526534,-0.0149340073038988,-0.0144215856520745,-0.014377471921786,0.0137502215179925,-0.007802732186856,0.0049610171655563,0.0276452952288384
2011-03-01,0.0213734166601857,0.0470941796362891,0.0413819408971909,0.005048995939155,0.0531977432276107,0.0018384410520135,0.0254711969359262,0.0203437705698465,0.0315221637559999,0.0199606841449981
2011-04-01,0.0230567950549243,0.0102070424818696,-0.0072509984329346,-0.0133089690228862,0.0173779438862853,0.0242213736843668,0.0495506826001668,0.0326895512228326,0.0697117604707895,0.0353690460589226
2011-05-01,-0.031933531076177,-0.0510106670829662,-0.0521345270739561,-0.0613120988269471,-0.0579714179803035,-0.0274021141017366,0.0133083224019769,0.0105520297583832,0.0002806983073337,-0.0287541457918828
2011-06-01,0.0205801393156626,0.0374511769405427,0.0142218371366045,0.0245678049382389,0.0466475964634218,0.0121420742996698,-0.0090465149624953,0.021043034845666,0.0147772894464346,0.0416212020704915
2011-07-01,-0.0383807948600791,-0.0465636913539512,0.0036815413739152,-0.0563021460986175,-0.0910050623419992,-0.0126338727450567,-0.0238323413183955,-0.0180047547125041,-0.0672968270064557,-0.0385180759298028
2011-08-01,-0.0608794445561791,-0.0797257363307928,-0.1076762520705177,-0.113220127810949,-0.0751594585242019,-0.0628151276310571,0.0019534553857742,0.0120225697106632,-0.0107335328692269,-0.0590773369045121
2011-09-01,-0.0863339487153753,-0.1772305874347948,-0.1670301368134522,-0.1342642880296229,-0.1038920468380378,-0.0418794476615856,-0.0435704474297818,-0.0152934517138694,-0.0691513757865913,-0.0849915305952284
2011-10-01,0.1097971375053594,0.1752538500327993,0.1935600813466653,0.1400707967491323,0.1411968887435031,0.0962287490639677,0.0434488624132967,0.0396098586526567,0.0716148618649352,0.1282505480889653
2011-11-01,0.0243437481622827,0.0229647876344549,0.0447672317566045,-0.0093310561535631,0.042271371723721,0.0185846324635057,0.0442623701194671,0.0290152485309245,0.0306802002816455,0.0154534566170108
2011-12-01,0.0267159937781396,0.0107771255282385,0.0123542751888996,0.0538024551807481,0.0278599546482596,0.0063251046434396,0.0283658790659218,0.0178246813674318,0.0414694898659289,0.0208507413879222
2012-01-01,0.0389803967101489,0.0906189701731419,-0.0011260900849394,0.0704644446908218,0.0614673307766016,0.0577291960207257,-0.0061615362759261,-0.0152799514412641,0.0287424673398262,0.0536221844685795
2012-02-01,0.0397068875428088,-0.0045276320712558,0.0652390503464319,0.0448181543993182,0.0204860065678456,0.0666671478498581,0.0285183430320028,0.0051720604883629,0.0060860084867782,0.0504095107075421
2012-03-01,0.0343543182457979,0.0067616224349051,-0.0379648040451555,0.070430983681031,0.0127298850991797,0.0500643695879701,0.0407427484584519,0.0161754746138145,0.0429057165460899,0.0413141021673741
2012-04-01,-0.0077554643475065,-0.0160044853574433,-0.0026227968042549,-0.0207289024232042,-0.0143385791295433,-0.0183727246522046,-0.0023287066402351,0.017603229767926,-0.0023855292302854,0.0154832882574869
2012-05-01,-0.0893843855575357,-0.1027374243727183,-0.1414334945469746,-0.134701315890239,-0.0918645856576191,-0.0909090562123153,-0.0323901647783814,-0.0036269666779967,-0.0568389622707609,-0.0908299008322087
2012-06-01,0.0706717852785783,0.0664739048544498,0.075446437942696,0.097170031967311,0.0539108087116206,0.0662567157211164,0.0618456128382105,0.051985288152367,0.0795690016608066,0.0557070159231876
2012-07-01,0.0079115121607531,-0.0074055688987515,0.054066057476517,-0.0095045143362142,0.0059389873019117,0.0093455655064875,0.0137262407584493,0.0110154497788383,0.0073437562703899,-0.0125256362568321
2012-08-01,0.0250020367958208,0.0097561368401362,0.0141449776395192,0.0390677988061369,0.0115266629422468,0.0456101623124149,0.0062056252377271,-0.030294339557087,0.0132777059871413,0.0479706695931478
2012-09-01,0.0290047493732896,0.0546568026786105,0.0443853793227824,0.0372739053568009,0.0266129300439841,0.0130232095866271,0.018069647093025,0.0031027329260522,0.0421531172457747,0.0326404340338339
2012-10-01,-0.0105301937391321,-0.005146584215823,-0.0210028464995711,0.0280974632066797,0.0119895151486746,-0.0461639654828892,-0.0180251289214271,0.0080066942851388,0.0,-0.0034213709050422
2012-11-01,-0.0096613930577548,-0.0193300099773966,-0.021869001815822,-0.0248449216539536,-0.0110396743420511,-0.0085205755927235,0.0138377158456737,-0.0386200654930363,-0.0052032161209859,0.0145920111585124
2012-12-01,0.039914043835012,0.0777395717082072,0.0382339139600218,0.0812556924519574,0.0643807095068191,0.0306462784436591,0.0084032394401978,0.0245406862073718,0.018421747963536,0.0308935814072657
2013-01-01,0.0354647857463203,0.0265068694475587,0.0694522243475792,0.0438647869186379,0.0427723346895441,-0.002683850767771,0.0382682026253136,0.0314956670574624,0.0634375426854452,0.0410903110579894
2013-02-01,0.0057527146049261,-0.0250630670435886,-0.0035870175960872,0.0017036082500303,0.0106254457471555,-0.0016817786800473,0.028248358409882,0.0223556720160902,0.0122544083134323,0.0124951229267837
2013-03-01,0.0304655231305821,0.012723257504982,0.0220428878845457,0.0306747443841441,0.01293408998698,0.0172828497787727,0.045169900901119,0.0493013990162236,0.0568609742336709,0.0334462380166444
2013-04-01,0.014290331543886,0.0002577070759977,-0.0265314971228924,0.0204191661852597,-0.0082425686137562,0.0152975718739138,0.0289311896765878,0.0515251854791558,0.0164972857372516,0.0326993992051269
2013-05-01,0.038349579992891,0.0424710021234455,0.0548990349293534,0.0740938383875406,0.069176448520339,0.0422538357746766,-0.0100249093814775,-0.0794734952613154,0.0328845173460909,0.0377397083568431
2013-06-01,-0.012997699022757,-0.0403630006637292,-0.0251234397380311,-0.0136633527627497,-0.0102869684364544,-0.0287467367305696,-0.0066482090376976,-0.0057669934054536,-0.0085565585153939,0.0106781738454844
2013-07-01,0.0576346125326949,0.0572983104397926,0.0621354482538896,0.0671448107400514,0.0664038576248893,0.0429265711860435,0.0442942682238787,0.0653925108481934,0.075408746955232,0.0616307486091165
2013-08-01,-0.036739439440347,-0.0026975494998326,-0.0189826893475852,-0.0585973911536619,-0.0350534697745702,-0.0199565362989978,-0.053917903819264,-0.0687041324279478,-0.0350607767334807,-0.0364902015756407
2013-09-01,0.0351323724875722,0.0425701482174649,0.0201657029139559,0.0269935534595451,0.0585543785212649,0.0332943033286206,0.020598658429386,0.026281853312627,0.0383796591301786,0.0552482132301819
2013-10-01,0.0405691402154793,0.0350792205057894,0.0316395332222505,0.0284289657686052,0.0486082632348945,0.0414603057818439,0.0616883031853738,0.0421559783413514,0.0368925179650672,0.0399213682610322
2013-11-01,0.0245167828138666,0.0128237511458322,0.0048787369918761,0.0412220232673921,0.0249132888041754,0.0273321942334106,0.0063515370232416,-0.0304662223669875,0.0406625028840821,0.0272186702775807
2013-12-01,0.0187395463443751,0.0431536940006793,0.0133695455684961,0.0173371387304086,0.0319278106116887,0.0284691002276198,-0.0001706625290961,-0.002105591503607,0.0013938290821071,0.0229210484700723
2014-01-01,-0.0478355379966287,-0.0619413086274438,-0.0614329291562057,-0.0556577594679984,-0.056084086419504,-0.0367333260249466,-0.060541788198924,0.0374430894205586,-0.0048976540364447,-0.0804266683869979
2014-02-01,0.062065928606996,0.0920717436267419,0.0635000350803134,0.0487090475774971,0.0631169675563065,0.0548549534039459,0.0561679500986811,0.0324826782163965,0.0754647851198748,0.0823933145388986
2014-03-01,0.0221694575144471,0.0161780334172485,0.0337651010816846,0.043332190704503,0.0235853091561515,0.0272026751819773,0.0258400639836966,0.0365305544838996,0.0010786092958672,-0.0057924627899804
2014-04-01,0.0004251859447594,-0.0035757879577166,0.04397810517981,-0.016979771982072,0.0037952065238946,-0.0078843843072845,0.028146280356553,0.0539228589233182,-0.0103635018275176,-0.0233161064586668
2014-05-01,0.0242652909557818,0.0403207014460786,0.0177485093133049,0.0159094904882974,0.0260869108882146,0.0348042224409241,0.0165154797483322,-0.0152108373869193,0.0278108372133909,0.0282413535054573
2014-06-01,0.0263043246254797,0.0144676579973543,0.0570968676242966,0.0277652050707484,0.0065987486970109,0.0306834568901865,0.0021505004640809,0.0342784437940066,0.032760481730476,0.0267915974524779
2014-07-01,-0.0229908131247409,-0.0215031139295892,-0.0430315731977823,-0.0288462062520541,-0.0479869356941355,0.0012906547771081,-0.0279515903447444,-0.0549978375123128,-0.0103895081555425,-0.0266859431673898
2014-08-01,0.0421292128155201,0.0342986404251484,0.0171097637295696,0.0553554196063854,0.0467363294852249,0.0386693951253767,0.0386475767121166,0.0357400236874718,0.0470800577969057,0.0502666046340676
2014-09-01,-0.0266760402770012,-0.0340637606235068,-0.0847596667031355,-0.0198462852769947,-0.0332843539399663,-0.0208717883626611,-0.000798907882106,-0.0041609904373953,-0.0057121118600245,-0.0424933474807915
2014-10-01,0.0381788280346546,-0.0074343149800629,-0.0307533300532645,0.0454344037625598,0.0573348022622506,0.0364054358661503,0.0459514217569236,0.0812667184310125,0.0649904766361633,0.0349544580716971
2014-11-01,0.0197744293832529,0.0122760731834929,-0.069037668638234,0.0125368010634141,0.0188609821089402,0.0319332854162919,0.0445721953424946,0.0069912734105139,0.0310321727498235,0.0428782793154332
2014-12-01,0.0039070082262229,0.0063036202450064,-0.000948501350966,0.0258499676327108,0.0115223560460628,-0.0125046323454873,-0.005763765422227,0.0384645672922412,-0.0080065506706873,0.0127702420112931
2015-01-01,-0.017086368629846,-0.0108943187714639,-0.0209981891569761,-0.0545896335508623,-0.0199964100803892,-0.0232615988248506,0.0049639742011842,0.0229765187268118,0.0150080084525341,-0.0141003642952904
2015-02-01,0.0498712845737836,0.0770992997413884,0.0078344465337036,0.049187024918061,0.0476704298984307,0.077399770869154,0.031076490032345,-0.0859261494439342,0.0463682012429538,0.0886433626762461
2015-03-01,-0.0253397890942189,-0.0525756844859593,-0.0048806783783666,-0.0142714434781304,-0.0407694324898448,-0.0433020474830891,-0.0199831301901751,0.0103732884883755,-0.0126117451761766,-0.020915967205568
2015-04-01,0.0244045502028746,0.0476288469712948,0.0684631333575025,0.0103780430213684,0.0167872814689682,0.0415655462155024,0.0002048916936101,0.0,0.0126798317355596,0.0177285527506789
2015-05-01,0.0040338869703191,-0.0120975128052706,-0.0564742760974579,0.0115033321156388,-0.0047930258594177,0.0090489459145537,-0.000409492837336,0.0020235052003119,0.0352224573460449,0.0022265114663038
2015-06-01,-0.0144667691999986,-0.0345176222413128,-0.0447254370531753,0.0096755754393031,-0.0260477551094661,-0.0373070724879015,-0.0057639782466506,-0.0554445349581376,0.0027784775098733,0.0140590438608687
2015-07-01,0.0110362673949824,-0.0630913855345121,-0.0846360322227122,0.0173734462350334,-0.0068104864249205,0.0160750677848442,0.0450115580962335,0.060177120626611,0.0178214034736374,0.0336138297859409
2015-08-01,-0.0858953181201048,-0.077867499882574,-0.0563897699510155,-0.0996818078656054,-0.0746850484896232,-0.0805196431150092,-0.0801904677783917,-0.0658070939163731,-0.103097137072677,-0.085928801791912
2015-09-01,0.0070854226076262,-0.0343817018459297,-0.0361631892822273,0.004890259744954,0.0023825733981499,0.019471097894723,0.0249125047959613,0.0453631364499143,-0.0218167947631365,0.0275307467565653
2015-10-01,0.0950399109768578,0.1285603001030946,0.1353556560801883,0.0767532267183881,0.1028523106316248,0.1143720740690712,0.0633604702556169,0.0238425756246731,0.0890879275136682,0.0872880051863951
2015-11-01,0.0013787482572533,0.0107555119577156,-0.0152256782493461,0.0172059830690569,0.0018219742860454,0.007038977382658,-0.0067754798376266,-0.0146122883047097,-0.007548478004559,0.0033198010841013
2015-12-01,-0.0401733507542333,-0.0649255980571079,-0.1125118167301919,-0.052902225279078,-0.0433177732836488,-0.0421122562646916,0.0075678563607795,0.0110404339665262,-0.0177067851979166,-0.0548002774422892
2016-01-01,-0.0366626747633455,-0.0891437255139282,-0.0507460055826839,-0.0744549318765859,-0.046462858383354,-0.020818466217947,0.0216653800293127,0.0615884983036305,-0.0588150667231134,-0.0294194394981065
2016-02-01,0.0230311012284649,0.1012074163842187,0.0143255033357336,0.0078597256660837,0.06557031883011,0.0193283848954681,0.0094245733767859,0.00479840497643,0.0162232181971355,0.0248122127236798
2016-03-01,0.0498572359517495,0.0589462571283807,0.059179168419523,0.0459061851705144,0.054120099144336,0.0648486817276801,0.048349223263989,0.0893100435634763,0.0169386131459088,0.043802088535251
2016-04-01,0.005074639438056,0.0448716142230913,0.1043238224773994,0.0361233737772095,0.0129197175945208,-0.0505594974993484,-0.0134278005359932,-0.0200759096140971,0.0239247546045238,0.0110789028690261
2016-05-01,0.0110590124850649,-0.0057119817347921,-0.0080084880342109,0.0119046347783138,-0.008502964988596,0.0386430942619018,0.0056710358592069,0.0096288802021504,0.0202306058500545,-0.0139461458036168
2016-06-01,0.003527367118385,-0.0086843206541983,0.0323172601750096,-0.039428867350304,0.0094652998852604,-0.0090372076732406,0.0379747127947558,0.0736461403207362,0.0117372230000576,-0.0005058980741214
2016-07-01,0.03344120345102,0.0444345279139373,-0.0501454080495531,0.0373790424864426,0.0316788040276838,0.0706234589473229,-0.0023686353111083,-0.0062882814974333,0.0487805615500378,0.0365158628215596
2016-08-01,0.0020745423386967,0.007022005016233,0.048342344844942,0.0368797140924348,0.011557247652141,0.012892121727053,-0.0065740885046372,-0.0607863390907545,-0.0410944509653372,-0.0125991146167495
2016-09-01,-0.002392405888813,-0.0169027461943039,0.039181290720927,-0.0285948620520523,0.0018645483950727,0.0147870331270658,-0.0221060856339015,-0.0054741347186878,-0.0033211679683047,-0.0052657860472098
2016-10-01,-0.0221059423226648,-0.0253721789220288,-0.0273525236603637,0.0234252446510179,-0.029265766296821,-0.0132247200033176,-0.0056743317986407,0.0047619508706018,-0.0700903893874268,-0.0305036335233638
2016-11-01,0.0405670624468359,0.0748707898800205,0.0871338993162538,0.1648019176209085,0.1075459417431194,-0.0104229595364226,-0.0441315734029222,-0.0443024602573292,0.0186570442119067,0.0559638816190359
2016-12-01,0.0318693192069043,0.0072086131023423,0.0263061860932189,0.0312990985502479,0.002440156294023,0.0534247292040854,0.0405391923329168,0.054744118728603,0.0277856612504123,0.0057977423651014
2017-01-01,0.0105665733364301,0.0446089982415278,-0.050019850676097,-0.0072309179914653,0.0108642355053669,0.0342281835441962,0.0053947617315117,-0.0024768443371658,0.0184702095597106,0.0340741919862526
2017-02-01,0.0534223704888074,0.020107111266691,0.0062189460208892,0.0814056680885206,0.0584793647238013,0.0521206897538417,0.0609431990293369,0.0616597236235112,0.0648112966704612,0.0315341827907607
2017-03-01,-0.0142889431911775,-0.0168145173050313,-0.0358662593176524,-0.0584627711482941,-0.0262032297579233,0.0070660670489639,-0.0105376159582404,0.0074031611823039,-0.0138652862912653,0.0059775145001026
2017-04-01,0.0142353263161933,0.0170468299937402,-0.0305243142122507,0.0,0.0187925800828103,0.0287269280782576,0.0088083758576047,0.0017541289579428,0.0167962231379628,0.0294519917785014
2017-05-01,0.0196080975587085,0.0116757550015407,-0.0266078801499736,-0.0059124610152212,0.027214970863657,0.0343128616257446,0.038748884603081,0.0550690967105031,0.0165191190826581,0.0191834878825976
2017-06-01,0.0001279786031278,0.015158380290565,0.0117773430071426,0.067363192141522,0.0134583087334774,-0.0372519464273509,-0.0312917975388332,-0.0383692428971351,0.0360794648161806,-0.0228147912435707
2017-07-01,0.0210973048495168,0.0073693602650266,0.0066496604034971,0.0095886578658748,-0.0061286850538773,0.0572323662587792,0.0067407765906735,0.0348029414267676,0.0041570321489226,0.0221129823352583
2017-08-01,0.0021027433031071,0.0137160773472875,-0.0454887624708004,-0.0197865034748362,0.0060194074298844,0.0231505781392544,-0.0052481015072259,0.0239161215952736,0.0190688510831653,-0.0158433687340084
2017-09-01,0.023128431953675,0.0414805038826349,0.0909335026653017,0.0572775807119578,0.0481162350176069,0.0105728383424121,-0.0136764234465442,-0.022895672718218,0.0201149645447393,0.0055434230204904
2017-10-01,0.0204898805841915,0.0325673689980028,0.0032136957950901,0.0214723673011822,0.0,0.0636929099754473,-0.0115072482064616,0.0314264828411781,-0.0151404192993511,0.0196119301586965
2017-11-01,0.0270688516365471,-0.0037107171096543,0.0145602567246163,0.0352851939117195,0.0293747231249925,0.0087359127886041,0.0550133222018935,0.0291916705744037,0.0244740560677476,0.0498809083099385
2017-12-01,0.0214920943113816,0.0443717424809289,0.0611230343027837,0.0170290121435301,0.0399989288647155,0.023167615645403,0.0137072572125658,-0.066185511974468,0.0077340839735593,0.0405856455778483
2018-01-01,0.0476617170822362,0.0114027114859716,0.0295443376697566,0.0752151632651849,0.0455858938661764,0.0582329222654758,0.0182173645240935,-0.037362999192432,0.0540604818716059,0.0640779162238023
2018-02-01,-0.0492931780038059,-0.049444486997074,-0.1187518092771652,-0.0549633107156627,-0.0557859321661031,-0.0214567073397465,-0.0743442832197347,-0.0232886427596721,-0.0604790139015062,-0.034330620683961
2018-03-01,-0.0343624384592361,-0.0526464542593327,-0.0016458459883248,-0.0462411819885163,-0.0279006828422624,-0.0444542047026202,-0.0311810045117509,0.0297443098355925,-0.0358753614025776,-0.0410898602624009
2018-04-01,0.0291684846622521,0.0226210550194199,0.1105062419181359,0.018545766858375,-0.0119571984356922,0.0378953713907783,-0.025905577019724,0.025129545297813,0.0335635892197792,0.0549629836657816
2018-05-01,0.0325308509465787,0.0370437703617689,0.041166427579208,0.0007286056898136,0.0468767273002872,0.072571390238032,-0.0069986767486351,-0.0231518201280364,0.0138653818783702,0.0260013805581427
2018-06-01,-0.0018980409501424,-0.0176254538576375,-0.0138075990501901,-0.023444438540121,-0.0422812907985785,-0.01057510768117,0.0396026506006423,0.0515455477445248,0.0080392077753381,0.0300121400136434
2018-07-01,0.0331052266652047,0.0235456602271872,0.0164396359227125,0.0460327260917663,0.0569719177626268,0.0209730406544799,0.0368923421515616,0.0022928952214755,0.062469853045848,0.0116036840409374
2018-08-01,0.0318664408832332,-0.0043977835763402,-0.0232741801904933,0.0186046460536664,0.0152870745095128,0.0524036597964514,0.011106855610877,0.024023202379017,0.0347389175723662,0.0582547678649008
2018-09-01,0.0111823481208876,-0.0012128856283725,0.0408995653979475,-0.0230822724074645,0.0315693930702327,0.0084540058085471,0.0104386210085367,-0.0143046092610009,0.0429460655081357,0.000335339435352
2018-10-01,-0.0624553875923642,-0.0755423094979795,-0.1179840820005885,-0.0465873004296059,-0.1008976265176914,-0.0737218957243759,0.0280198991791089,0.0186772459276189,-0.0606567824934293,-0.0798391692009354
2018-11-01,0.0211693305685549,0.0273616316583527,-0.0022144383457681,0.0280303636152672,0.03192178573532,-0.0095566390060816,0.0164260104533913,0.0505148933662757,0.062235629118535,0.0230634040519732
2018-12-01,-0.0990299908354752,-0.0802534456110193,-0.1265611550766475,-0.1094410715969341,-0.1122920609085466,-0.1029782257353589,-0.0953306429710855,-0.0658640444727055,-0.1029586776218667,-0.0896190998639433
2019-01-01,0.0794625551048036,0.0537610779557296,0.1096102135593128,0.0845128566087343,0.1102873899302132,0.0749759848378532,0.0542789507922758,0.0488366709487262,0.0651406387357238,0.0744788663571951
2019-02-01,0.0383619395257812,0.0274716206100469,0.0240408856986149,0.0245681315451193,0.063021666362067,0.0700462765759368,0.0191656791711736,0.0472964279527854,0.0242425060262065,0.0364770570050796
2019-03-01,0.0237824931859602,0.0289799667207317,0.0160330571525326,-0.0080754379588182,0.0080020510163469,0.0548409666645934,0.036621891149019,0.018701696395186,-0.0077222599299591,0.039538751133747
2019-04-01,0.0209211588985369,0.0014202396051226,-0.0328407642448403,0.0550494807040129,0.0120132106811121,0.0466601453537156,0.0193131395951593,0.0058853828667573,-0.0303624004538478,0.0304953666325935
2019-05-01,-0.0590795345091734,-0.0354547853023113,-0.0813397003404592,-0.0579347406861048,-0.0639997596426131,-0.1003690480833499,-0.012105000315804,0.0123904269916537,-0.0180696904556232,-0.0725067013211911
2019-06-01,0.0820484235268339,0.0899202126637661,0.0811841153105905,0.0722806097480026,0.0728833607795418,0.1264350388551045,0.0453782066111583,0.0191198649995931,0.0686620080572093,0.0968513769365446
2019-07-01,-0.0027734063202961,-0.0159457853580218,-0.0390465375151615,-0.0114570473383547,-0.0152276149430621,0.0136226276777713,0.01369385973892,0.011432368785627,-0.0197637306100428,-0.0097296931683192
2019-08-01,-0.0139059385616014,-0.0305118521614521,-0.0665795925153398,-0.0351322391918156,-0.0207050361179992,-0.0223991089857199,0.0312397014613943,0.0586769586622544,-0.013039746034394,8.40915121647079e-05
2019-09-01,0.0132564347737957,0.0155710072450323,0.0202607468316455,0.0341493092102265,0.0192903381982731,0.0186932231748702,0.009045664757475,0.0219738096654871,-0.0049884666409792,0.0083721272476071
2019-10-01,0.0439916955363792,0.0383599693477434,0.0250732807057243,0.0623858739844529,0.0587303778954326,0.0612937792896628,-0.0017957335718784,-0.0077410993143538,0.0629693824078336,0.016375433839002
2019-11-01,0.0179651618165976,0.007286888710597,-0.0065789889919278,0.0288464636091629,0.0058585942521376,0.0263373357646785,0.0161897984232672,-0.0226244041649611,0.0440602752284577,-0.0017260727959913
2019-12-01,0.0475781816312916,0.026827867388091,0.069798412582569,0.0426642111506059,0.0338667138140171,0.0781900008176574,0.0137078093399816,0.0266339802639676,0.0421043712258553,0.0484881725568564
2020-01-01,-0.0023087085061312,-0.0306427191444753,-0.1294155694230028,-0.0292793419860991,-0.0232505324041097,0.034264872296438,0.0112035476385838,0.0844695156086632,-0.0204640639149339,-0.0055158077334747
2020-02-01,-0.046371376906431,-0.0656016437199926,-0.1069399976195984,-0.073582978882938,-0.0669707751926854,-0.0321980699675781,-0.0330800292773081,-0.0485548849856256,-0.0308877834074582,-0.0507092226058505
2020-03-01,-0.1989473169688873,-0.2124887134664835,-0.4004659974291296,-0.2946054941246525,-0.2493391887110537,-0.1769399198455359,-0.1184044552046715,-0.2010724113528756,-0.1168275162018073,-0.2141336774925618
2020-06-01,0.0207376980993054,0.0170208847423629,-0.0516337869496832,-0.0250706229150325,0.012881361207536,0.0715589630359956,-0.0082605091486468,-0.0358917668374967,-0.0070873700840089,0.0313506850688758
2020-07-01,0.0588373884953916,0.0628650961161025,-0.020850340515353,0.0505669465175946,0.0532244773425005,0.0811194899869367,0.0654286012008944,0.0419048212207113,0.0573186336954496,0.0597676791993284
2020-08-01,0.0724169821924125,0.0789737858401098,-0.0207410972777545,0.0427383428674246,0.0912117294868486,0.1127708145978207,0.0498960491682953,-0.0265912147169612,0.0062842479022942,0.109355719754312
2020-09-01,-0.0403031469857601,-0.0266303418591141,-0.1666873570997736,-0.035312003011669,-0.0197417244127061,-0.0613042164031981,-0.0122799009760692,0.032881027145033,-0.0163298367225089,-0.0161064062695148
2020-10-01,-0.0202940849387699,0.0404845824354915,0.0230796125251135,0.0082954249000835,0.0152442150963474,-0.0575764446944131,-0.0187711890066992,0.0628543613790881,-0.0155060677096168,-0.0329751365079148
2020-11-01,0.1084794107934554,0.0994178985233209,0.2434345034325327,0.1645412254858227,0.1269251333646064,0.1252475048418686,0.067193617692036,-0.0073726268542119,0.069282254323584,0.1002845868934272
2020-12-01,0.0118629371642551,0.0040162905657263,0.0416377087524473,0.0327088662966335,-0.0118726276684081,0.0250908932078135,-0.0032801054131248,-0.0259715392443153,0.0249021404554015,0.008113955697018
2021-01-01,0.0201740543389932,-0.0032079202363817,0.0432035511931458,0.0085967918147156,-0.0087952481058799,0.0333074249984672,-0.0385191241472699,0.0217606331079533,0.0223109578272744,0.0426546689584859
2021-02-01,0.0354836596811036,0.0551281051187499,0.2474749520201942,0.1360381900359135,0.0849970134876514,0.0207320890068214,-0.0032735926225896,-0.0448359350597341,-0.0120378432392316,-0.00776068114222
2021-03-01,0.0316804784573299,0.0585554331266988,0.029226791965925,0.0390990965329147,0.0662222070701012,0.0064198222728819,0.06893316116512,0.0805991195106348,0.0237899623284001,0.0288552663970846
2021-04-01,0.0439083720196178,0.0602590750793441,0.0087456820683007,0.0571510228487137,0.042518735095671,0.0282696731741669,0.0319209923016543,0.0426694818617334,0.0543001045704221,0.0510567629041955
2021-05-01,0.0035146629578841,0.0498337682411409,0.0683742561416285,0.0488473904613857,0.0247620196353168,-0.0114131420332128,0.0059872457048226,-0.0292308294872435,-0.009290093747636,-0.0312237436882626
2021-06-01,0.0289947479408771,-0.0605866378721848,0.021212726401709,-0.0286112108555757,-0.0196520579837711,0.075959289898879,-0.0050571700722974,-0.0053053375400461,0.0493203805170283,0.0424109221713717
2021-07-01,0.0166345472745663,0.0029000995358676,-0.1056376929378817,-0.0121686526713675,-0.0046543400908675,0.0333985862566013,0.0207853042541674,0.0400501220166591,0.0413944674396209,0.0077412073325857
2021-08-01,0.0324733394342813,0.028795351145769,-0.0271320391515759,0.0451683646943308,0.0142232332622491,0.0395813685788986,0.0200817870275671,0.0445246162470123,0.0220659749013893,0.0148660409818652
2021-09-01,-0.035787665157505,-0.05467433391793,0.1426739552558653,0.0035404427959433,-0.0442769544521673,-0.0444515703162837,-0.0439130771732761,-0.0731034788993304,-0.0552408321244703,-0.0139919273733857
2021-10-01,0.0594140794437179,0.0615899972814222,0.0858097542386522,0.0558321591906809,0.0564629317371565,0.064128567253662,0.0339035705269761,0.0511899310212393,0.0497136179908133,0.1329643105105862
2021-11-01,-0.0207371718158754,-0.0179325792909497,-0.0761205225407751,-0.0680235845246749,-0.0516319898678095,0.0317439125865792,-0.0197594141476606,-0.0187641088502147,-0.0311239862799025,-0.0199669200617467
2021-12-01,0.0641249469130536,0.0727198916654072,0.0731514323486772,0.0580546073373882,0.0600371514981079,0.0567397920011101,0.1097720862454973,0.0840347524381033,0.0808947026586426,0.0491903969620861
2022-01-01,-0.051830679278603,-0.0411495135547244,0.193114032501243,0.001770881446246,-0.0267773491862292,-0.0748061490194785,-0.0155638862193565,-0.035839941567582,-0.0563683758047566,-0.1152584383739727
2022-02-01,-0.0507119770426569,-0.0500289095357678,0.0442365554325607,-0.0631312744334645,-0.0365219340269656,-0.0702012248638354,-0.0189725617517263,-0.0144888215116358,-0.0177837595168348,-0.0608910241660097
2022-03-01,0.0566237298096887,0.0976604395513307,0.0912764422461653,0.0342195818803243,0.0418692377794476,0.0514124027872564,0.0340808550962423,0.1286675597075839,0.0716548551831921,0.0616605320956875
2022-04-01,-0.0848715671796181,-0.0483836299385964,-0.0092136555393257,-0.0968078350293542,-0.0669407266695895,-0.093966945349072,-0.0003912215910581,-0.0658277770975652,-0.0622148602905437,-0.1078119446820974
2022-05-01,-0.0117976821342178,0.0047188349168429,0.1607073077411862,0.0110079399935292,-0.0127962202892718,-0.0246568837817672,-0.0407203613510805,0.052176328630737,0.0065648057861937,-0.0746097708571273
2022-06-01,-0.0651949367865583,-0.1237171104847297,-0.1718128684074551,-0.0816637150447857,-0.0598513714886773,-0.0877591174417682,0.0036708669223224,-0.024053605773937,-0.0007868191480744,-0.0823657932278743
2022-07-01,0.0774576809898521,0.0456019320266658,0.058142617582517,0.048619804309911,0.0867195562906271,0.1295031580892343,0.030046389161805,0.0303411748585671,0.0134175560474374,0.1687735688070699
2022-08-01,-0.0349342201558096,-0.0397419596287608,0.0223959184141606,-0.0083757087065012,-0.0279922399047484,-0.0646932249188669,-0.0251922290853189,0.018640811055576,-0.035078289000732,-0.0410046385376778
2022-09-01,-0.0713991551611166,-0.051099681085424,-0.0203820572460702,-0.0544790545026094,-0.0785677867410252,-0.0879469798663181,-0.0707080238783813,-0.0997649371908373,-0.0214283905211358,-0.0894759275247457
2022-10-01,0.0488527259711801,0.0576759227265044,0.1942436068952551,0.0926880584287395,0.1045233500557221,0.0354402289842397,0.0682085434728561,-0.0057839629495604,0.0746763886506856,-0.0001401817308928
2022-11-01,0.0594510144054529,0.1155245064940873,-0.0002200804820544,0.0595828521679746,0.0794609988015142,0.0737380970984062,0.0597160463601129,0.0645886163309119,0.0496124717882551,0.0251104415530534
2022-12-01,-0.0609046192005525,-0.0572998056352574,-0.0614279830612466,-0.0433463113507668,-0.0281105234660431,-0.0920754014159641,-0.026514853693813,-0.0041077601674307,-0.0244011251370508,-0.119111391124008
2023-01-01,0.0787249654968798,0.0980666891824049,0.0445498357255873,0.0652684093738411,0.0423692692620221,0.1289957081935393,0.0008079948733814,-0.0182978427672511,-0.0108517422898943,0.180154243159174
2023-02-01,-0.0390944773892888,-0.0321555867831112,-0.0319874170288972,-0.0262583200576129,-0.0118917667166806,-0.0261570485800132,-0.0380736031886552,-0.0762896288431372,-0.0524668227946916,-0.0515442712325888
2023-03-01,0.0450383322955554,-0.0114826819862791,0.0251182943826542,-0.0907341735215324,0.0040036951144191,0.1149854465889528,0.0553991524161281,0.0593700813790045,0.0351340376106661,0.0341810203181589
2023-04-01,0.0110962010428317,-0.0081308904524685,-0.0278354138801772,0.0270102747076115,-0.0080899036372376,0.0009949515687539,0.03195713240533,0.0278150431139605,0.0252846065231315,-0.0119460188661514
2023-05-01,0.0151861420847039,-0.0557695776458206,-0.0787690792393006,-0.0296251950056239,-0.0243685986046739,0.0995891669191204,-0.063096560314105,-0.067293867428651,-0.041350196468602,0.0478143537104716
2023-06-01,0.0559918833339898,0.099552282612271,0.0585066623803312,0.060813380564938,0.0986771295863011,0.0476251682132533,0.0367757670779982,0.0311917828105923,0.0272939866603749,0.1225923911503981
2023-07-01,0.0285945977323955,0.0259677464820331,0.0701821076794384,0.0421829303321494,0.0317682884075707,0.0297423889471257,0.0078930182403595,0.0048534440735736,0.0137493223959561,-0.0005233882274459
2023-08-01,-0.0115886989847447,-0.017810992167436,0.0421497989039012,-0.0181149961264683,-0.0176072716376793,-0.0137141645231143,-0.0424741609367913,-0.0544904921333637,0.0008992313619609,-0.0122259358077063
2023-09-01,-0.0495861737763068,-0.0708226787929013,-0.0164896023265251,-0.0476500280068455,-0.0735389205979037,-0.0576394629862494,-0.0462553506231901,-0.0957005592248934,-0.0335604160430085,-0.0487619625892711
2023-10-01,-0.0108819969444661,-0.0181911104935268,-0.0406365927327493,-0.0097293888500727,-0.0170336716067004,0.0089927162518252,-0.0080479311793688,0.0743904989229078,-0.0292470117255704,-0.0442555465937954
2023-11-01,0.0862159956287038,0.095269285015719,0.000352984668146,0.1105311144697069,0.1019457549190654,0.1100610592850439,0.046614572225283,0.0523440090856857,0.0563300592719107,0.1111185789087807
2023-12-01,0.0336882515708036,0.0316336526323097,0.0062800276379915,0.0491275811066658,0.0433821443487301,0.0122511209715669,0.0344213969201154,0.0208604085355934,0.0574325931490522,0.0372721367303405
2024-01-01,0.0350153973096978,-0.0211966575967712,-0.0158130637489331,0.0280720289011378,0.0174582561029961,0.0679149697717038,0.0215541957974805,-0.0253696957780359,0.0246434151920871,-0.0165960574538699
2024-02-01,0.0483440983137311,0.0524047282135382,0.0448440842205044,0.0378671645526882,0.0584445187720965,0.0529049773183414,0.0006717649757232,-0.0143723356505239,0.0291140333882446,0.0620514874892581
2024-03-01,0.0213169185588446,0.0573316230133322,0.1002826065799413,0.043626466020525,0.0317336221178969,-0.0074260088792786,0.024814570036957,0.0659280378207065,0.0045025483672438,-0.011363330060263
2024-04-01,-0.0417686882557564,-0.0386317769663127,-0.0323836235247815,-0.0365242513524698,-0.0301624083606302,-0.069858777351309,-0.0096370042862208,0.0346362457311411,-0.0402130764141411,-0.0438307520670225
2024-05-01,0.0548614713819675,0.0213268665272703,-0.0137998400712496,0.0252726911664731,0.0064346716870584,0.0845772576920707,0.0305252549976924,0.0648792162848335,0.0293783076646643,0.0078500267388132
2024-06-01,0.0365656901163591,-0.0398482667877825,0.0129174499497035,-0.0004076430287434,-0.0084086050881952,0.083771837723424,-0.0090017850012676,-0.0511113422141962,0.0054445830924296,0.0427752912253696
2024-07-01,-0.004272694299529,0.0554341756134431,-0.0050439325435137,0.0466018974398818,0.040892572902917,-0.0758971242743231,0.033272042982241,0.0950199116835657,0.0429862766477988,-0.0007103944159342
2024-08-01,0.0167034237619501,0.004031828756642,-0.0190653597525014,0.0528757490529909,0.0243843770344467,-0.0020413682337775,0.0575283034377123,0.0280701361268276,0.0379730034244614,0.0090765103514243
2024-09-01,0.0331185204682071,0.0480692343021844,0.0172068939374929,-0.0034472000633889,0.0575648034645359,0.049691379143165,0.00083746361986,0.0761592146503284,-0.0198760668190354,0.0835641852426134
