sasdate_t,sasdate_tp1,SPY,XLB,XLE,XLF,XLI,XLK,XLP,XLU,XLV,XLY
2002-11-01,2002-12-01,0.025612174691508068,0.02557427194035253,0.023336212617231553,0.025492785062973925,0.02768156018096998,0.03907715215993003,0.0078760286991146,-0.0323062118461305,0.027658255703412953,0.03615741617025158
2002-12-01,2003-01-01,-0.016959582854849116,-0.0011225133956676817,0.002434311009121214,0.016688789735817132,-0.020183858744874186,-0.04232022244117778,-0.018347290854205518,0.0031038361290484516,-0.018116464758754298,-0.010733169647673974
2003-01-01,2003-02-01,0.008121605456070458,0.005919586789966188,-0.016859649919457854,-0.0027191088722162303,0.0009058299686942346,0.05675160968803905,-0.009133326063446563,-0.040181942481375514,0.019828088192701432,0.021029273480801233
2003-02-01,2003-03-01,-0.004457036116821098,0.0009679170067524914,-0.003097560173433515,0.00653680718985935,-0.01909144205236906,-0.0035273595014321656,0.008025501274939877,-0.019143141771862084,-0.005757174136197667,0.0027632346646312813
2003-03-01,2003-04-01,-0.004121354958230347,0.0013047092364460652,-0.01584940393036722,-0.00040375895294720134,-0.0008045936506523663,0.0045031561221621315,-0.019577026617266482,-0.011909688955385212,0.002802376892995094,0.01819012030416405
2003-04-01,2003-05-01,-0.024135118376566244,-0.009475753125162922,-0.005707661490179657,-0.016581292173764677,-0.025706996321751274,-0.04826339577003497,-0.01523466922981763,0.004734912907449642,-0.018960709824400016,-0.017468954403826165
2003-05-01,2003-06-01,-0.02226797931470864,-0.021820183083723185,0.0005571486859113431,-0.0050754974297482994,-0.022117893023089818,-0.05684744547047989,-0.015459992553813438,-0.006455473228728469,-0.004658507989807409,-0.024496251598401825
2003-06-01,2003-07-01,-0.026210845312695727,-0.003570841421112487,-0.018090726180503152,-0.022729428097247237,-0.023281501258771577,-0.04771122427832378,-0.016405172470988397,-0.01122359578041309,-0.008390430145080882,-0.026685344841420724
2003-07-01,2003-08-01,-0.03554450248736068,-0.03309227276756384,-0.037297011121878956,-0.070373159624992,-0.03951985392327829,-0.031746466485197945,-0.03897222601743505,-0.0018418047883556935,-0.02223628603960941,-0.04453660589419353
2003-08-01,2003-09-01,-0.011714098735330648,-0.00903088813926247,-0.0005457649122440596,0.019079002263670358,-0.019010003060385913,-0.03607992130388689,-0.012649469549613828,0.00628076808230872,-0.004644619658818143,0.005946236934328351
2003-09-01,2003-10-01,0.01663499303663074,0.01753459314905976,0.006371906683357383,0.032807675345913966,0.03317297059543851,0.027453403223994012,-0.00023617012662350092,0.0006580575459996188,0.009472201766734521,0.017567077476608847
2003-10-01,2003-11-01,-0.01762442759871848,-0.009251026015166124,0.0071169718833957365,-0.005681354622692298,-0.012741361493877045,-0.04721199562030267,-0.020091875872051898,-0.006835922149108091,-0.02004820890979891,-0.018521924265011806
2003-11-01,2003-12-01,0.004663614075752547,0.029965690004994952,0.014431476647613663,0.014413127544047137,0.02625360786675716,-0.0013197943418756302,1.585620789651602e-05,-0.009963608840939464,0.002048475300609314,0.0074731191617695494
2003-12-01,2004-01-01,0.019344691840092458,0.022371410354056924,0.02133520566959239,0.02755379021021223,0.029326190943485396,0.02982673058219225,0.00961314157988825,0.012512977195046493,0.016928426647060405,0.03144443298702352
2004-01-01,2004-02-01,0.002678626797810369,-0.008476053938630315,0.015383355646172003,0.022807024059659106,0.006758374607576672,-0.01490652834507301,0.00794308708266923,0.015259258165780538,0.01618671583714712,0.011781215305142699
2004-02-01,2004-03-01,0.015075969157090287,0.007147376155132466,0.007652237711345727,0.018177078841874174,0.02085117015328929,0.03393046796695222,-0.003748672417763157,-0.003157870716110299,0.0206538654452955,0.008042987823447624
2004-03-01,2004-04-01,-0.013613316426752429,-0.008617357717564975,-0.003405144447583103,-0.008263140158839267,-0.016024965290701153,-0.018454955304209375,-0.013703409809765487,-0.005589818213194353,-0.01989119479203755,-0.027993723210041302
2004-04-01,2004-05-01,0.0029453752428949334,-0.005391260063642879,0.009257087265008321,0.011122986332030415,0.0014875933793203214,-0.0018016847135433958,0.007501917843133284,0.00928755198306074,-0.0003430576726011665,0.0008713497259030777
2004-05-01,2004-06-01,-0.00647539699713893,0.01128261101921857,0.014448437860327632,-0.01278759613120829,0.00521486843032084,-0.013984771153013439,0.0034377538180292468,-0.0012571129477296221,-0.006269894148504138,-0.015443561031604658
2004-06-01,2004-07-01,0.00949617488141944,0.008535769027622054,0.02866992650261138,0.025967428689328317,-0.0003373855845780647,0.0076250150258703525,0.013035960859017787,0.012594142905921675,0.0013638438737376753,0.02356749848973872
2004-07-01,2004-08-01,0.012374137693979149,0.008337388773973612,0.01711607183233253,0.009786674836504914,0.023828816460764037,0.006011792487520354,0.01680490778522222,0.03726607923420478,0.02733207424341279,0.0015553316081398125
2004-08-01,2004-09-01,-0.012874182078579556,-0.022091310960468707,-0.011592163586649856,-0.009496953114415957,-0.00823427468563024,-0.017059277768784097,-0.006429478786944179,-0.04630802742292434,-0.010647771506473749,-0.023384949405869784
2004-09-01,2004-10-01,-0.014592714738833877,-0.015184664959702145,-0.004077688345289508,-0.003646158053092291,-0.017013328387601404,-0.036674574228279605,-0.00788029278760865,-0.00899627715324842,-0.006550353279831842,-0.012061154374121266
2004-10-01,2004-11-01,0.006466829889779839,0.03436883342991666,0.002621475142621987,0.011228260309372498,0.015296810138687856,0.020488721829622237,0.010896769387130578,-0.01727892649868522,-0.0092907733665684,0.01130228447305229
2004-11-01,2004-12-01,0.0023018124541771866,0.007926738165874435,0.022030071637039354,0.006205403400776483,0.00025119704631205574,-0.006677505291809163,-0.005822448936735094,0.02246343499808341,-0.01930890313514811,0.007478792917204415
2004-12-01,2005-01-01,0.023872329000139116,0.061210578912507675,0.012431670304078185,0.019066086823564487,0.04450606782788931,0.031624777883339186,-0.0022572700071951494,0.037153835613396,0.005684513909738984,0.024986945908699317
2005-01-01,2005-02-01,-0.01674863903624411,-0.004223233429952394,-0.03239871651163567,-0.009776322977258667,-0.024126398216733565,-0.051686518184716236,0.0017623350329495735,-0.003539215852109615,-0.024286762992509633,-0.0013039017493788841
2005-02-01,2005-03-01,0.03100313535678863,0.04013430034255639,0.06563100374887096,0.0298549506880504,0.0375391613450711,0.03126371122981077,0.019802488670621808,0.04361303071473593,0.02308626255981429,0.022709991957857802
2005-03-01,2005-04-01,0.009722573155214968,0.016245930717415483,0.02169700635116702,0.011372211500819723,0.011594698276200239,0.004419753464157792,0.008191634887457128,0.015104911123961142,0.007382237845823885,0.005929137040283508
2005-04-01,2005-05-01,0.01191330961853342,0.018673773617982795,0.03437021644134524,0.0002613154460302577,0.021463016984462218,0.026711741058530462,0.004606578989420981,0.008042982654416914,-0.00026101787257995783,0.005664751527680764
2005-05-01,2005-06-01,0.01918203873034837,0.019164545167537437,0.029272154064989748,0.0158606297127217,0.010657390723856018,0.027742282131885655,0.013939224052000411,0.025782206002366363,-0.008954600483504495,0.032553986169518455
2005-06-01,2005-07-01,0.011894475292504623,0.00031595324337745155,0.02956640838384899,0.010520019445876445,0.001082209143124225,0.007625112855262496,0.025572964092677408,0.02764907729981865,0.017162861422253005,-0.008810900197909727
2005-07-01,2005-08-01,0.008748358935666244,0.0028198604641739124,0.025186122434382327,0.004975308381834663,0.009094210337152376,0.013729543697642527,0.00606492586594041,0.017306676418368933,0.012113515981745657,-0.0003687471083180724
2005-08-01,2005-09-01,0.016928732038168574,0.01988187167617419,0.04806534736540157,0.010857407624911776,0.019504988412343112,0.02865059263168973,0.002931218588901567,0.019677626833025912,0.0032479796589321886,0.019498965899866025
2005-09-01,2005-10-01,0.026655303961938034,0.007415279789334167,0.04776788098231203,0.01862739968261166,0.015398686787601756,0.06392995702018765,0.0004748322315533618,0.02535833448224102,0.014755492698763965,0.027897399645478736
2005-10-01,2005-11-01,0.007499502284133557,0.0036093439967143258,0.03551405346831603,0.005377273952597562,0.008391844109870901,0.008757141668003872,0.005192877560553057,0.042227655703628936,0.0016903884970258728,-0.0060009302310242195
2005-11-01,2005-12-01,0.0033811551406529214,-0.006623204661535293,0.029340752583781226,-0.004228900939620766,0.009675868754350607,-0.00784617282332441,0.014034813008555108,0.03843195599971808,-0.003179012805841999,0.004373693508397611
2005-12-01,2006-01-01,0.009345571152040733,0.006685242587489213,0.024981628395556895,0.009830474355977873,0.006639406468781842,0.01359084391263819,0.002428446184308745,0.009877766770713524,0.007396141096637613,0.006223096840925445
2006-01-01,2006-02-01,0.004709231128897651,-0.002607533918869665,0.031137921883838626,0.002250603061917076,0.00017950593035188033,-0.0008589991079242117,0.007442987703645029,0.008801814510259416,0.0108392655267377,-0.007947449296534317
2006-02-01,2006-03-01,0.008139782754657664,0.012868639588436615,0.03140912055289563,0.0041441631629017366,0.012214814252122966,0.019011142809986573,-0.005818646865194383,0.02457762398967953,-0.0017728886286990555,0.004933923185585077
2006-03-01,2006-04-01,0.005352568667641488,0.012841642556401356,-0.0028972682734847103,0.007455227157518611,0.007413504911789015,0.009382144826480608,0.0012739307964130802,0.00212230145176344,-0.0043564270364576585,0.011056206484898577
2006-04-01,2006-05-01,0.008439977817767317,0.02173425770985055,0.018771808564200753,0.014419644427011774,0.014983573634308257,0.008100031333018506,0.0018712382393939876,0.006620525032147667,-0.0007683130185870148,0.0004322486319456899
2006-05-01,2006-06-01,0.010994634900977544,0.017749982597954506,0.010072325541161374,0.01785539277989862,0.016257484997005075,0.014047191019858116,0.005360960033053209,0.0007481660825033468,-0.0035030828126233265,0.01325429855503967
2006-06-01,2006-07-01,0.007239314293927723,0.0077270022139118155,0.021193320625705718,0.011730395454864893,0.00786689646512252,-0.0007953928155085277,0.008987718986968811,0.008869065447669073,0.0031660008616741504,0.009022435831141942
2006-07-01,2006-08-01,-0.0016950702563034593,-0.01472128650481454,-0.003370656001575139,8.662321803140811e-05,-0.0036122175326842535,-0.0035955353916208056,0.0019135625458983566,0.010516178104378349,-0.0025908861731774036,-0.0017061393212494868
2006-08-01,2006-09-01,0.012894732875801078,0.02902315418721333,0.009303374503886505,0.018728930015683553,0.008154359086399297,0.009056898291146588,0.02233693447668608,0.012478123931505212,-0.005132171560870353,0.024103037332649804
2006-09-01,2006-10-01,0.009274840067582602,0.003049783053413573,-0.003564051943613256,0.017448669722528662,0.0029462213544525166,0.0038407342782400713,0.019866729072400564,0.008959067658215737,0.0059583191358605235,0.012335897410556882
2006-10-01,2006-11-01,0.013231246384819633,0.005223478719640755,0.037237560544087826,0.016655912606805812,-0.004751111998466048,0.0030484800965096164,0.016567657401970352,0.02948952779696182,0.011547361378654917,0.013210167056780537
2006-11-01,2006-12-01,0.009976532342686962,0.010627590117101333,0.012959686633954085,0.009216432607556177,0.007399896645867589,-0.0006368326125335212,0.016433397846160193,0.010488883465566614,0.011051146955373445,0.016427416770073713
2006-12-01,2007-01-01,0.0121899259819319,0.010068856095812515,0.007418633487957841,0.011183273089450123,0.01846364859229875,0.016268688501950433,0.014276610576583028,0.013831670297884707,0.0023432371140756476,0.02800191841800248
2007-01-01,2007-02-01,-0.004504018962390026,-0.0050944680462368525,0.016992821858777627,-0.0022876259019864276,-0.005672080710465553,-0.018604363755855648,0.003979940234487325,0.010478384154127572,-0.00645210980806706,-0.010850322414568545
2007-02-01,2007-03-01,0.00549551529166009,-0.00047152957168704324,0.013326202127424134,0.0074919653550516154,-0.001836320235207219,-0.0011043921365557399,0.0077905906962779875,0.017464835747065137,0.005716548912600569,0.0004967240284698225
2007-03-01,2007-04-01,0.003213281452281236,-0.005747809479156931,0.020001435515355912,0.0026604172359243243,-0.0006877280751843027,-0.005455326695266336,0.009530751711383432,0.019778166762421244,0.0028129815027414518,0.003955233972207877
2007-04-01,2007-05-01,0.009118684416876788,0.004208318252876951,0.009396374637221976,0.0063099974569001795,-7.495533300632285e-05,-0.004732404108265878,0.018045127223030782,0.026897490265695254,0.02153410519116639,0.012150232649027787
2007-05-01,2007-06-01,0.008609977975688427,-0.0027064791062272773,0.009357699294634744,0.012976372608690662,-0.00391673638380088,-0.0044923343990335,0.015261090380769783,0.01708535736559691,0.02457293507951639,0.0006299982191177212
2007-06-01,2007-07-01,0.004409375871347281,-0.0009849820932693269,-0.0014259357413011677,0.006160678418883382,0.002460158516456382,-0.0025439090904864157,0.00828333022341476,0.013017886721889652,0.012849699675104024,-0.003234342959405594
2007-07-01,2007-08-01,0.002903465483915578,-0.009576281030916404,0.013620262341195255,0.00021059544102503252,-0.0028383909327735894,-0.0026370684139475054,0.00766688094713002,0.01238536758311452,0.009564694633439733,-0.0012330894751297124
2007-08-01,2007-09-01,0.009900488290173048,-0.008668098744251309,0.04905366637395909,0.011570989990367672,-0.005739817096585011,0.003258453260152245,0.005415369046663856,0.025863091770485094,0.011770235955502865,0.00823834280255067
2007-09-01,2007-10-01,0.011017224246483628,0.012031690458650527,0.012842277146905647,0.0009482705673337508,0.010851790892324601,0.006427975795029875,0.007829444516164066,0.01275695484241933,0.020072251579220747,0.0070328704135321505
2007-10-01,2007-11-01,0.0019011090595764425,-0.021598058258416986,-0.0035198336164689644,0.0010042035992806645,-0.010717435213726086,0.0018852277633176423,0.008908750398626097,0.004259303377848114,0.01355781223485774,-0.007151974276035216
2007-11-01,2007-12-01,0.009099690221600957,0.008530100327484807,0.01713138196977857,-0.002992178093791914,-0.0023642859223459026,0.004934243938259589,0.021846103137488866,0.01900152599912054,0.021083261241152156,0.0017428694786222358
2007-12-01,2008-01-01,-0.01106084622123138,-0.012423700783651005,-0.0002086462106172058,-0.027770446615824448,-0.019108505391666385,-0.018620399592639857,-1.5611010387516487e-05,0.023793479497242573,0.0015605848595218394,-0.03423886329959937
2008-01-01,2008-02-01,-0.0033085051838669466,-0.015412256337945154,0.016360500263431426,-0.008325640818724436,-0.01503245899396093,-0.003091474226755072,0.0011319013854968567,0.012416975070824477,0.0024654190276967676,-0.011039869364451463
2008-02-01,2008-03-01,0.00018917664207673888,0.0115653873552908,0.02959239035156342,-0.009577423282405805,0.0013150527773851698,-0.0009991136831155125,0.0010355070615665905,0.005155094603841104,-0.003068976764024108,-0.006168294415802213
2008-03-01,2008-04-01,-0.005572962426462351,-0.00430483993200898,0.01301451295065436,-0.008874615727854295,-0.011759640002454165,-0.012303395524234597,-0.0015550971588395499,0.010415524456607626,-0.004912104830319333,-0.009578821852276972
2008-04-01,2008-05-01,0.0005039966109485576,0.008451664330614674,0.028054445493243815,-0.0045421352820218565,-0.004801283074274894,-0.009005745901998458,0.005945436256817359,0.010660821997319273,0.007102572067760754,-0.008227328697518627
2008-05-01,2008-06-01,-0.012503993866824752,-0.019881082979101114,-0.012554218770133255,-0.014031362884444155,-0.018167936967491725,-0.01842198440807684,0.0022497041316751126,0.009933235533417205,-0.013720553411056508,-0.014433610975745354
2008-06-01,2008-07-01,-0.004824698108786701,-0.009937531767451806,-0.009597542376894693,-0.018114389041722846,-0.012729336492645633,-0.009792635519676433,0.006405802391736917,0.010845151830327904,0.01947328724608446,-0.020418454932542383
2008-07-01,2008-08-01,0.0036480673818253873,-0.010710668721857108,-0.021763662634141794,0.012543685868335463,0.001263118061460544,0.005259146460890711,0.0033249743434457975,0.012513034809064329,0.009902454824871941,0.0029968782353147114
2008-08-01,2008-09-01,-0.004014441605239815,-0.004882159255988882,-0.028157583045215134,-0.012453431813394263,-0.0072569109771666775,0.015464045633555728,0.005401535534178279,0.005918070506611307,-0.009668838352212111,0.005304485662270229
2008-09-01,2008-10-01,-0.007384128722430909,-0.04115722632247113,-0.04130011178307489,0.005747087981154312,-0.022608373535971976,0.000550575539079245,0.005626961248811483,-0.004954807166500529,-0.008525501180894438,-0.012827751827296265
2008-10-01,2008-11-01,-0.017987783820375563,-0.041525446773586126,-0.021172845776716145,-0.03488056849274663,-0.03027645977965965,-0.02147225582630879,-0.00484396763178135,0.013501805598511243,0.01315069668115385,-0.03655652298041753
2008-11-01,2008-12-01,0.0043760481713770085,-0.012185848464995118,0.01225754120365848,-0.018078339262953876,-0.0013461370142767073,0.04613253655335445,-0.0002365295349946294,0.022665378349785145,-0.009523549105149295,-0.0029517939407710707
2008-12-01,2009-01-01,0.026117578136641655,0.021606540704590355,0.04957180525820162,-0.010016324841021164,0.006350817247971525,0.06570091870829252,0.014037581651416234,0.040985842691261855,-0.002798584660279657,0.029045337688495914
2009-01-01,2009-02-01,0.00800470507531702,-0.01437521381359903,0.03222339465208639,-0.048092501453009084,-0.01723437758166865,0.07260574328278903,0.02954526220938573,0.03836508921552408,0.01023397555277252,-0.02790825178368372
2009-02-01,2009-03-01,-0.02165133131944843,-0.028532435463702696,-0.014492987695028374,-0.04290538257242825,-0.0287717169452643,-0.020981762924818556,-0.015853018367389077,0.00641827517537804,-0.000772028678432601,-0.02963550727131014
2009-03-01,2009-04-01,0.008532438682375753,-0.01233679630797874,0.014000069108322691,-0.0016801480399220837,0.0011698052073385945,0.021632265248597408,0.00903626642129242,0.02442076721369478,0.02848153279055061,0.003337175203702375
2009-04-01,2009-05-01,-0.010196812253836292,0.0038764711284260366,0.03098683237837898,-0.03452432796484555,0.015413480950199274,0.0070715926115791205,-0.002572336637034795,0.02576768406425449,-0.013237486860075741,-0.01967736925421687
2009-05-01,2009-06-01,-0.00046438719225590057,0.010915006828104305,0.013378108504905372,-0.01803054683424741,0.009671190971736446,0.014749500491594585,0.000530979261943375,0.01205330655480954,-0.013890139545395287,-0.008456061036095648
2009-06-01,2009-07-01,-0.006733240822838868,-0.029507908718304332,0.013305080615362105,-0.03586337619151127,-0.010310971432134572,0.012313346946668545,0.008105904800765885,0.020359698970318883,0.0016003991046145676,-0.039507448057121725
2009-07-01,2009-08-01,0.07111692893247282,0.06947943457301839,0.07297861138228397,0.10540652863779637,0.07031478073416743,0.04499683179431112,0.036424809462513155,0.028725435485816644,0.06038633699651418,0.05201655597991894
2009-08-01,2009-09-01,0.00323804385292214,-0.0011205305782136777,-0.009717035433785975,0.010287688424659424,-0.0016769610553136224,-0.00011337261392526657,0.011052696317232494,0.013468989932651592,0.01259267341612462,0.003105075641970317
2009-09-01,2009-10-01,-0.01626517734189817,-0.013990149239732035,-0.020151733271916793,-0.05663443058855025,0.008871217666280684,0.02005817985549976,-0.016932319993635047,-0.02659877908500409,0.004324557898504812,-0.036840647211897344
2009-10-01,2009-11-01,0.011008085760526818,0.006932778615115924,0.015934179132109216,0.010340372307889449,0.003069912568272751,0.018225138741310848,0.012548541791215923,0.029357444421397826,0.012397562713172595,-0.0008313742231333661
2009-11-01,2009-12-01,-0.012766088088835486,-0.030811039056629092,-0.008279209904369225,-0.022124105485101773,-0.01908248280442856,-0.01940250284148822,0.012904732322952516,-0.026509050462869856,0.00045329206174764313,-0.0402071307927042
2009-12-01,2010-01-01,0.01350339667784448,0.011071484515925448,0.027578189071664094,0.01592600288914383,0.011827881652410891,0.013697781069248592,0.012318743045981451,0.01226878425153689,0.011141599419832053,0.016394037517660807
2010-01-01,2010-02-01,0.03218295187510436,0.027035190197533244,0.05815416046901342,0.10393668025600955,0.03663715012291091,0.020577409986701486,0.015495162015688846,0.02392334783434171,0.03932470220937503,0.024671139775283683
2010-02-01,2010-03-01,-0.018811356847975975,-0.0160496498805875,-0.01294216917538226,-0.036637430496474,-0.013641197746100776,-0.011231538132042307,-0.01433641779715124,-0.014309207407943619,-0.019118864590404263,-0.01887299379829818
2010-03-01,2010-04-01,0.0011101470287466922,-0.018957713413472556,-0.018207842258832447,-0.003369814598845898,-0.0015855045029289057,-0.002506863133971353,0.01583846239125705,0.012649872237256042,0.02269110220955332,0.0026112717667321618
2010-04-01,2010-05-01,-0.011317061734634051,-0.025392599402898015,0.008731239393171254,-0.042322134400219716,-0.007579256943629473,-0.006868432970487686,-0.004007857079171033,0.013587627532389965,-0.006925009379531191,-0.025019700218214706
2010-05-01,2010-06-01,0.0094260664538958,-0.0016427083821079957,0.020164929760108547,0.00594704367267719,0.006160824455629462,0.0025492519083773623,0.00683369243814228,0.010320430697536428,0.01948615086111556,0.01104802692394858
2010-06-01,2010-07-01,0.0026772991592170334,-0.005889688660475909,0.05136726208753082,-0.012343027634474698,0.010065595359034552,-0.0037480700148820392,0.0032966055357772917,0.008813491176193856,-0.0028810374445290875,-0.003945515227861975
2010-07-01,2010-08-01,0.0012549415819181411,-0.0016282756977758794,0.009787895646098808,-0.020643357120512882,0.007746036104776933,0.010120615102802683,8.386044095183662e-05,0.0052222803754227425,-0.010692331610860585,0.0006650215827194526
2010-08-01,2010-09-01,0.016360147963645794,0.013424352752933248,0.01450747724290679,0.011400052328156033,0.008575847372410107,0.026501596716530896,0.016145290076178,0.039290002805517366,0.014890164392401248,0.021453322229450268
2010-09-01,2010-10-01,0.00502155087617853,0.00615245367884387,0.007505684204383298,0.0008890498877309036,0.01009212455400436,0.008235704370538405,0.004076498739854346,-0.0062798700020493085,0.00040195671891059563,0.01762612554797846
2010-10-01,2010-11-01,-0.0033293405429174923,-0.005565648405575682,-0.022861780699951505,-0.020042650608968114,-0.006009031379650601,-0.005251507021397046,0.01163364625579804,0.02529814504542389,0.008569411359809804,0.010754504677513299
2010-11-01,2010-12-01,0.014062617167743048,0.05787279143677264,0.01696525049159603,0.0020580128734453374,0.06353328474554279,0.02570988351626327,0.013703731856179239,0.013723683911091916,0.004335277389580676,0.07411447098123024
2010-12-01,2011-01-01,0.04428703341336493,0.048842744496718014,0.0799862550911365,0.03936237767642469,0.07148171702456638,0.05678743873745942,0.015606453871047105,0.0007980704528664367,0.006803931009014043,0.05843501548383012
2011-01-01,2011-02-01,0.010855207700495431,0.02486914812721442,0.0398107437860108,-0.003292816441736053,0.014785481243783427,-0.0034560341064842873,0.011757258496897812,0.0005230559098360717,0.011725336017716172,0.021191686345375528
2011-02-01,2011-03-01,0.02840230998552079,0.01763067579852522,0.05383167129065956,0.009081375653162357,0.028581460827929686,0.05626278614039113,-0.005985805652197092,-0.016796115696143386,0.0076485093459950585,0.05690053177036162
2011-03-01,2011-04-01,-0.008835970273478669,-0.010444269694268848,0.0015587403028999199,-0.022220294818340237,-0.006940887555741439,-0.013263817100341236,-0.0024361522001076327,0.004372891796847995,-0.011126077141442071,-0.0027161926743125477
2011-04-01,2011-05-01,-0.007742350405502963,-0.032846597683237395,-0.014747639465649293,-0.001535628280887072,-0.02773909506912592,-0.011062673931877839,0.0002734725026902118,-0.03254767802190491,-0.007659041410005995,-0.0062748147862132855
2011-05-01,2011-06-01,0.005264381852767865,0.007417687856712751,0.010134164539973869,0.002193898975938087,0.011579191339060189,-0.0037363776003864085,0.008988585137064534,-0.010036873993340852,0.01191910001556393,0.02668402634306555
2011-06-01,2011-07-01,-0.009898505578623536,-0.00593776959420691,0.012383072831664293,-0.0377155546209553,-0.01169735235139998,-0.028123754352465283,0.012399794561774565,0.01482302452568709,0.0006293593203446698,-0.008326505292858263
2011-07-01,2011-08-01,-0.0009965817833427705,-0.006733110878598302,0.008488503926255346,-0.05161310270455936,-0.001232249451314178,0.009388026808688844,0.001413159507364258,0.0022319087740116446,0.0033250005838493836,0.0024767449850404692
2011-08-01,2011-09-01,0.027563929835828897,0.05077370498491731,-0.00014607331244608792,0.018755120148193975,0.04933802663839995,0.01922452839216859,0.013242453953435929,0.01061757987358831,0.03800776565052447,0.05091136351708702
2011-09-01,2011-10-01,-0.009024880537720464,-0.0024247276249114175,0.02652999517039493,-0.04998712065228464,-0.016233184785349724,-0.00033004082852831733,0.0024323715983210277,0.008614435577825584,-0.016674739049810088,-0.015407248939333528
2011-10-01,2011-11-01,-0.015011813588368951,-0.02190585232294988,-0.025587421790506656,-0.004382960846588648,-0.023109325449010645,-0.017601152983529645,0.0026612685689988832,-0.025306189605539816,-0.005359099411221203,-0.008201790210761693
2011-11-01,2011-12-01,0.030998317970187185,0.03818498858549303,0.03480387854505781,0.012696001625959645,0.0505211073323751,0.033927254238000165,0.02467812030308384,0.017475847573392322,0.030461617176340532,0.057592594460388384
2011-12-01,2012-01-01,-0.0190211771615763,-0.027192731434004875,-0.0010843205634483391,-0.035476153745790454,-0.029063575067363144,-0.0230277387760498,-0.004167635289306253,-0.012589174156838162,-0.01467639383897427,-0.028194092312172746
2012-01-01,2012-02-01,0.009432095484065196,0.0010391477004843155,-0.000841902023450079,-0.008036676104935588,0.01853412274923074,0.016756779447647585,0.008108401871068144,0.00514118966176395,0.014681626904859465,0.019490104628681306
2012-02-01,2012-03-01,-0.013631414573531602,-0.00866141578003289,-0.0028678894360910524,-0.025203207103322904,-0.017638966481380483,-0.01794676865163998,0.0025768285283382843,-0.0016302462951815187,0.0026016876393645198,-0.023067899234390083
2012-03-01,2012-04-01,0.018878407923582165,0.03737202769737964,0.026570812226669436,0.015639604513967637,0.025894171719762313,0.012437546218733508,0.012855079894464126,-0.0015804452845637077,0.020624721602662457,0.029694556456691307
2012-04-01,2012-05-01,0.017816222078278585,0.021557051506563153,0.018405601031365335,0.025399862405322975,0.022266657596865455,0.010604456394112335,0.01883421063962942,0.020130582460124103,0.01656858597723201,0.010076270278317211
2012-05-01,2012-06-01,-0.018335108252072192,-0.039939321405893555,-0.027710729639875586,-0.02743409170684131,-0.01905556446290043,-0.022580905380230352,0.000243506569630101,0.003043190221152006,-0.006964378512489251,-0.022747045915772285
2012-06-01,2012-07-01,-0.052764584645350276,-0.047009639738548256,-0.06614314755891551,-0.10036573974755336,-0.05492576639173304,-0.03490935448170269,-0.01814283972859686,-0.006305666272561641,-0.017730315453911537,-0.039220852399296235
2012-07-01,2012-08-01,0.012300860897918372,-0.002767846774671377,-0.006307624706757903,-0.0011588657978513683,0.006201607910004218,0.0138650598332518,0.02264634396756816,0.005710934821001365,0.017959181553544125,0.01849457220341085
2012-08-01,2012-09-01,-0.007850916380418068,-0.017368593654738855,0.000909290461245103,-0.012671436906877638,-0.008187820399550157,-0.012801929742256184,-0.0017229592942784263,0.009868655412898284,-0.018720854889209368,-0.003863878332828019
2012-09-01,2012-10-01,-0.012188055376972656,-0.03480483440396252,-0.016748303880207878,-0.026870497029591687,-0.0174454126273649,-0.0015151710574718806,0.0016854153620851026,-0.013565084489786022,-0.009091381857201479,0.001878872378281219
2012-10-01,2012-11-01,0.017821141320041898,-0.0035970694305260623,0.020141882413259593,0.03549163147173844,0.009117436316298501,0.021442415214377147,0.013255074705700023,-0.003925566343134777,0.00843086485412925,0.022364952053906026
2012-11-01,2012-12-01,-0.01603767982041111,-0.021059727393248375,-0.015642896572574345,-0.025256726622663303,-0.025505702683595782,-0.014374246400416521,-0.0016345290392218072,-0.0021317787055392607,-0.01370111932153267,-0.014942689866805385
2012-12-01,2013-01-01,0.001466959133505839,0.0006590988916657789,-0.010884092834045038,-0.0038924073564559,-0.0004083462021744399,0.013116665549015185,-0.0028882405836211924,-0.01049536125324557,0.0009174827821286928,0.015365254929515489
2013-01-01,2013-02-01,-0.0054579719616234534,-0.012210648493174001,-0.0031173056334605634,-0.0281625681823732,-0.007272078022466946,-0.0014990632214430333,0.005379974040327428,-0.007226888824466529,-0.002032174692903972,0.005703963903361788
2013-02-01,2013-03-01,0.0032687710194040727,0.0037068197738355083,0.013809270362235492,-0.004776466609656916,0.002248659540872041,-0.0009222898671530644,0.006177554644492114,-0.008712791299658358,0.009072136327128418,0.014974668807166072
2013-03-01,2013-04-01,-0.024706400520619384,-0.03724343705478786,-0.03581932059515691,-0.02327673596175587,-0.02617606226751587,-0.030693506742123844,-0.009139187411077294,-0.00406021530769771,-0.019329771780768796,-0.02807809515875512
2013-04-01,2013-05-01,-0.0007472527077136651,-0.007106636376389724,-0.013747518774217758,-0.00013834965257829063,0.00232144156046634,-0.0025589508348715104,0.0005977156097055655,-0.0019972059086195,0.008841369688515252,0.004342146225560057
2013-05-01,2013-06-01,0.030371372614000466,0.03938366138963804,0.05154079432463897,0.0383851609280319,0.0371342127506577,0.022230340825192426,0.019934653867179332,0.010128947037202851,0.022869566751921363,0.037831955283949746
2013-06-01,2013-07-01,0.008582461759879215,-0.0007915737589618442,0.011844558699193604,-0.006648327431023931,0.0073189649111025275,0.004170667696359246,0.025646538841252575,0.014155895091820062,0.020739813078611932,0.01069557661501401
2013-07-01,2013-08-01,0.014077186223281996,0.01604613243726616,0.022760172945125327,0.01558916152352991,0.012227299779320095,0.01149423409984911,0.011031642501491811,0.0047442230031703335,0.012989778431654114,0.019396191770334085
2013-08-01,2013-09-01,0.001490508977828653,-0.003433093916633865,0.009629901220949356,-0.004517746921227507,0.00039616758890579317,-0.001384534560992199,0.004706458625724706,0.009300658957161635,0.003825181640230384,0.009409351640145483
2013-09-01,2013-10-01,-0.0011748815370007009,-0.0192961289931969,-0.020773928634761945,0.0031869857343779996,-0.002651002822851756,-0.0036466478020652547,0.0069595875039320295,-0.006783606210407583,0.005295918432843279,0.008625424692556269
2013-10-01,2013-11-01,-0.02128744313344487,-0.03263552874306974,-0.040744536183468974,-0.028502371826850656,-0.030518033341815236,-0.02395113750652787,-0.0047214172389316135,-0.00440226118593594,-0.007120811751885617,-0.013202555035884933
2013-11-01,2013-12-01,0.014948629663264905,0.010540142429841352,0.0005108368084222417,0.022225974093888653,0.018888331199049292,0.012911259556334891,0.011398300181648488,0.011702108511216593,0.014555142060435238,0.028879842504771276
2013-12-01,2014-01-01,0.01195774392629742,0.010187646541461306,0.015625772606283075,0.00046795224820184167,0.009309129094318414,0.01880271597971448,0.012819312664283692,0.0019392067375316746,0.0112467351661545,0.01920541507667423
2014-01-01,2014-02-01,0.0026172718383851946,0.009782816541938612,0.0017505899310462094,-0.009286282425059297,-0.0015724749568646922,0.0026365710522510983,0.009844315464106789,-0.0005655169785127918,0.01336495950675208,0.005561223243660721
2014-02-01,2014-03-01,0.009565417046690054,0.007232439090724364,0.001586355729058755,0.009892119141526198,0.010642223380563021,0.009659373143389015,0.009524026170544648,0.011900546246855572,0.01259136907509705,0.01561981337979528
2014-03-01,2014-04-01,0.0031639952311115077,-0.008626260918769672,-0.005973929028258945,-0.007599712216563689,0.007317103700230247,0.001201731031111198,0.013416535937227454,0.009582181148500766,0.006648723856367248,0.011467432178054737
2014-04-01,2014-05-01,0.027216122939654714,0.028025734625064802,0.016188838378993847,0.03373964176941229,0.03229710719944488,0.027802079650686172,0.012438478489061936,0.008630455602699214,0.03900395403193534,0.03480061654461842
2014-05-01,2014-06-01,-0.0007052478314712688,-0.0003013588832893634,-0.006061648572583864,-0.0018036044097158482,0.0066787896777866064,-0.003316113914690463,-0.0017925829408432922,0.00017000938661998477,0.007072578516421064,0.0010149480055018565
2014-06-01,2014-07-01,0.014734324329043492,0.0165317607556564,0.014417085931544024,0.018840733145379526,0.021136452572596293,0.01891625786925301,0.007241257244249012,0.0007853783619017795,0.009308403410228984,0.017187198040601634
2014-07-01,2014-08-01,0.026618372622718305,0.01648123176913333,0.019589283785473557,0.03424790767107628,0.0317117154439353,0.02212871366336203,0.022710785756432796,0.015123019011617092,0.030199472452096567,0.033756587821560685
2014-08-01,2014-09-01,0.01011775699073652,0.0220627795590726,0.018882632015272956,0.013235485675115866,0.005714252148797252,0.016560375391597146,-0.007922007962547955,-0.00505512183217723,0.011073343593925667,0.010692172989893223
2014-09-01,2014-10-01,0.014794727065208376,0.004909809526404477,0.01230328874147554,0.010475142571699786,0.011815480372140837,0.013676480700276359,0.020050266720031212,0.022757083173468244,0.024234188086564308,0.013946796949394602
2014-10-01,2014-11-01,-0.002319978822369676,-0.005907750830507572,-0.011300657458012588,-0.005297122271643875,-0.005645815770938643,0.004619897459584926,-0.005113339859233078,-0.002162417112666034,-0.0015240834603808134,0.0017481200822593288
2014-11-01,2014-12-01,0.023237138452758856,0.007305094355597083,0.011960035141729903,0.032280801593861236,0.02509997072752643,0.019514082716064834,0.022454065795346218,0.03763695790890528,0.03228939197921435,0.021116013654536525
2014-12-01,2015-01-01,0.010652783633762923,0.011477272144778268,-0.0011551205163219812,0.011897707316613904,0.009253227687965484,0.017904951207670564,0.008392383758177482,-0.01554429424560039,0.01135057309648918,0.013021012008818054
2015-01-01,2015-02-01,0.013376325625606493,0.017389024445930924,-0.01035689819452366,0.02480457925863004,0.02125297591114347,0.01642657916183755,0.006855702292202144,-0.010868798289471753,0.010130729626185246,0.01908158249759859
2015-02-01,2015-03-01,0.016756502678602358,0.010140453846018908,0.011156298847010124,0.020309453375552504,0.023162329796119492,0.007599003775022149,0.017927064926510906,0.00519910154586118,0.03189476376950501,0.017277103878732436
2015-03-01,2015-04-01,0.011141237838975871,0.019865501076518008,0.005542689814617327,0.012074892335227539,0.015446464422386317,0.017314538644607656,-0.003944096570036189,-0.005858527140016045,0.02300115210923545,0.004969995612176067
2015-04-01,2015-05-01,0.01731196514616548,0.013611869270783417,0.0039395333721663085,0.024328179432975428,0.020826787284275006,0.009946189200493281,0.01479600567191959,0.011758966784351775,0.02485971814791059,0.02912545662288465
2015-05-01,2015-06-01,0.020372327528642847,0.016873878209489577,0.013398924681850716,0.025266860399703613,0.02636763226671022,0.01909934733323492,0.013017329857898656,0.008771748561651568,0.02536793983719742,0.024910206630903514
2015-06-01,2015-07-01,0.004733777250294253,-0.0023402709513152507,-0.01166014631315301,0.0041693811270043,0.006622509468528573,0.006622490424633433,0.004750440622957755,-0.001175148686513903,0.013209500054335997,0.007656523123539309
2015-07-01,2015-08-01,0.01699626858141589,0.0016969805948909666,-0.0010590118478240396,0.017858648295403845,0.01636319853616323,0.012183782610983202,0.024570198306024603,0.03826687661720643,0.026643462510554557,0.018307095145457555
2015-08-01,2015-09-01,0.009299475536040294,0.0049098355537554724,-0.011213189099496059,0.014161730845826722,0.00898316090568698,0.01300406286807343,0.008277379617672508,0.001983079476527952,0.01515554124050424,0.010119657645707755
2015-09-01,2015-10-01,0.011882813563355174,0.007841142226331067,0.012806595785659788,0.0033407491397681715,0.02097755815680815,0.00900276596604269,0.013317641693648997,0.014455073120318018,0.01616721628363453,0.01265024125824718
2015-10-01,2015-11-01,0.01415073734102239,0.021969100816169942,0.014782159514761039,0.024323380581110277,0.021012673901371355,0.012828192039519593,-0.004377248865479586,-0.06924048381083535,0.013078883297770662,0.02733561621206488
2015-11-01,2015-12-01,0.0018329883243277732,-0.008181149869245785,-0.008966932406676174,0.006314236836404811,-0.0006930117866810034,-0.0025372626592875184,0.004974043107069005,0.006485365076850699,0.006935053636825656,0.0067282245700578235
2015-12-01,2016-01-01,0.004602079469275185,0.0008098959538222297,-0.0036331227105623597,0.008619111166820043,0.00177702786343042,0.007464987317958175,0.000327087244563339,0.0005568124441580447,0.0059453161194015745,0.006608090617230329
2016-01-01,2016-02-01,0.004728602274793282,0.0016477992342752376,-0.004969415695561533,-0.0021935423573185724,0.005257462705774069,0.00687829962602705,0.011126179744666256,0.011477384247391118,0.00745736553460857,0.0041529153367129475
2016-02-01,2016-03-01,0.013950248985605929,0.020968246484647717,0.021173496611452347,0.013950706042654578,0.0189365855816003,0.019597851748675232,0.005731142248636622,-0.007415792647935611,0.007619304050106231,0.012014071039847548
2016-03-01,2016-04-01,0.003129811218145374,0.00648806102867178,0.009717868970855153,0.009570636593386368,0.007400748249237908,0.002094860325350908,-0.008669194948857713,-0.02176978346384763,0.002770871523030307,0.005130460371850167
2016-04-01,2016-05-01,0.01319653763634605,0.004331063809310861,0.003886352371513826,0.021223539614673975,0.013799018225752737,0.011852504000917224,0.012466100950330997,0.006912661451827295,0.012956619027409359,0.018895661348690373
2016-05-01,2016-06-01,0.0006246627048634785,0.00499820904208915,0.007065437393863189,0.0020427373784957636,-0.0018537896139057602,0.00265305515908573,-0.009932932080149793,0.00024411514346135655,0.00025960243069447395,0.0025930340574928
2016-06-01,2016-07-01,0.0005986222666367328,-0.0015077375208076625,0.003970757298028088,0.003992587593795395,-0.0018758811391092081,-0.0012283672877918448,0.0013255625396692014,0.0027333095251933165,0.0004702274584595851,0.0015043773869034749
2016-07-01,2016-08-01,0.006153414794939743,-0.0023582059380434497,-0.005313241020716411,0.008159911338710335,0.005273111752497003,0.0045038900749736245,0.013528212148607981,0.004485773810608331,0.007251143838925038,0.010592823691700868
2016-08-01,2016-09-01,0.0008721639972912778,-0.0015088881511693263,0.0022875556320311797,0.0004280050020045577,0.002109663329205914,0.0013784366549327415,-0.002165680599144074,0.00678636123466226,0.0066296872959390385,-0.0018753992477625102
2016-09-01,2016-10-01,0.0030233000844654997,0.0005712785288939894,-0.0014417453455552068,0.006464990207790336,0.002996605335438529,0.0008821572375612315,0.004525256986518175,-0.007198969749971237,0.005104135685854509,0.006904166323553556
2016-10-01,2016-11-01,0.01633863452757361,0.005973297627551683,0.009859678933195719,0.017608971749155832,0.015526733682440435,0.015216561108638296,0.017427591795384757,0.030706909772526512,0.02044658098793635,0.01735191651197098
2016-11-01,2016-12-01,0.0016921109306217113,-0.0005439120037082268,0.0023878114514135004,0.001058695254451296,0.00024196578559865884,0.00016135555111016961,5.555869342648283e-05,0.018546098720546703,0.0050856996514850785,0.002333955730461238
2016-12-01,2017-01-01,-0.018256655764053855,-0.03250495240150678,-0.03404779381023516,-0.014441853304649319,-0.01711275649026828,-0.016887261793401654,-0.001550808791472272,0.0187624616710509,-0.023705291564763635,-0.029151909533101324
2017-01-01,2017-02-01,0.01088908710619077,0.006704437959507615,0.021689839787837555,0.02407111582757546,0.014843992138688832,0.01310023002238436,0.0011518157385833282,-0.009405794338349295,0.0064493043682095135,0.00580618003917836
2017-02-01,2017-03-01,0.01763616877586831,0.01751074379804448,0.016121519900958513,0.032122716231403545,0.019663441082708937,0.020649685264958587,0.0012351891434061154,0.002965402865932926,0.01982994123862943,0.013510587473816263
2017-03-01,2017-04-01,0.00010235420037086988,-0.008675609374703722,-0.021372110928861994,-0.0016920779048709934,0.0019834701433505027,0.008386889578904955,0.0009115101928120383,-0.003702299477918585,-0.0020973939412325497,0.007744977106265101
2017-04-01,2017-05-01,0.003296549139248395,0.0018907907554768803,0.02514962327425012,0.02113878713280283,0.008401964309588575,-0.00591683985718013,0.0022596745504509623,0.03486813273217102,-0.010271269465277864,-0.006304785454068774
2017-05-01,2017-06-01,0.01887561236718064,0.01456509922083575,0.00012469540236366384,0.020145735709235002,0.018891156184166705,0.0270318157608843,0.016369174950651537,0.012255686242092972,0.017274810785847278,0.023202911613609392
2017-06-01,2017-07-01,0.005458805239579709,0.008999178106516901,0.010644191356463047,0.013784677278164344,0.014528915842308997,0.008861889946148912,-0.0047208606949497595,-0.00874553068130468,-0.004602430893479482,0.007105548431808771
2017-07-01,2017-08-01,0.012705441467145188,0.0053375149440334415,-0.005559007559543496,0.029335068013674675,0.010487723777980976,0.017606348917076613,0.004363525360466684,0.007389643798067909,0.009366375347149061,0.01531869957824519
2017-08-01,2017-09-01,0.01791057884235059,0.00796625685460188,-0.010963829242428292,0.02464666825312454,0.013977721814461656,0.027618322185830293,0.01567163512581703,0.021048638734699598,0.015609962930242867,0.018880737787368002
2017-09-01,2017-10-01,-0.0022068094059558984,0.0015270805860390741,-0.0023348830857841682,0.013251689389472937,0.00023875643922423122,-0.0009907993357874247,-0.02091913598593846,-0.010424124975290154,-0.001660194026989881,0.0007630535741272221
2017-10-01,2017-11-01,0.014032677635494201,0.018918045399147407,0.018384992210741993,0.04335966536520812,0.0279514713413954,0.002709143864938408,-0.0009156251062038187,0.005247621121214424,0.015995478319256202,0.0060272100720182254
2017-11-01,2017-12-01,-0.0038869297470763863,-0.011500843630882877,-0.014632899374510401,0.0009709459340539071,-0.0030657991453037635,-0.003018468766509435,0.0014067511879008727,0.0121947836846516,-0.007861171968188292,-0.005730041685874768
2017-12-01,2018-01-01,0.004918408969567356,0.003181897432720482,0.006445338740462273,0.005441664453654596,0.004536223735218154,0.008068490308673517,0.0027507289406522996,0.005210872016554731,0.006243436797292529,0.001063137006305366
2018-01-01,2018-02-01,0.010523408316968918,0.013300257501670682,0.00708158970897803,0.019491659631049978,0.012075863402259444,0.017171411435369155,-0.0042204872908979205,0.0021939505287198752,0.006451490922889137,0.010851337281768444
2018-02-01,2018-03-01,0.006622989583728606,0.0049463232532851766,-0.010694350406965725,0.014367381143788577,0.016340110332182158,0.008791879660873084,0.013130426454585106,0.0001073390789674963,-0.0035774298229122887,0.01174624114220196
2018-03-01,2018-04-01,0.0003814752790283441,-0.002035064404290008,0.0019857380840202265,0.0042315183345712675,0.007293104025003069,-0.0028613906442583824,0.0012481099381371967,0.0033190464421802264,-0.0022782171002106743,0.0030956501697103206
2018-04-01,2018-05-01,-2.997141141436975e-05,0.013641270485359886,0.003612861371734749,0.01648493042148333,0.015301923253400912,-0.004229340667260495,-0.014090490025611234,-0.0018933656949895045,-0.011428504436637513,-0.000671623993026154
2018-05-01,2018-06-01,0.0041320483951552715,-0.010890963064930485,0.016405138724656126,0.004382483573731989,-0.0060759439809173,0.004168112223146322,-0.000234307561986472,0.015960821546661546,0.015729793087915268,0.0020614968234518713
2018-06-01,2018-07-01,0.007569257227028133,0.0025826778071543722,0.001683017891308724,0.013972727914872057,0.002508163695406286,0.018720483384702218,0.0005796555237420303,0.008739786675739136,-0.006397096339988781,0.005820594242815342
2018-07-01,2018-08-01,0.014480305656761314,0.010329117671152542,-0.0010673858890496003,0.028018400575657566,0.012360590868554157,0.022212032423634353,0.01455340571142686,0.011973545241736484,0.007257809955618096,0.009344887338821202
2018-08-01,2018-09-01,0.00647751649019883,0.012892240379934134,0.02683818152280721,0.024603780715374866,0.007377692877401666,0.0010752290227370957,-0.00756602709190851,-0.014294675986411706,0.007392932558472279,0.0050786822244455665
2018-09-01,2018-10-01,-0.005329783020686989,-0.008786929574692057,-0.0004127647088010462,-0.011501635186309055,-0.00552691844491922,-0.0026722303626207883,-0.011419245211628966,0.01569118948061631,-0.007445682055873005,-0.008504083827449141
2018-10-01,2018-11-01,0.008477300704863583,-0.004455988397937132,-0.006594406958801139,0.009400384269895465,0.003989952533926632,0.01799124507553505,0.011487751784325127,0.01815550473220228,0.005174332599814204,0.0031006538410145185
2018-11-01,2018-12-01,-0.006857863692251694,-0.01093115425964387,-0.010983325580120917,-0.010392777694437272,-0.004544461614840905,-0.0011363871973959555,-0.003471620193022584,0.01193295879701503,-0.012546103553020705,-0.010882274050691134
2018-12-01,2019-01-01,0.010304827313401321,0.013308339812464334,0.02810216660690017,0.03660935565554466,0.025811694829113718,-0.01610359343211395,0.0150112560768004,0.001214100250051814,0.022132737043349157,-0.0020293838801261374
2019-01-01,2019-02-01,0.01643965284438735,0.010352151392333826,0.017072009800975285,0.038053607246012755,0.017305365074854917,0.021879841728705458,-0.003736786972339327,0.0036106085896397567,0.009704742379769208,0.013765930593697105
2019-02-01,2019-03-01,0.002913128630808965,-0.0018868020559463096,-0.01738926923955672,0.0010963544513946854,0.006902450066484529,0.011826564805851878,0.0028605283442453672,-0.003470536438544343,0.00117986610455248,-0.0009197140713471585
2019-03-01,2019-04-01,0.0034991961872541033,0.0029434235983168576,-0.007930005239309677,-0.00339907717867969,0.0031713502432079827,0.010361065486162363,0.006283354503880789,0.0065236415681387185,-8.859224253276229e-05,0.007628051627874587
2019-04-01,2019-05-01,-0.006638054287005037,-0.016307881103173903,-0.020755493498122255,-0.0003452799062600377,-0.014627896681649457,-0.005010112229006622,-0.007464905417809266,0.009756289457522918,-0.012239226260295192,-0.002415168282064396
2019-05-01,2019-06-01,-0.008998938976202644,0.002218710249107126,-0.03280207492146902,0.004549604245695069,0.001119026509039342,-0.00806622955790636,-0.017946993363107375,-0.01329356743667171,-0.014200997973910267,-0.015420522736109108
2019-06-01,2019-07-01,0.011001550940737055,0.010219987909690652,0.004055325054468784,0.014504886669211105,0.016671438121549722,0.022730954299128983,-0.016971855390295092,0.0038897213046390636,-0.00023930125279228703,0.006750464190983197
2019-07-01,2019-08-01,0.0068315866979244775,0.008820273446184329,-0.0026469545688053257,0.011741719426116803,0.0039000583115689326,0.013839613336595178,0.003359137848413226,0.001997810228825338,-0.002842571471878142,0.009423336242638617
2019-08-01,2019-09-01,0.004830469552256923,0.010395925256194791,-0.0028269853615959266,0.004620948738186166,0.0030849021060152196,0.01762993949954426,-0.002692816051893994,-0.011386926369783968,-0.008640417518087227,0.008440328236787078
2019-09-01,2019-10-01,-0.003639700070963043,-0.008970163861376865,-0.02002083126954382,0.0026011303916904987,-0.007797514758705129,-0.0013672940107323926,-0.006102706041352637,0.007268049828062717,-0.008853709228778418,0.0008327294266623508
2019-10-01,2019-11-01,-0.0039817640717302715,0.0013728972161434945,-0.013531807012744129,0.009528861340059503,0.0032071517823788233,-0.006299921996180968,-0.017656322884677562,-0.01469171240037222,-0.005582640164133575,-0.001975180508259178
2019-11-01,2019-12-01,0.010653778576776244,0.009349770393827297,0.0009571019749223192,0.021823231607164605,0.02519872150376251,0.013939006960889372,-0.003791920812072422,-0.00955201912919296,0.010120441283710504,0.007671297160142838
2019-12-01,2020-01-01,-0.006728024898058498,-0.005640983014316344,-0.007711540485370638,-0.016535618327605563,-0.013556075514832035,-0.006368938140129633,-0.003382571868806687,0.016398908866398207,-0.002239674812672815,-0.003946098944554426
2020-01-01,2020-02-01,0.006943048182977808,0.003130194786818675,0.01332035482931396,0.043594682283715325,0.008328258572450094,0.0067988788039056065,-0.007649337670507751,-0.018688714588562267,-0.013738811576088417,0.012483075468256614
2020-02-01,2020-03-01,0.014055823223872135,0.010139244207447298,0.006416503878626175,0.02440895548653505,0.02327189379019571,0.0168674106319908,0.0038175504293270976,0.005052482509749432,0.015201669233495951,0.006918426016946466
2020-03-01,2020-06-01,-0.004364647343607551,-0.0025325259785123596,-0.0016173633865875004,0.003971208578487912,0.0004056977283170188,-0.009904430627827521,-0.007354059681541701,0.0010285716315301464,-0.006200263769699711,-0.0075709485076541
2020-06-01,2020-07-01,0.011436555236922687,0.009199907691175475,0.003536420837785117,0.014862021602416148,0.012963710437773113,0.018640610525722776,0.0073630423749680655,0.006476336047267832,0.0022717446034552146,0.014707406984026831
2020-07-01,2020-08-01,0.05537901349380195,0.04106459553601342,-0.010413833496770145,0.05159072809413827,0.05633474454790701,0.1007719965707525,0.032047912359916816,0.025186711410273843,0.02907308483181722,0.06346770966295301
2020-08-01,2020-09-01,0.045156257615365604,0.033045534062730995,0.01357347117343665,0.03128223525981952,0.026702822657833296,0.08674555556196697,0.040651522564065616,0.03659270243808313,0.009004218534277159,0.058890627833323266
2020-09-01,2020-10-01,0.026687037239953065,0.02940770186457338,-0.004464126823565502,-0.0036506804516755584,0.015868938627852873,0.04735330196102055,0.02857832045977004,0.02504377074628731,0.03963304248848505,0.034860228999417285
2020-10-01,2020-11-01,0.014664691336234211,0.009227049138150499,-0.03352296932368995,0.013103790430832691,0.013345850436622937,0.042298360848071835,0.008195301002871832,0.009334806855656675,-0.0016680300989607407,0.024094528755647302
2020-11-01,2020-12-01,0.030439589623989717,0.015089489232148938,0.007553204087330463,0.01729602840018852,0.019767365872611693,0.0592406360273979,0.024638738214719017,0.029139730089688797,0.014853581562465402,0.040461939598900785
2020-12-01,2021-01-01,0.02232365542743046,-0.0025494964976056113,-0.01336572388504427,-0.0012527575511400765,0.015155464507508895,0.05082654785468374,0.024718154010820025,0.007727764063133276,0.021855115320399684,0.03309902833960997
2021-01-01,2021-02-01,0.027404217773016076,0.01529289228255839,0.025942518827039573,0.042286979706414686,0.011557763220484175,0.040476357521226844,0.013846794504433246,0.02743217185898118,0.02409306800100139,0.027967853612677993
2021-02-01,2021-03-01,-0.017585037525431713,-0.02264709036752131,-0.08547187953170905,-0.035720010687044945,-0.039520055149481814,0.0072638932919052894,-0.03953037098488829,-0.008961154424224172,0.008521942266549547,-0.015389974228767943
2021-03-01,2021-04-01,0.051609582115501436,0.033709675939561444,0.08142537403101163,0.07025537700755219,0.04894517620083007,0.047946913744269584,0.06030592103987853,0.04461314451696262,0.058225500894279324,0.03136514451236367
2021-04-01,2021-05-01,-0.001933514606306419,-0.034216353041857044,-0.09181607799259299,-0.029531325646119117,-0.016940221724147775,0.037592728969667186,-0.004651578763446237,-0.025932589277805528,-0.005708245986217093,0.01988772050693778
2021-05-01,2021-06-01,0.014065526681922087,0.002756753836647653,0.009009552315399346,-0.01265135130008841,-0.004017638458274666,0.04956170984042488,-0.00866104898092385,0.029527275687868924,0.007630398313660706,0.01723638669618495
2021-06-01,2021-07-01,0.0022758279954264507,-0.0014689442080476033,-0.028807253836088204,-0.0011699365547189295,-0.0014547735352907869,0.012847817425516436,-0.020175748792212234,0.018941668105219023,0.008404260096869308,0.006231989513257454
2021-07-01,2021-08-01,0.003263216219538974,-0.006765577535217933,0.02671560131431999,0.007153921185302692,0.001935695182134971,0.008594332332322372,0.0021599336427795043,-0.021374508958412634,0.011792029372344833,0.002194387317083972
2021-08-01,2021-09-01,0.031111541041360977,0.01720080896869886,0.027303395110040988,0.014655691223489408,0.038875030464440824,0.03484161064913516,0.025123722178326216,0.020211449389389183,0.049575786611866374,0.027493580610444632
2021-09-01,2021-10-01,0.0019573829377070306,-0.011307473555346215,-0.025235156195748423,-0.016458831119610794,-0.00020901702901245794,0.015007407677428924,-0.012772557779211498,0.01832916038607218,0.011442594176299503,0.004306459577947928
2021-10-01,2021-11-01,-0.04609658989986128,-0.07251551740165367,-0.12120092744761475,-0.07554840315574854,-0.07067332710891672,-0.0254023683119927,-0.03337156064567669,-0.039233346936894974,-0.03132303874456679,-0.034031389433796536
2021-11-01,2021-12-01,-0.0013050602353767028,-0.017444841547563185,-0.02757696592833601,-0.0067705174337515245,-0.013822191082176407,0.022232292696506843,-0.019975608124244204,0.007005263634440921,-0.013210403883578426,0.013384272576776922
2021-12-01,2022-01-01,-0.014565825541356513,-0.028918277166813135,-0.020831833917866367,-0.029377588580262105,-0.029107012829331258,-0.009409825137527795,-0.03355742849727539,-0.02920420340642369,0.026825675341591283,-0.015141706924127234
2022-01-01,2022-02-01,-0.035442798572793366,-0.045501750868955006,-0.04561023720210304,-0.06144446205600987,-0.04756527650158294,-0.028252045689017714,-0.0327925252677872,-0.04436763787135545,-0.007073946804816305,-0.031090857666081936
2022-02-01,2022-03-01,0.013415016461296852,-0.00850119259455198,0.005934315546059454,0.0054464242945226615,0.004247830112126736,0.03771314240553303,0.0033247144174195966,0.03271975501953345,0.002346303075185024,0.013496811683780023
2022-03-01,2022-04-01,-0.05063366457541535,-0.03881966734461536,0.0032988926407427482,-0.06729339895934484,-0.07479526523561272,-0.05784985162770498,-0.02619811315774827,0.0007658146036578547,-0.024794118435943723,-0.07256173957514919
2022-04-01,2022-05-01,-0.0030073473815701063,0.02174818468683834,0.10154804261293325,0.02894715168152888,0.0008472690329451057,-0.0345957143866812,0.006273952714845612,0.00992747971500645,0.036739519868957085,-0.028764809259197388
2022-05-01,2022-06-01,-0.04452212885483636,-0.04343403750583824,-0.06374881414124225,-0.06694446792842207,-0.056412321823123945,-0.036896704317756684,-0.02890624954687765,-0.034482243279004336,-0.020302168697578737,-0.04334636571587296
2022-06-01,2022-07-01,-0.11199841321784615,-0.09655854602540496,-0.08528563179903496,-0.14302779001514956,-0.1354330802959216,-0.12524437630655266,-0.06555019852776513,-0.04092456725686812,-0.07600625853765598,-0.12130413643739167
2022-07-01,2022-08-01,-0.1210351495261833,-0.09899313175686862,-0.008806692309169733,-0.12616320696632563,-0.13465046787848645,-0.13346516451234308,-0.11536364743724459,-0.15954010100342697,-0.07651084523771283,-0.15295533171260906
2022-08-01,2022-09-01,0.07293583309415691,0.04064490485635114,0.051054026465440785,0.06230560690217886,0.06569145014013082,0.08832035205385266,0.04757300962042951,0.09565460976594928,0.0513253448073135,0.11481894885685191
2022-09-01,2022-10-01,-0.011530992515189718,-0.016051315929699536,-0.05006059530175519,-0.029888071007034656,-0.02840130465752108,-0.011561525629843358,-0.0240857088586167,0.0002403039143939814,0.04027881923817683,-0.01682411433577348
2022-10-01,2022-11-01,-0.004780743845148155,-0.015210266855721733,0.010405817221312575,-0.012547108367115839,0.0015303382847840128,-0.02144494070193554,0.009392715185126802,-0.00060329914447856,0.0431905878942958,-0.007943824831991814
2022-11-01,2022-12-01,-0.046468350693699326,-0.049924515161767824,-0.11496363210414907,-0.0825312850779019,-0.06718797930553447,-0.03031142074333656,-0.0399370777980762,-0.005294278149874103,-0.05239098064756132,-0.015378342787224185
2022-12-01,2023-01-01,-0.09006296725027907,-0.07248376299605015,-0.07940296657088344,-0.07102112355154182,-0.09429238467183436,-0.10941393736599277,-0.07799826940767549,-0.10747324618504563,-0.050681130002013824,-0.10922673437130422
2023-01-01,2023-02-01,0.004935793483948476,-0.020626113609512085,-0.07641021504376826,-0.03006087910822971,-0.007839153765357133,0.037627144083782094,-0.006199929973143012,0.021523770323587408,0.004145326477141105,0.015536613338065434
2023-02-01,2023-03-01,-0.02659858743375917,-0.009595119914212644,-0.010792103958959368,-0.025116951659708908,-0.027706128781493946,-0.02771055304066715,-0.029271879484049683,-0.024323188914915753,-0.007317060266913969,-0.033437825843604455
2023-03-01,2023-04-01,-0.00929164684256097,0.010416992593972772,0.09909847914061225,0.030711678654570168,0.0037248563574452495,-0.024149934172207056,-0.0209274055302286,-0.06973815005538031,0.00029088988046193504,-0.010648529373809418
2023-04-01,2023-05-01,-0.031691864342946824,-0.02694724149742051,-0.06380537435377112,-0.03874889115499878,-0.04468503689550403,-0.02292589849197184,-0.036669397182178404,-0.053942932217415744,-0.012416866243812844,-0.03639184051375835
2023-05-01,2023-06-01,0.025522930908469764,0.005588210623772278,0.04491601499809404,0.018964563260002575,0.018843077100657725,0.05188288489715603,0.01902416663973685,-0.013138680306833737,0.013261186033744515,0.023087675699693843
2023-06-01,2023-07-01,-0.01374002246843383,-0.018227476551835566,-0.03725834432890662,-0.01846065655001283,-0.016559494662100948,-0.002278344401526841,-0.01696529435104684,-0.0338796503864364,-0.006220886992523185,-0.01269839999082184
2023-07-01,2023-08-01,0.015428908953943108,0.009500455744395219,0.042575143318932994,0.0117877014745072,0.005671991963284685,0.02987612461201724,-0.019582362797766484,-0.010413041017387294,0.015087276977992965,0.01718217093198717
2023-08-01,2023-09-01,0.021191722746577137,0.013036307725852282,0.06887988838437702,0.009707656831502173,0.01280077341670647,0.0401850734660555,-0.006226974013903418,-0.024925155560241594,0.012225743325570162,0.032497134962420654
2023-09-01,2023-10-01,0.001838212683319641,-0.015106911564365513,0.002032387972024232,-0.008204434132528086,-0.00914922389819229,0.018359465119802788,-0.009674473690918318,-0.016121080380872267,-0.003245024253343781,0.005283000359801013
2023-10-01,2023-11-01,-0.015954121874266806,0.004283788571220071,0.05435451359563933,0.002829055685145722,-0.008153115609995421,-0.03407644624098379,-0.01142298171267018,-0.004375543375731457,-0.0006804162620960121,-0.023882652921936313
2023-11-01,2023-12-01,-0.033805529907121865,-0.04500385482724288,-0.0870716598981307,-0.059016143411112616,-0.06808991515718495,-0.008786373575362102,-0.025845926536462324,-0.046124077435543684,-0.029849815697282442,-0.035407620588081265
2023-12-01,2024-01-01,-0.024536936158188038,-0.04559865153526245,-0.07693673981819227,-0.08159610887939438,-0.04775302417906158,-0.0003450563784238533,-0.016429822347991247,-0.020918809923645244,-0.020596342637983725,-0.009455715345754836
2024-01-01,2024-02-01,0.016077526687531516,0.008642204338225918,0.015764517677906528,0.009375523361026107,-0.002424599197605723,0.04051570281328734,-0.013545132620984293,-0.004998946787366461,0.005084508764142683,0.02124798773790464
2024-02-01,2024-03-01,-0.015476076365269082,-0.01448595021994576,0.02634661969224636,-0.02116763244105478,-0.019359618225367456,-0.021214598365447843,-0.010194532060212202,-0.04014455518544169,0.013991951859633717,-0.025241858644696143
2024-03-01,2024-04-01,-0.02494324557109735,-0.016621694499279575,-0.04031412235997578,-0.03411938071656153,-0.034027706793233865,-0.017494325740220765,-0.022144692085587024,-0.0440778057311591,-0.013728884751315805,-0.029411707278401325
2024-04-01,2024-05-01,0.016649841340188043,0.011813742819305001,0.04017343280777645,0.01313220251741339,0.0025043806295377453,0.02613109643845902,-0.012657570034438152,-0.002941401110734371,0.01980684703845886,0.019504073723478763
2024-05-01,2024-06-01,0.0247439015401303,0.01268475178459176,-0.01456356470926584,0.036594693877897336,0.011601200413559448,0.030681879428960494,-0.002442264372360692,0.024407100190855464,0.02125732361151863,0.012849314324278159
2024-06-01,2024-07-01,0.003831950342805977,-0.019269985059399638,-0.011929620741769112,-0.002865132651596411,-0.007580100521830982,0.00929676012186424,-0.007094926475159744,-0.00915951177542714,0.008237554054838087,0.011236010948297766
2024-07-01,2024-08-01,0.02818663362977496,0.031567917404127975,0.022247566202749015,0.038182789262756534,0.029502257135365514,0.03336821150726003,0.013438617455264933,0.005741871657518104,0.008569175655066113,0.044478954429034066
2024-08-01,2024-09-01,0.011298083420479919,-0.002659509986079399,-0.007460996202515717,0.0147307234915637,0.005424785924094225,0.02006798608082596,0.004979180478646064,-0.0024656358720145707,0.0009412646738281264,0.017697755379443073
