sasdate_t,sasdate_tp1,hard_label_t,pca_p_components,typical_k_r,p_R0_t,ptp1_R0,p_R1_t,ptp1_R1,p_R2_t,ptp1_R2,p_R3_t,ptp1_R3,p_R4_t,ptp1_R4,p_R5_t,ptp1_R5
1996-02-01,1996-03-01,0,29,5,0.19118636880865877,0.2522407535448615,0.17730465130086562,0.11979063207010635,0.15498819786543633,0.21231005115052942,0.16362928684124867,0.14393883039158456,0.15496916907382227,0.12693530802347247,0.15792232610996848,0.1447844248194458
1996-03-01,1996-04-01,2,29,5,0.1710017192125571,0.23579434352877077,0.163186840938825,0.16774981872535769,0.18226753870904336,0.15707042814126923,0.1676283086219752,0.04773077091484127,0.16139211663081338,0.1505695521943765,0.15452347588678594,0.24108508649538452
1996-04-01,1996-05-01,0,30,5,0.1908148959790444,0.32802543072581947,0.16000576769980915,0.17995993150042017,0.16093862214792604,0.2778038497959947,0.1521742340000909,0.0736408920181192,0.16638121029022424,0.04294374533836839,0.16968526988290528,0.09762615062127802
1996-05-01,1996-06-01,0,29,5,0.20243860915413214,0.26824545134489214,0.1567879223397497,0.20640379210573917,0.15516070757661352,0.045658486858588414,0.15959074160417225,0.19583489527848744,0.16966203992861417,0.11037484241969255,0.15635997939671822,0.17348253199260028
1996-06-01,1996-07-01,0,29,5,0.19419250497643362,0.29954482415472705,0.15895823353805288,0.11562120804244924,0.1559367581768827,0.15365249014110832,0.16318876650844763,0.10745263726771373,0.16916228834579022,0.17637498087887554,0.1585614484543928,0.14735385951512597
1996-07-01,1996-08-01,4,30,5,0.17594611328550044,0.25597797264808547,0.15767076901502522,0.175506800865723,0.1627985778928623,0.08576292425951702,0.16516005047476834,0.11661187883538765,0.1816658769596164,0.24631436587981934,0.15675861237222735,0.11982605751146753
1996-08-01,1996-09-01,4,30,5,0.17745175592803017,0.39489594579063614,0.16524240331122303,0.1703891974875418,0.16037986665355528,0.18209300609858173,0.15243819512937312,0.10084523374068052,0.18257279815381966,0.14243705078108448,0.16191498082399866,0.009339566101475271
1996-09-01,1996-10-01,0,30,5,0.18881401698953157,0.29847218352029437,0.15664015711383764,0.14320968501102485,0.16750621898173837,0.13119949185356497,0.16963474923350283,0.15919941902350487,0.1594326453834847,0.13531698707213302,0.15797221229790484,0.13260223351947784
1996-10-01,1996-11-01,4,30,5,0.1530753846436914,0.33056528904109816,0.1588840848080137,0.07852299650122607,0.16323682796447553,0.20864484769059083,0.15688071760833408,0.12482890659764986,0.19147657651667133,0.07703506558465098,0.1764464084588141,0.18040289458478426
1996-11-01,1996-12-01,0,30,5,0.1904196832297366,0.36068362963928735,0.16217854158723446,0.22792186806883152,0.15292096643840267,0.17356141480383175,0.1535093439702046,0.11130698471055266,0.17908659788596673,0.0680235434694918,0.161884866888455,0.05850255930800498
1996-12-01,1997-01-01,0,30,5,0.1808951948185517,0.3190759139257333,0.15964463682445015,0.1467119403415269,0.15895708461486,0.1594727487720526,0.16045900378171785,0.05546928809445863,0.1708915366490843,0.13781778622192858,0.16915254331133595,0.18145232264429986
1997-01-01,1997-02-01,0,30,5,0.18670125213829092,0.4153930372848725,0.15225188161757106,0.1578747851812699,0.15926854312892852,0.07165850471827609,0.1621039307973102,0.2140907622307096,0.1734035526339294,0.07165850471827609,0.16627083968396975,0.06932440586659566
1997-02-01,1997-03-01,2,30,5,0.1626012075626805,0.4189612275053243,0.1534314076918154,0.06186734109344765,0.19648354536244642,0.04880169850004443,0.15466835273361912,0.29402373367386836,0.15950317135038186,0.04880169850004443,0.1733123152990567,0.12754430072727085
1997-03-01,1997-04-01,2,30,5,0.14636777031390305,0.3718242435749406,0.171910479733489,0.2542058088557588,0.1988827520863131,0.13677615463662515,0.15874161187621047,0.041035176415511576,0.1543147971841786,0.1159407195846093,0.1697825888059059,0.08021789693255472
1997-04-01,1997-05-01,0,30,5,0.1790381230768857,0.4144530020819921,0.16958233711467582,0.2216733295424762,0.16210165633528462,0.06983248821729868,0.1634270214544903,0.09002927619680667,0.15615707952455452,0.06505307061331507,0.1696937824941089,0.13895883334811115
1997-05-01,1997-06-01,2,30,5,0.17655092254532845,0.41085246162949407,0.14378250210632249,0.09976451384450721,0.1904023909751861,0.09501073739084073,0.1678576532338714,0.12268867569519035,0.1672395767480758,0.1180447052864591,0.15416695439121575,0.1536389061535085
1997-06-01,1997-07-01,0,30,5,0.18883014237150217,0.4266008653252884,0.14805659475681573,0.19649400808903988,0.16386825648322637,0.11073020878352541,0.17664050131026876,0.09316589854390564,0.16226587562051184,0.08953921476125773,0.16033862945767519,0.08346980449698298
1997-07-01,1997-08-01,2,30,5,0.16572417951272655,0.34012061924855286,0.1568575913161267,0.022598751751735438,0.1950156616373454,0.08402144312176674,0.167427268902834,0.1934362009290757,0.1633673306073675,0.08975038717023162,0.15160796802359985,0.2700725977786376
1997-08-01,1997-09-01,0,30,5,0.1751035664809034,0.4003965490632691,0.15584704943683356,0.23204299510166576,0.16947015571874682,0.18000295463901253,0.1703846410500973,0.0980097036312653,0.1704952992267475,0.07432140047949143,0.15869928808667147,0.015226397085295947
1997-09-01,1997-10-01,5,30,5,0.16718804316871277,0.22398793667141204,0.1598385663978137,0.18966372596679854,0.16383481401777114,0.13832065321638035,0.1568278264157334,0.16571131510919096,0.15818326518372194,0.038451671880876045,0.19412748481624703,0.24386469715534204
1997-10-01,1997-11-01,2,30,5,0.15547750556641368,0.16085713409605254,0.15513795500780214,0.15983157975556642,0.1916291672046782,0.1912614662155914,0.15030318576192794,0.14224432537398748,0.16554420452047341,0.13485195256982244,0.18190798193870453,0.21095354198897964
1997-11-01,1997-12-01,3,30,5,0.15855861360118106,0.1451931979179016,0.17550404822101073,0.10016215473216317,0.16769375799210262,0.17218293573550217,0.18357938701186477,0.17504483715392188,0.1433668233197292,0.24646624986021376,0.1712973698541117,0.16095062460029758
1997-12-01,1998-01-01,5,30,5,0.15348280911603726,0.16089032477621368,0.17237749329237922,0.2410100837948036,0.155310633120084,0.09000932060252241,0.16158199802543616,0.16631051468526334,0.16830894347248684,0.17614644510416902,0.18893812297357643,0.16563331103702786
1998-01-01,1998-02-01,5,30,5,0.14511061860748634,0.13301806705686248,0.15495484061934434,0.18748807037145104,0.1693444325861821,0.15313835715450594,0.16660119547804542,0.17523042844760123,0.17610148347361676,0.17433272364201002,0.18788742923532517,0.17679235332756937
1998-02-01,1998-03-01,5,30,5,0.1489878812886512,0.13544352844422836,0.16537417744915495,0.1870393863502243,0.15567924761565963,0.18704053348971386,0.1705763054436752,0.11502677016637697,0.16673443536177635,0.23909365308357325,0.19264795284108263,0.1363561284658832
1998-03-01,1998-04-01,1,30,5,0.14011099147782755,0.1260998923300448,0.19550037291547523,0.16419107765112698,0.16574274677786838,0.20206006006550686,0.16687920413139323,0.30645927871587264,0.16194560937183647,0.08959061644225089,0.1698210753255991,0.11159907479519778
1998-04-01,1998-05-01,4,30,5,0.14837166213176237,0.13353449591858613,0.16280352884518529,0.12130760365905117,0.16747771628065963,0.24870772783295803,0.1675419215611628,0.21206006504687136,0.19045394926206566,0.17456349060271023,0.1633512219191643,0.10982661693982308
1998-05-01,1998-06-01,1,31,5,0.1514614801745052,0.13252879515269206,0.19690711270697145,0.1074607996575299,0.16938580863476754,0.17098155362645262,0.15709389491205852,0.24431535509334376,0.15409745452629983,0.17512372494897066,0.17105424904539746,0.16958977152101098
1998-06-01,1998-07-01,0,31,5,0.19916148077324927,0.31026130876175717,0.1643484195141154,0.14099892317983162,0.15116255898662015,0.07447518455410412,0.15963573935667813,0.15971024307153645,0.15289810084379443,0.1475432595356689,0.17279370052554266,0.16701108089710176
1998-07-01,1998-08-01,2,31,5,0.16274829501556531,0.31683878353266937,0.16691397986936815,0.13983481020315863,0.18792673217595854,0.13786414201173142,0.14875376460356618,0.10979288840282578,0.16863320011668015,0.18628203362590307,0.16502402821886158,0.10938734222371162
1998-08-01,1998-09-01,2,31,5,0.16194945828511645,0.2335614198692789,0.15231809899855303,0.1861682731968838,0.19133228483127337,0.14288265905983766,0.16588278254465125,0.1256883575977225,0.15369360189865156,0.13143761547924204,0.17482377344175443,0.18026167479703514
1998-09-01,1998-10-01,0,31,5,0.18932524936240483,0.33316547394404733,0.17003160356751088,0.1702223642318763,0.16583956502232877,0.09803681618753023,0.1542212488429448,0.11835907522091518,0.15607243354894892,0.10074041514429738,0.16450989965586174,0.17947585527133356
1998-10-01,1998-11-01,0,31,5,0.18924443707405522,0.3911604837820683,0.1565262960495528,0.1699959941008847,0.1650502471261926,0.13444064807137993,0.1526473542538571,0.12780566395035825,0.16263602496222648,0.09738685849678336,0.17389564053411585,0.07921035159852548
1998-11-01,1998-12-01,0,31,5,0.18595113238001357,0.28122127524072354,0.1586931956478874,0.1364883871423685,0.1696503575000697,0.1994254837069977,0.15386992229262356,0.15829277885641377,0.1667963153237557,0.15633265419211725,0.16503907685565014,0.06823942086137927
1998-12-01,1999-01-01,2,31,5,0.17816810612524056,0.24381487332178353,0.14942332658562016,0.13928713000917958,0.19631991724539602,0.055129712066538814,0.1507234780972476,0.11646173037686444,0.15726948552051032,0.3968239600398933,0.16809568642598516,0.04848259418574012
1999-01-01,1999-02-01,0,31,5,0.19204098612803835,0.3424794316350602,0.16286570383983365,0.057870438241688596,0.1631840617567091,0.20510324491081788,0.16059256685514772,0.12107350975174137,0.16643530744334992,0.12053829912558107,0.15488137397692123,0.15293507633511078
1999-02-01,1999-03-01,4,31,5,0.16811983694909946,0.37519813522602385,0.15274158794738585,0.07186819025697032,0.1711284761976043,0.13841709508603067,0.15820953562931794,0.11875604941629328,0.19437753647195893,0.14451113562755866,0.15542302680463352,0.15124939438712326
1999-03-01,1999-04-01,0,31,5,0.20078507346363958,0.33828425370741777,0.15276992319619792,0.1516295398286926,0.1629255740767345,0.15779166943934714,0.16262942032209068,0.05949505379206614,0.15570818204701317,0.14501802690080434,0.16518182689432412,0.14778145633167195
1999-04-01,1999-05-01,0,31,5,0.19029355872001436,0.3381428116312402,0.1591360395278992,0.13876665668370913,0.15954026212021866,0.07167041789104296,0.16593144280353941,0.08158987479993925,0.16570135434273564,0.24811242200080325,0.15939734248559276,0.12171781699326525
1999-05-01,1999-06-01,4,31,5,0.16667052406732377,0.2721552476175695,0.17053869303890312,0.1579909181542184,0.16024174010387762,0.12327300171335188,0.16658899010665976,0.24151896814022258,0.18484541246249617,0.10785341956724903,0.15111464022073967,0.0972084448073888
1999-06-01,1999-07-01,0,31,5,0.18571872576549553,0.3591755458016598,0.15306916806912949,0.1470675849814518,0.17260128440852512,0.24243472006207178,0.16109469405688387,0.06904051376341006,0.17992242703124384,0.046146941985465526,0.14759370066872224,0.13613469340594114
1999-07-01,1999-08-01,0,31,5,0.19277912419088458,0.3555981418809139,0.16601098678082957,0.13838941170022936,0.15954880919238928,0.15976910906096256,0.1615635081838507,0.08269511186859005,0.16054294145808104,0.15146111925633937,0.15955463019396482,0.11208710623296478
1999-08-01,1999-09-01,4,31,5,0.17757055034466623,0.4498326649764593,0.1548497616629275,0.2000344250696008,0.17402729799325872,0.17586603756366948,0.15278881156776797,0.12216648791060891,0.1941656597918109,0.026635582551699934,0.1465979186395685,0.025464801927961328
1999-09-01,1999-10-01,0,31,5,0.20851480560520827,0.3902794002238644,0.16524489999267214,0.08368500296817591,0.1495138904490159,0.14307517516171994,0.15401519303828987,0.18681897873956949,0.15813421648011203,0.16321805254795319,0.16457699443470192,0.032923390358717095
1999-10-01,1999-11-01,5,31,5,0.1559738787732426,0.36271318056551427,0.17153602950879543,0.08377999395904512,0.1619634961347066,0.14059188467469091,0.14960306308383264,0.14119525459761006,0.16606287654773977,0.18834366026560947,0.19486065595168298,0.08337602593753021
1999-11-01,1999-12-01,5,31,5,0.17120670856664133,0.3387825835557293,0.16127432670350642,0.16375216191519787,0.1607083358959159,0.11918249620055807,0.16442039295358807,0.1531102977044023,0.16006650418979798,0.14154559246444354,0.18232373169055044,0.08362686815966902
1999-12-01,2000-01-01,5,31,5,0.17125713557475958,0.30436279450434167,0.16710737652786412,0.1845693421104163,0.15363641586606552,0.10444211032991507,0.16076408292252264,0.08261589212751422,0.16128131245874505,0.20681410637410558,0.18595367665004303,0.11719575455370711
2000-01-01,2000-02-01,0,31,5,0.17995153045870252,0.29956488571872913,0.1529899804280791,0.1889925655698049,0.16257937921694063,0.1517536627306571,0.16810574227111885,0.14415374529636155,0.17021218288096976,0.15576032862096706,0.16616118474418923,0.05977481206348033
2000-02-01,2000-03-01,0,31,5,0.18542233380682016,0.34770360753367835,0.1618059156598328,0.08074474446912003,0.16012830376927117,0.08293668145125067,0.16109923263067275,0.05542515860950666,0.16567085123090183,0.18483369380961204,0.16587336290250135,0.24835611412683228
2000-03-01,2000-04-01,2,31,5,0.1696822989483406,0.311928370025341,0.157925033183858,0.21614912212259169,0.17964167175466622,0.16482178668160113,0.15972157913219187,0.13359645960328476,0.1621315171105748,0.07411772020664004,0.17089789987036846,0.09938654136054131
2000-04-01,2000-05-01,3,31,5,0.18004377575113173,0.39920465948602524,0.1544243805539623,0.03434701548387323,0.15697924497111254,0.09315173148701919,0.1958119776164708,0.04425811595432996,0.15508708520119038,0.1434354940339674,0.1576535359061324,0.28560298355478514
2000-05-01,2000-06-01,4,31,5,0.16678406524532205,0.2369508478857436,0.16217554883506624,0.09530538949663458,0.16499432250699206,0.18404719338403758,0.15845396645783777,0.03878177718844625,0.1884298912719926,0.1903850887626895,0.15916220568278916,0.2545297032824483
2000-06-01,2000-07-01,0,31,5,0.18772669917235302,0.291928194409212,0.15754951682252188,0.17192273902147184,0.1657437310718562,0.12884878936536406,0.16053738373238285,0.09354951072703235,0.16352091529934723,0.1255581927339553,0.16492175390153885,0.18819257374296441
2000-07-01,2000-08-01,2,31,5,0.16841549860419505,0.27343738233385545,0.15860240682723978,0.12558688338104937,0.1820999845016275,0.11601372968604526,0.16176546822915353,0.19172336695207523,0.16335335434986825,0.15012522758415642,0.16576328748791583,0.14311341006281825
2000-08-01,2000-09-01,0,31,5,0.20243777509673097,0.3628289789796815,0.15224188945167008,0.15506991297955242,0.17262623076557804,0.07231205238101754,0.16221363600352146,0.1480315474291758,0.15138795818257444,0.12280022106541338,0.15909251049992493,0.13895728716515923
2000-09-01,2000-10-01,0,31,5,0.19888885770397663,0.4324800748534905,0.1586647349838562,0.04592325613032003,0.1607313964561201,0.16444676358958082,0.15976675053118364,0.1630162502017724,0.15568251045250225,0.06860595401220224,0.1662657498723612,0.12552770121263404
2000-10-01,2000-11-01,0,31,5,0.18870510907713206,0.35341283317869854,0.15493116169726664,0.22197121001515363,0.1611020744982672,0.09095895201786969,0.16686986559349498,0.14140624887433456,0.1656164125202622,0.0999316400083143,0.16277537661357686,0.09231911590562922
2000-11-01,2000-12-01,0,31,5,0.21958073839547645,0.3925138114584255,0.14966409627293842,0.13612390892884185,0.15617133808821948,0.09994579694241737,0.15464417891246954,0.16616932204497023,0.15337529173131756,0.1557075427669863,0.16656435659957858,0.049539617858358774
2000-12-01,2001-01-01,0,31,5,0.19398729017513705,0.39647005463184415,0.16235916034775302,0.11223598138103308,0.15850005958999835,0.06257355387819132,0.16611626376267027,0.19466152001275833,0.16000819160955437,0.14261666642669166,0.15902903451488695,0.0914422236694816
2001-01-01,2001-02-01,0,31,5,0.2010767347810615,0.49377345056421745,0.158385616832721,0.14419248975910265,0.16021614339304674,0.0750651430168784,0.1659960753951365,0.032108148501723346,0.15438018233869188,0.1163671991601622,0.1599452472593424,0.13849356899791598
2001-02-01,2001-03-01,0,31,5,0.20283342250634923,0.20598553848771445,0.16427065594918022,0.15355330546575938,0.1633211555522358,0.13404650947779406,0.15465609278833825,0.1014994318806251,0.15559044352071327,0.19139976170250184,0.15932822968318325,0.21351545298560518
2001-03-01,2001-04-01,0,31,5,0.2237248806731917,0.2209878289938498,0.14955273884219536,0.1808506032027472,0.1578198241956655,0.17505606497040194,0.14690106909188735,0.1674425009414789,0.1624849893211203,0.056452745297430024,0.15951649787593974,0.19921025659409214
2001-04-01,2001-05-01,0,31,5,0.20314868427818775,0.22855737309921775,0.1524050541736266,0.16816475511555717,0.16455563969414005,0.1348966135560405,0.1458270672848045,0.15520688729501614,0.16463954285362803,0.15814348975906556,0.16942401171561308,0.15503088117510289
2001-05-01,2001-06-01,0,30,5,0.19430253254330426,0.25220600695801004,0.15727784029999295,0.21770418347417436,0.17538634420630306,0.11408125512313033,0.1491971171004451,0.18169282549721585,0.16022806307213874,0.14478400610632933,0.16360810277781565,0.08953172284113986
2001-06-01,2001-07-01,0,30,5,0.20833070878167378,0.23950590982456302,0.15861497662716753,0.08064552477457229,0.16052146861131789,0.04999058679645424,0.1588651281437673,0.20961230926824934,0.16129104954914458,0.24416598705109027,0.15237666828692903,0.17607968228507093
2001-07-01,2001-08-01,0,30,5,0.21345425133188514,0.23161583859020485,0.1713953684423014,0.142415667008644,0.16352394671205614,0.0856976842211507,0.15596416798690574,0.0965812661003767,0.14686880867146088,0.32209519142778903,0.14879345685539064,0.12159435265183466
2001-08-01,2001-09-01,0,31,5,0.19975316375318433,0.2653959511125212,0.15373194711825786,0.12096694097747565,0.17242919955841957,0.19191422193775332,0.1573054292402172,0.19532934549870673,0.16443320364161215,0.11522559806526542,0.15234705668830892,0.11116794240827776
2001-09-01,2001-10-01,0,30,5,0.19681519379750467,0.2976851943195884,0.15715297443169696,0.20449891212446547,0.1638315544382981,0.13238559123148202,0.1531718913283754,0.18643219394747834,0.16858032414644517,0.07921241737078745,0.16044806185767976,0.09978569100619837
2001-10-01,2001-11-01,0,29,5,0.18484945369065,0.2814532881399341,0.15930891178850567,0.21777851916835078,0.16680342659616887,0.12674812839083313,0.165977392232061,0.18222910103366713,0.1635412944014804,0.10838197916387193,0.15951952129113414,0.08340898410334309
2001-11-01,2001-12-01,0,29,5,0.20519548266872864,0.2225972101870463,0.15991674236932396,0.11484018105802922,0.1654325177530395,0.10124044346754696,0.1563272321924786,0.23805429682014073,0.15651247735157015,0.1552666831346122,0.15661554766485916,0.1680011853326246
2001-12-01,2002-01-01,0,29,5,0.19746118458937567,0.2210573532033223,0.15759394607158683,0.12132173469845868,0.15888700045196158,0.13178371185885643,0.15542330874253302,0.16969725409977376,0.16546137984691645,0.19304710168657785,0.1651731802976264,0.16309284445301087
2002-01-01,2002-02-01,0,29,5,0.18192820116078393,0.20327950837309502,0.14945915048617778,0.12620681899411715,0.16509809036377718,0.06717112436950817,0.16595766424209776,0.29451428355178677,0.16858452648432798,0.2540227384265394,0.16897236726283557,0.05480552628495369
2002-02-01,2002-03-01,0,29,5,0.19148685224499076,0.21298507641437772,0.15048756918570877,0.1443285887740564,0.16558781346936297,0.17042024512337378,0.1559250505666951,0.21474757434753833,0.16341061449688693,0.17258413298012637,0.17310210003635543,0.0849343823605273
2002-03-01,2002-04-01,1,29,5,0.16680465920595694,0.3124067568600706,0.1962655197790312,0.14749386296497835,0.16408348046065963,0.23174068429618827,0.1563826906820478,0.09858031341774844,0.1653061236408827,0.17243465108530828,0.1511575262314217,0.037343731375706034
2002-04-01,2002-05-01,3,29,5,0.1828104655461067,0.24511824615975214,0.15014293418942337,0.13880833977584908,0.1549920783435402,0.1398993377151776,0.19528440297953756,0.2044249262568429,0.16217477200717384,0.06870904308187484,0.1545953469342184,0.2030401070105035
2002-05-01,2002-06-01,1,29,5,0.16677639764085975,0.23492953858035115,0.195903443546535,0.2038451767675283,0.17556984606995532,0.14604693576670413,0.15402048951498304,0.1907543872061711,0.1420106606118544,0.12215535221113738,0.16571916261581246,0.10226860946810787
2002-06-01,2002-07-01,3,28,5,0.15587363446922242,0.22282805546220116,0.15560566477688434,0.057015855037369875,0.15205647600850822,0.08283559739033529,0.19829508379848965,0.20649895929686976,0.1624324161624385,0.2602288904210414,0.17573672478445682,0.1705926423921824
2002-07-01,2002-08-01,5,29,5,0.18000621229706595,0.23087080857160536,0.16363807481117343,0.11929805263413876,0.15709768636083,0.04623120519874307,0.15410401732914356,0.2377706958927519,0.15760532596192434,0.1682802093352834,0.18754868323986268,0.19754902836747745
2002-08-01,2002-09-01,5,29,5,0.17190172483716198,0.22897440596779195,0.15621886508283198,0.1680458559561345,0.16224551902028295,0.1779486516981096,0.16418677015049826,0.12301715044530548,0.15922718868999103,0.10568213754653275,0.18621993221923366,0.19633179838612555
2002-09-01,2002-10-01,5,29,5,0.17732743225375233,0.23685913369720069,0.16329732086703216,0.13265160388011202,0.15914502567951422,0.11627290175175749,0.1523789746378102,0.09467647923220776,0.1594840355563404,0.2200897059173118,0.18836721100555068,0.1994501755214102
2002-10-01,2002-11-01,2,29,5,0.17626987476589595,0.2350326085158386,0.16255337251966256,0.09643382307671945,0.18934095971891451,0.2085105438037353,0.16626206003637353,0.15810934312442124,0.1525515075115732,0.21182717076230576,0.15302222544758026,0.09008651071697965
2002-11-01,2002-12-01,5,29,5,0.16830965890876462,0.17595313757761954,0.14684975756841534,0.06932379734819835,0.17498440387935973,0.2530597449502384,0.15094538256084392,0.28131948302011356,0.16680446952800126,0.09641228244898986,0.19210632755461504,0.12393155465484015
2002-12-01,2003-01-01,1,29,5,0.14553262621071017,0.13946876678526393,0.19194681507630781,0.2601159008382857,0.16356433199179138,0.1992479694005868,0.17568472784882122,0.07677872603052313,0.1591580181389199,0.2132612673369246,0.16411348073344947,0.11112736960841582
2003-01-01,2003-02-01,1,29,5,0.17258081029722097,0.16507729680603744,0.18664949297018996,0.2130244819101279,0.13835539894425875,0.12209755075654039,0.15576257941728608,0.15727214403657563,0.17135843290572006,0.05843109515510809,0.17529328546532427,0.2840974313356106
2003-02-01,2003-03-01,5,29,5,0.1551508376151989,0.14809852681450805,0.16384402163139014,0.14250706618374617,0.15881473477438274,0.15273950044604573,0.1545815745342677,0.14123999720089847,0.17057966452826986,0.19484961048794533,0.1970291669164907,0.22056529886685633
2003-03-01,2003-04-01,3,29,5,0.1452153023225228,0.13830028792621218,0.1744661700628145,0.165250077426298,0.15824939258634865,0.25885141052715493,0.19092721880234434,0.24748721649928662,0.17281169983767,0.05934352221988075,0.15833021638829967,0.13076748540116745
2003-04-01,2003-05-01,2,29,5,0.16708641681194883,0.15873209597135138,0.1655831717558379,0.19005105972347278,0.19288191641229788,0.08398803580958074,0.15905350739070429,0.15637327695418063,0.16088879196618183,0.28168063323598624,0.15450619566302934,0.12917489830542825
2003-05-01,2003-06-01,5,29,5,0.16699014389750574,0.15820118895553176,0.16627173833478778,0.15941252971545125,0.14799636143490158,0.14316017821033228,0.166257616677132,0.24887473871091476,0.16351292914903007,0.15286410529472338,0.18897121050664287,0.13748725911304663
2003-06-01,2003-07-01,5,29,5,0.15630647354930757,0.14762278057434602,0.16476488887016189,0.2441531435838103,0.15166569231677157,0.18009193436847779,0.17733055357246316,0.18611387542471017,0.1574945680637234,0.1150145751480999,0.19243782362757242,0.1270036909005558
2003-07-01,2003-08-01,3,29,5,0.1592833989653745,0.14991378726152893,0.17898748143032484,0.17763539093665653,0.15565756255697993,0.1512230569365024,0.1884525252573832,0.09671216130592762,0.15028612255933085,0.17962326655856273,0.1673329092306067,0.2448923370008218
2003-08-01,2003-09-01,1,29,5,0.15108060503921075,0.23026931082640162,0.18729441293665652,0.19769740879035053,0.17252947775533048,0.14184625793471173,0.1699470892760189,0.17349560652002,0.1604623757848193,0.09711720843212449,0.1586860392079641,0.1595742074963917
2003-09-01,2003-10-01,3,29,5,0.14217495533012037,0.18631039376562347,0.17387179036642483,0.17687709177467295,0.15480408435425386,0.10515477535786927,0.19213359563534743,0.25432441655069404,0.17173104306099585,0.137207088919403,0.1652845312528577,0.1401262336317373
2003-10-01,2003-11-01,3,29,5,0.15121626024775778,0.24447223918552685,0.16983508022034174,0.17277150645946626,0.1490125798957122,0.07438755690901211,0.1893754482537868,0.11335921841221078,0.1707684054486913,0.24456151677071578,0.16979222593371004,0.15044796226306806
2003-11-01,2003-12-01,4,29,5,0.13602804577350325,0.2194296530403432,0.15823782339455567,0.17412930347353295,0.16206717191045664,0.08983172273866041,0.16741328585299842,0.11188318087127477,0.2017488819339303,0.2593054805973922,0.17450479113455586,0.14542065927879655
2003-12-01,2004-01-01,4,29,5,0.13692839953670247,0.22769221006435308,0.16067581710450998,0.14676998623681653,0.16335546378153365,0.13068437102522693,0.16926972187712547,0.17226356322643344,0.204267046214071,0.21339217946560846,0.16550355148605753,0.10919768998156165
2004-01-01,2004-02-01,4,29,5,0.13571306437410632,0.21382434039701909,0.1591275267279594,0.1673166445316582,0.16704501460667343,0.10419657897380731,0.17552649176841523,0.26648853718861165,0.1952919874242455,0.15790421798760607,0.16729591509860003,0.09026968092129753
2004-02-01,2004-03-01,4,29,5,0.13339706320123232,0.20229738653016666,0.16490974686854615,0.12864362769587417,0.17142428052445752,0.11070145438533523,0.16028901435694873,0.10477235836474066,0.20288100973088066,0.2371918940211811,0.16709888531793463,0.21639327900270217
2004-03-01,2004-04-01,4,29,5,0.150918085046902,0.2165550729824917,0.1808864153060669,0.22196734875250715,0.17641492115883883,0.13525994379234915,0.15974104283360507,0.13121416646617318,0.1886013129580625,0.16791460549386175,0.14343822269652473,0.12708886251261708
2004-04-01,2004-05-01,2,29,5,0.1477415903887814,0.2680722357556019,0.16061045258500298,0.14739623851838468,0.20206950581537148,0.2116912623378994,0.1442238422779885,0.06111681477869017,0.17249345099485155,0.11662935117630562,0.17286115793800405,0.19509409743311823
2004-05-01,2004-06-01,4,29,5,0.13819900937836127,0.23019490235451529,0.15456615689782627,0.05007778052931331,0.19080790816823462,0.16227730110033017,0.1467396456127956,0.15190231238639754,0.1989194621219624,0.24329240508448108,0.17076781782081987,0.16225529854496265
2004-06-01,2004-07-01,2,29,5,0.15484338429194452,0.20170102326589706,0.17375248972898347,0.13377753101731313,0.19031948978583477,0.21633195182732493,0.17175192593594849,0.17325155413466176,0.1532579380083477,0.08986969016615934,0.156074772248941,0.1850682495886437
2004-07-01,2004-08-01,2,29,5,0.1376874207565278,0.2133290047783521,0.15152480248877467,0.1402526442028746,0.19848184844291816,0.2814440252661091,0.19059419925715765,0.12673068144173483,0.16416868129917456,0.1263685285110714,0.15754304775544714,0.11187511579985793
2004-08-01,2004-09-01,5,29,5,0.12809761975141415,0.2246041547591429,0.1675887011739257,0.18024823316882832,0.16052063949465764,0.09211741118550826,0.1688576151979204,0.05586290039130857,0.16853957926617177,0.13208909137713165,0.20639584511591033,0.31507820911808027
2004-09-01,2004-10-01,3,29,5,0.1317377584051096,0.14589486845972935,0.15972989644620827,0.17662986764338895,0.15312164927629232,0.1494929742302798,0.20216679068452867,0.21721315017326864,0.18148504589877396,0.19834715506022527,0.17175885928908732,0.11242198443310811
2004-10-01,2004-11-01,4,29,5,0.13286821227677612,0.15137726218203754,0.1731347776349597,0.14732942725204043,0.14489924616865965,0.1392886122783647,0.18443256200726785,0.16620216721164757,0.19561575350125712,0.2743770458717729,0.16904944841107958,0.12142548520413682
2004-11-01,2004-12-01,3,29,5,0.1386967962917003,0.14581138006830258,0.1615704709096424,0.2139070938366846,0.161719141935993,0.0820013007726119,0.19701133995245104,0.14793820205790492,0.18428972418178774,0.2670059569251093,0.1567125267284255,0.14333606633938667
2004-12-01,2005-01-01,3,29,5,0.15383553679035802,0.15559106005829507,0.15175361300987322,0.0731614145491813,0.1525351735679527,0.18616399271912434,0.19725561971198524,0.15780579560454877,0.17753395724566845,0.24240631028109705,0.1670860996741622,0.1848714267877533
2005-01-01,2005-02-01,3,29,5,0.14701614314469022,0.23095380541452698,0.17097189497089416,0.07841924116032996,0.16848464224212006,0.20806295290303883,0.180733921323253,0.19116508835690993,0.17297276860527813,0.12804878406891648,0.15982062971376435,0.16335012809627772
2005-02-01,2005-03-01,4,29,5,0.138502320860621,0.2245647911709106,0.18272789582981433,0.1366441467529293,0.16041045911983726,0.1053304460016902,0.1545106330078246,0.13697062116149236,0.19407508036593327,0.3334952308479463,0.1697736108159696,0.06299476406503121
2005-03-01,2005-04-01,4,29,5,0.14974923365338091,0.275607716883977,0.17368822094757846,0.3169119320633686,0.14897737940118153,0.013613566695761902,0.1816691943432269,0.06947528837903139,0.19283035503251234,0.16860733322879867,0.15308561662211992,0.15578416274906248
2005-04-01,2005-05-01,1,29,5,0.1421756656999829,0.21837981648231308,0.2006251913128238,0.17750180382808473,0.17972181164376833,0.20899284136559337,0.17528179601240115,0.15399811277410225,0.16612317290610268,0.18772174416640572,0.13607236242492093,0.05340568138350063
2005-05-01,2005-06-01,0,29,5,0.21051315851269808,0.2806434118205861,0.1487939718709427,0.12371868524098498,0.1589734551324946,0.0965043948229533,0.15982267782863882,0.09140681696075269,0.15499035953288712,0.31213556265678377,0.16690637712233877,0.0955911284979393
2005-06-01,2005-07-01,5,29,5,0.1380647376196827,0.1576923373266118,0.1644597893259726,0.19642202773204726,0.17271750878434938,0.16126857636605163,0.16219274038860132,0.0951579468823332,0.1757672568299781,0.14811047833666696,0.18679796705141602,0.2413486333562893
2005-07-01,2005-08-01,0,29,5,0.20509939974098187,0.2322342862929385,0.16588584114925395,0.05046123389552333,0.16280931931173964,0.23679463379608004,0.15138370168657,0.18818897576776983,0.15332712045606936,0.10537881325593633,0.16149461765538528,0.18694205699175204
2005-08-01,2005-09-01,1,29,5,0.1418604065357109,0.13569256277328867,0.19273980892481188,0.289900713195755,0.17987304126964165,0.1778778025129908,0.1612202623866358,0.11348415630514472,0.1661397591891522,0.14864012047864042,0.15816672169404747,0.1344046447341803
2005-09-01,2005-10-01,3,29,5,0.17227700147634215,0.16444622868196296,0.1680054512099293,0.14421757664998802,0.147841172504161,0.09723237083175121,0.19002090618011624,0.1801138519084574,0.16444822036382886,0.21143722761195502,0.1574072482656225,0.20255274431588538
2005-10-01,2005-11-01,4,30,5,0.16248384898002322,0.15509821948093125,0.16060746192484213,0.16144250441982372,0.17209507761988582,0.15980300070115916,0.1706794447676171,0.0995878722591199,0.19031557063876173,0.24382668424427936,0.14381859606887018,0.1802417188946867
2005-11-01,2005-12-01,1,30,5,0.15641335046626817,0.14896509568216015,0.198022122378599,0.14434031474869682,0.1691674526777289,0.1980716650163088,0.15213681943545065,0.20804563245978464,0.15383305207222822,0.1234619061209202,0.17042720296972497,0.17711538597212928
2005-12-01,2006-01-01,4,30,5,0.1536627594054175,0.14597962143514662,0.15911542183968816,0.19401889389203994,0.17811588366910078,0.15523299981611854,0.16089567156570117,0.1024208486256501,0.18523377877870392,0.2562185761754651,0.16297648474138854,0.14612906005557974
2006-01-01,2006-02-01,2,30,5,0.14970632139221277,0.14222100532260212,0.15971382196370895,0.19869892040119286,0.19056143658422364,0.23849938338514792,0.16728741503990474,0.12752137197963073,0.17684716164240719,0.16033205159869718,0.15588384337754266,0.13272726731272913
2006-02-01,2006-03-01,2,30,5,0.1569340772306826,0.14867438895538349,0.16388187273104177,0.24050713187799158,0.19427741609953683,0.22563260659522494,0.16795453200760566,0.10269010769150692,0.16493762166946505,0.14213407864178457,0.1520144802616681,0.14036168623810844
2006-03-01,2006-04-01,2,30,5,0.1408943797546625,0.1330669142127368,0.16992152644472885,0.20767502070023847,0.19234184105785537,0.1960543536323541,0.17323243790848397,0.25542352411568103,0.1712643384951551,0.12023015532472481,0.1523454763391142,0.08755003201426469
2006-04-01,2006-05-01,3,30,5,0.15871467043781595,0.14937851335323854,0.15694502209545677,0.25027328181247843,0.16080732763330363,0.12891931463346976,0.1931591912919248,0.1871275307681492,0.16626804550513768,0.12821132088471954,0.16410574303636122,0.15609003854794462
2006-05-01,2006-06-01,5,30,5,0.16443907025486007,0.15416162836393132,0.17112548085169343,0.17724350709869868,0.15993432129307264,0.10496698329595598,0.16194618834339986,0.29078644131957865,0.15473996565655887,0.1408285825048813,0.18781497360041496,0.13201285741695384
2006-06-01,2006-07-01,4,30,5,0.15942538746328705,0.14803785978733797,0.1546800589549171,0.11739485283384019,0.15847189369197845,0.11088545964382499,0.1696975888785366,0.22001011684198712,0.19295878658052226,0.17408163280849961,0.16476628443075853,0.22959007808451004
2006-07-01,2006-08-01,2,30,5,0.17595243450073772,0.16241763184683483,0.15361587986216088,0.1160386259449386,0.18574813300487542,0.19679717482465792,0.16155709698971743,0.2782720104962589,0.16476825652983404,0.06668362632498034,0.1583581991126746,0.17979093056232953
2006-08-01,2006-09-01,0,30,5,0.1826709057186618,0.18828307086922205,0.1632090883523967,0.16820745079013863,0.15553027787488852,0.14452120987521633,0.17077516777656898,0.19685302042739494,0.16306680444291996,0.10951524027218865,0.16474775583456402,0.19262000776583932
2006-09-01,2006-10-01,0,30,5,0.1923036416560183,0.21492417655482207,0.1777144976494864,0.11334134930336703,0.15583579041924991,0.0919455217025089,0.17324704732288068,0.17473619743174926,0.1461192192264045,0.2834618974815827,0.15477980372596023,0.12159085752597007
2006-10-01,2006-11-01,0,30,5,0.19581925496986521,0.19486995662655454,0.1599828119983193,0.11872923309772697,0.16563412735125999,0.08538186697259909,0.15368972904178088,0.2807412866318456,0.1673418274912071,0.15735854667891463,0.1575322491475675,0.16291910999235912
2006-11-01,2006-12-01,0,30,5,0.20292339215559393,0.20317994192623348,0.1552177799692204,0.09974499190967465,0.15658461657072284,0.09450772189350802,0.15866041474915984,0.29194322530730843,0.17087889009377707,0.18336281469788324,0.15573490646152585,0.12726130426539217
2006-12-01,2007-01-01,0,30,5,0.1933958550214823,0.2435346255915774,0.16612187556811256,0.19382656707359944,0.16967069712890118,0.18489841406790924,0.16050433264911443,0.17836340673002998,0.15029124159777532,0.09412427990763601,0.1600159980346142,0.10525270662924788
2007-01-01,2007-02-01,0,30,5,0.19690185987465483,0.20565833738310482,0.15113900122374013,0.1983976533867992,0.15993987952778446,0.1318242673187535,0.16112048802847417,0.22653173713203298,0.1677925747017823,0.09269188284639802,0.16310619664356402,0.1448961219329113
2007-02-01,2007-03-01,0,29,5,0.20162540978108767,0.20273507062503243,0.1623928480211234,0.16650247914385172,0.15841966899262042,0.08510836665194371,0.15524056269762188,0.18113840513013502,0.16680756209701547,0.12504075549275534,0.15551394841053104,0.23947492295628164
2007-03-01,2007-04-01,0,29,5,0.20149371552061404,0.2031273286241707,0.16507985672559516,0.12244237557365892,0.15960978884344537,0.22774540814626587,0.1587985367460517,0.17751841249199055,0.15935270618433314,0.17496366540049788,0.1556653959799605,0.09420280976341602
2007-04-01,2007-05-01,0,29,5,0.21749618203216764,0.21649330789821092,0.15015604840628646,0.15396805397403845,0.1541186408448815,0.1338544082570599,0.15611377997907802,0.175034421224912,0.16510466945383523,0.13178674596669304,0.15701067928375104,0.1888630626790855
2007-05-01,2007-06-01,0,29,5,0.2551179346765964,0.25289651918800615,0.15153292663198353,0.16018918600319482,0.1533112041235399,0.13408350491919346,0.14679786819224777,0.1746987820822951,0.1540838760742479,0.09220093025503454,0.1391561903013846,0.185931077552276
2007-06-01,2007-07-01,0,29,5,0.2361889315554571,0.2571489671347795,0.1467202490552569,0.13080245741283172,0.1536577687208862,0.16118999163120867,0.14970545305522204,0.15668929333511544,0.15448939212729423,0.18549276502844486,0.15923820548588358,0.10867652545761983
2007-07-01,2007-08-01,0,29,5,0.2352272826737639,0.24994643554856183,0.15233274061147256,0.1096549755974778,0.15542989462222354,0.1218724059355056,0.15042830740089913,0.1685270504697163,0.1593902459436614,0.08507595365230022,0.1471915287479795,0.26492317879643823
2007-08-01,2007-09-01,0,29,5,0.21013609814779888,0.22422057698532705,0.15470022792475996,0.10254295383526658,0.15338247843409714,0.19259646385938178,0.16630874910472593,0.08060351730026367,0.16054317917580813,0.07551072515437485,0.15492926721280992,0.324525762865386
2007-09-01,2007-10-01,0,29,5,0.21668840133906792,0.24288416600450022,0.15111580011450995,0.11025540941075733,0.160463071801002,0.14652046706342503,0.1550036965289967,0.22620392232919134,0.1595544422238296,0.13428258819676547,0.1571745879925938,0.13985344699536056
2007-10-01,2007-11-01,0,29,5,0.22716888973262792,0.2527479920319358,0.15204863087680967,0.2388715821521516,0.1534746137958475,0.14373635019851547,0.15242365143489728,0.12426183473745786,0.15841844568779118,0.11205266106095722,0.15646576847202648,0.12832957981898205
2007-11-01,2007-12-01,0,29,5,0.205588877037504,0.2234559733240887,0.16320590836245708,0.07653566966378365,0.16080386657926224,0.24951346881574393,0.15369494644326723,0.17859852966383988,0.1556611465951216,0.164923124817609,0.16104525498238786,0.10697323371493479
2007-12-01,2008-01-01,0,29,5,0.21080277000360312,0.23374442051257704,0.1518809991220793,0.19776614160267245,0.16112733950107497,0.10869697152878778,0.1605915535628174,0.19851738866222524,0.165596655181785,0.08812717036451984,0.1500006826286403,0.17314790732921778
2008-01-01,2008-02-01,0,29,5,0.204179635925315,0.22704252488886686,0.1590642444809836,0.10076432669124305,0.16042918651305219,0.11757497440917358,0.1600402227448631,0.19866952661841059,0.1603546014877826,0.1725713138651109,0.1559321088480036,0.1833773335271951
2008-02-01,2008-03-01,0,29,5,0.203823001443462,0.22693179857900125,0.1594816961840353,0.11247582763467719,0.1617615799487748,0.21857837012594233,0.16376519583504137,0.16852436176283078,0.15541685003102207,0.20088423830888005,0.15575167655766445,0.07260540358866835
2008-03-01,2008-04-01,0,29,5,0.2184889762722712,0.30702437912462754,0.1529039566560872,0.16669093163183915,0.15467477726310733,0.12116112207962643,0.1604265580536199,0.21974979247500873,0.16225761649812218,0.0458361594438914,0.15124811525679227,0.1395376152450068
2008-04-01,2008-05-01,0,29,5,0.20746963512787345,0.25854815318247004,0.16815432912489145,0.15560301394586978,0.15166601956371964,0.2137665723514661,0.15362999952747564,0.1459597776879838,0.16001031087612055,0.09936850470192016,0.1590697057799193,0.12675397813029016
2008-05-01,2008-06-01,0,29,5,0.19350894527945087,0.2979371855054738,0.16990520145577503,0.08525081658004001,0.15683778679229007,0.28356004652138556,0.15375700714607163,0.17253749696802617,0.16502532119303326,0.09940900900436775,0.16096573813337905,0.06130544542070657
2008-06-01,2008-07-01,0,29,5,0.19879917763420998,0.30623941788384784,0.16161762084908807,0.11093081563525346,0.15924156051266272,0.15815167431964056,0.15641481504188007,0.20290683620042754,0.1689811284026054,0.13981310763507243,0.15494569755955379,0.08195814832575818
2008-07-01,2008-08-01,0,29,5,0.22216102894026152,0.23991371418884233,0.15977416723722745,0.2214419394870088,0.14648674814041804,0.24473179348198235,0.15884950803264264,0.057703616559603925,0.1507746543174043,0.14322865085970457,0.16195389333204616,0.09298028542285813
2008-08-01,2008-09-01,0,29,5,0.20850963800872455,0.23014506549114183,0.16352723721345538,0.18194291581808816,0.147207270682395,0.22859593495704977,0.1651598086554566,0.09195869092226014,0.15144799237692103,0.18444307229220774,0.16414805306304736,0.08291432051925224
2008-09-01,2008-10-01,0,28,5,0.20223980475307698,0.23001821694756894,0.1567544963827751,0.17952305751586162,0.15583992260662846,0.12765617211938457,0.16667047316695172,0.1446465055293999,0.16313636461213946,0.15972930353357503,0.15535893847842833,0.15842674435420998
2008-10-01,2008-11-01,0,27,5,0.19956332121405496,0.22834061921494617,0.1549251332427936,0.18233015777511707,0.15241648530407403,0.20644247993613404,0.16532265873546398,0.1231255524006241,0.16298288390984975,0.22641033281945455,0.1647895175937637,0.03335085785372404
2008-11-01,2008-12-01,0,26,5,0.24361611487165355,0.26193781746535444,0.14858729399949633,0.1643015677719154,0.146573620749607,0.17114748823744558,0.16616394876932952,0.1556179559074296,0.14948414942358884,0.16394842093808343,0.14557487218632478,0.08304674967977158
2008-12-01,2009-01-01,0,26,5,0.2314143812423347,0.2536597853825895,0.1615968244431994,0.15830822080001944,0.13939301701495907,0.11293610353671085,0.16901867755559546,0.14301946821629669,0.1557178289817835,0.07919094772193065,0.14285927076212793,0.25288547434245295
2009-01-01,2009-02-01,0,25,5,0.22256642382693087,0.2563046868634058,0.1513322356018181,0.1845781586893117,0.14379773968159346,0.16589755273089574,0.16307269947513356,0.15112883839357924,0.15053958623214939,0.1388053526106409,0.16869131518237454,0.10328541071216657
2009-02-01,2009-03-01,0,25,5,0.22061988402560148,0.23798299550999535,0.15149294806019234,0.17884686426647034,0.15355971750150094,0.13068976242239827,0.159900721003724,0.14467095248317186,0.15626800335954494,0.14617009463483063,0.15815872604943637,0.16163933068313355
2009-03-01,2009-04-01,0,25,5,0.2614083265546962,0.31401949777978555,0.1356067297785752,0.20367812761034965,0.14257620370198018,0.12467588859926697,0.14872064708964938,0.14970515843309873,0.1578335136752681,0.09607562655447535,0.15385457919983078,0.1118457010230236
2009-04-01,2009-05-01,0,25,5,0.21073982587422993,0.23091921366213253,0.1541292473127106,0.1817641164099265,0.16143510230322078,0.15162441391811943,0.16055475570874225,0.16603504788455342,0.1529402789153233,0.13989695161233778,0.16020078988577308,0.12976025651293027
2009-05-01,2009-06-01,0,25,5,0.21715791819699026,0.23695389822052337,0.1569902678419694,0.05606428550070323,0.1548148222846377,0.14329328681243914,0.15954331466188668,0.21517963972511361,0.15836784018826497,0.13154238800650947,0.15312583682625105,0.21696650173471124
2009-06-01,2009-07-01,0,25,5,0.2117024355280303,0.234399121611949,0.16811111668919732,0.03454824236004221,0.14999703020710997,0.2510002672038131,0.1563883147146497,0.15171885831900547,0.15492430027358187,0.15936834587303075,0.15887680258743084,0.16896516463215946
2009-07-01,2009-08-01,0,25,5,0.18376557615575664,0.20301355052225267,0.1632793814825263,0.19959309555572247,0.16251096695194375,0.16125464907014414,0.15398379493196832,0.2067895627649955,0.17053034862711197,0.14106772578735294,0.16592993185069305,0.08828141629953234
2009-08-01,2009-09-01,0,25,5,0.18423102404189387,0.27020292729286877,0.15873183676257002,0.14214364302912053,0.16716427039735857,0.21467503082154588,0.15468722176427596,0.19397033493795585,0.1632418405319518,0.11835612419019975,0.17194380650194974,0.0606519397283092
2009-09-01,2009-10-01,0,25,5,0.19306586958769179,0.2335232855482551,0.15971519296258702,0.22829321058995822,0.1633000120840735,0.1897815066438423,0.160746983206186,0.12079063591417671,0.1613422783172085,0.13568961141434152,0.16182966384225325,0.0919217498894262
2009-10-01,2009-11-01,0,25,5,0.195330222877004,0.2791756501085216,0.15351709338458622,0.05958097098744235,0.1676908544630352,0.039905993972946904,0.16087694874035532,0.31494340329554027,0.15739981611596351,0.10178174348846818,0.16518506441905587,0.20461223814708085
2009-11-01,2009-12-01,0,26,5,0.17824739938923753,0.26379525790163866,0.16578456618158088,0.21770955957870017,0.17109571702480228,0.05562452258988389,0.1604311243838008,0.13851680568067432,0.1621150302490571,0.1906671929760084,0.1623261627715215,0.13368666127309464
2009-12-01,2010-01-01,0,26,5,0.20493921169601897,0.2891737422653033,0.15474965969916582,0.2625247297274908,0.1684690611385686,0.04281373723548548,0.15911678050142053,0.1365799121311691,0.15900930335135718,0.11249149658310666,0.15371598361346903,0.1564163820574448
2010-01-01,2010-02-01,3,26,5,0.1693809018264486,0.23978867876985238,0.1614254663356603,0.22979016764500823,0.15963565408974625,0.05641790715040885,0.18139704526126005,0.14424560045325538,0.1589072110356583,0.0984743173927263,0.16925372145122655,0.23128332858874892
2010-02-01,2010-03-01,0,26,5,0.18174570851558608,0.27518396402808953,0.16084382201007363,0.17250562914497672,0.1669617777236166,0.038369561685779506,0.16043480365693297,0.23298752341782086,0.16037842081764242,0.10487208409519079,0.16963546727614834,0.17608123762814257
2010-03-01,2010-04-01,4,27,5,0.1760117123088972,0.3310947064914153,0.15963743372354416,0.16822720474045763,0.15267338995766336,0.12719830167123305,0.16750749925707253,0.17689151319247032,0.19454769573556177,0.09486424364292612,0.14962226901726086,0.10172403026149743
2010-04-01,2010-05-01,4,27,5,0.16320573497825933,0.2145757055034908,0.15947078859141436,0.17352816861188602,0.15560168413555467,0.12138526962107989,0.1535099602841633,0.13055193073597068,0.19934326585861728,0.16950862627532765,0.168868566151991,0.19045029925224488
2010-05-01,2010-06-01,4,27,5,0.16422700782425764,0.2136032826131959,0.16312694137382733,0.12575261812515923,0.16621622505329212,0.26066717475797696,0.151403548738785,0.13620799076599432,0.19208194745546958,0.17298638241428832,0.16294432955436836,0.0907825513233853
2010-06-01,2010-07-01,3,27,5,0.14514927810058625,0.1477918068089183,0.18284809326032989,0.15570929740805126,0.15775253068874376,0.1334639063679326,0.19683031520170927,0.23716449997222303,0.15837917626567177,0.19883643332169376,0.1590406064829591,0.12703405612118107
2010-07-01,2010-08-01,5,27,5,0.13335347712826895,0.17328546188464689,0.15616508439502536,0.10201258597795634,0.17654649671498399,0.16849407209680184,0.17138127121299715,0.1365653900712823,0.15869672370086135,0.1672887752181589,0.2038569468478632,0.25235371475115376
2010-08-01,2010-09-01,5,27,5,0.12519950751367528,0.15259467040052674,0.1596604545528759,0.19598889297529998,0.17207216739909767,0.173633235736588,0.16820225685487844,0.138607479041575,0.1762499124460979,0.05646642207433355,0.1986157012333749,0.2827092997716768
2010-09-01,2010-10-01,4,27,5,0.12410570719137352,0.16472182495028698,0.19077566099682142,0.29053924596210345,0.1606319225036525,0.20179895283144364,0.15802488446778395,0.13006252644062302,0.21076646051143547,0.12228521256355099,0.1556953643289332,0.09059223725199192
2010-10-01,2010-11-01,5,27,5,0.12937867658347074,0.13476571868197354,0.15433865972754685,0.22348007282973137,0.17315960975141453,0.14132015828764483,0.1807448517642441,0.18493916348042988,0.16159905665509075,0.11509700826700023,0.20077914551823298,0.20039787845322016
2010-11-01,2010-12-01,5,27,5,0.12253613627108675,0.15167752584321803,0.16558001279695977,0.12142358657774233,0.1692896839157588,0.1750920581963511,0.18660302560698744,0.10341118756978013,0.15858892239786943,0.15554797113725466,0.19740221901133786,0.29284767067565387
2010-12-01,2011-01-01,1,27,5,0.1515894279968,0.17595514569678675,0.18874320979806683,0.1765748260280772,0.16190482114832389,0.16151332595882517,0.1785420682888158,0.2058693948584854,0.16112183076932646,0.16065965496878562,0.15809864199866697,0.11942765248903978
2011-01-01,2011-02-01,5,27,5,0.13696045025109607,0.1566122469527864,0.16673920863399952,0.12082611040662128,0.16105083849235882,0.15005279621775308,0.18517431293246467,0.09426411728978369,0.16154695511051362,0.15465045977485728,0.18852823457956738,0.32359426935819835
2011-02-01,2011-03-01,1,27,5,0.13032798460874026,0.1698041463083467,0.2070932379722149,0.22778790628890727,0.15871601307122882,0.07998917477816683,0.15752688048144137,0.13676112293520667,0.18635753431004096,0.17869566445422264,0.15997834955633367,0.2069619852351499
2011-03-01,2011-04-01,1,27,5,0.11899864891622172,0.1448238101021539,0.20867097230537282,0.23880097300931663,0.16538475529137034,0.12990005807187285,0.15090010431021733,0.12265773258129635,0.19081863768516108,0.17258850187283942,0.1652268814916569,0.19122892436252104
2011-04-01,2011-05-01,1,27,5,0.12730528237995212,0.14587393306571733,0.2023187504591457,0.12581164294846137,0.16568436924062507,0.12047030932060226,0.1564958946188021,0.1063520866703074,0.18776536428459092,0.32221705995329325,0.16043033901688408,0.17927496804161835
2011-05-01,2011-06-01,1,27,5,0.11023175706698245,0.1385746420604202,0.20936772121235225,0.17666878463041913,0.17036093238423194,0.13271464108933811,0.15746424280054389,0.1074278099484324,0.194749059521007,0.2761174631045322,0.15782628701488252,0.16849665916685802
2011-06-01,2011-07-01,1,27,5,0.10637403051314101,0.1481121508098029,0.20361646966252558,0.196334961364366,0.17619132219970102,0.045916987259802686,0.15712657004392797,0.11953776437177173,0.19403771314668722,0.3422309594360592,0.16265389443401726,0.1478671767581975
2011-07-01,2011-08-01,4,27,5,0.11021649169237313,0.12757236363309937,0.1778984727991158,0.13267182176978243,0.19770185582665317,0.2122729545160665,0.14188760554981772,0.11757813397199474,0.2101006627931931,0.2517778643023504,0.1621949113388471,0.15812686180670651
2011-08-01,2011-09-01,2,27,5,0.1265126621982413,0.1548173046502735,0.16758855284292992,0.20133657376322722,0.19708220678628394,0.193266746501395,0.1638236346874252,0.11882487398524999,0.180363986554213,0.18541765049460396,0.1646289569309067,0.1463368506052504
2011-09-01,2011-10-01,4,27,5,0.1299032657555876,0.17080150827965418,0.1780074594669119,0.22806308521473878,0.16171326347132145,0.1320030432921886,0.16166570729887597,0.12913307273709693,0.19786282770453276,0.19050774871139753,0.17084747630277033,0.14949154176492405
2011-10-01,2011-11-01,2,27,5,0.10813688915770413,0.1246600713743383,0.16826709512869645,0.12358805006151755,0.20803106397686624,0.14175532462280646,0.16127549548359987,0.12779379800379523,0.19207504813530424,0.3150450424629545,0.1622144081178292,0.1671577134745881
2011-11-01,2011-12-01,1,27,5,0.10863887565723668,0.11731731656895635,0.1995779137381428,0.24896085082689018,0.15130684867733582,0.13791050045854691,0.183282887198186,0.22413115660474192,0.1813125184321087,0.115341547721318,0.17588095629699,0.15633862781954666
2011-12-01,2012-01-01,3,27,5,0.09396335354579485,0.10569479880050323,0.16985672381779537,0.1215815254993766,0.19735974234505047,0.20799030655110173,0.20459112592731063,0.3017478259419774,0.16520680948974578,0.11509107894202594,0.1690222448743028,0.14789446426501496
2012-01-01,2012-02-01,1,27,5,0.123580212128257,0.11631078788541835,0.20553302214166527,0.17848303358667544,0.18433572269101867,0.08661350529623651,0.13252912710894824,0.11556718573091282,0.171754934970853,0.21220106610188025,0.18226698095925783,0.29082442139887665
2012-02-01,2012-03-01,1,27,5,0.0975794853000512,0.11667558086063004,0.21110689951811173,0.20555053594548822,0.17312426454350374,0.1442702204529198,0.15195142332233125,0.1518815826807945,0.18327470007248928,0.17873398603487833,0.18296322724351288,0.20288809402528918
2012-03-01,2012-04-01,1,27,5,0.1199181136989067,0.1450598270894642,0.20179237580090895,0.1547079908454475,0.18566762380224075,0.1485340990417926,0.14549257479452496,0.07575348401531515,0.17802543815415606,0.3212366081625329,0.16910387374926247,0.1547079908454475
2012-04-01,2012-05-01,2,27,5,0.09584602275717756,0.13218009519047894,0.18367469883607648,0.13775602412705737,0.20761226055684354,0.2286934481784347,0.18052918704697563,0.14695847936112466,0.16806034793310035,0.3112152812805664,0.16427748286982635,0.04319667186233783
2012-05-01,2012-06-01,2,27,5,0.11687178530198726,0.1717376183756262,0.1894255917989594,0.18574427636557628,0.19965903481151304,0.1503265315530353,0.17547867184334495,0.23764485946143915,0.1594111880198983,0.1286796100614881,0.15915372822429696,0.12586710418283487
2012-06-01,2012-07-01,2,27,5,0.13997756095446592,0.12831276420826043,0.173341553124069,0.2328057716903657,0.19980259794851493,0.24370432660888136,0.16449025870512873,0.15423769423846206,0.17260533353229407,0.11015934344813233,0.1497826957355273,0.130780099805898
2012-07-01,2012-08-01,2,27,5,0.12851355544872897,0.13878346807637987,0.1690797956632381,0.13619076339243238,0.20809141355271407,0.20685944161912426,0.17511436991147192,0.194599632207989,0.16785741072061502,0.18716714547409652,0.151343454703232,0.136399549229978
2012-08-01,2012-09-01,2,27,5,0.13824063416643445,0.12441657074979101,0.17229475551861337,0.1680771489858515,0.19897778181925144,0.23476170368449312,0.16087411636924642,0.18967166036530977,0.17609912974571193,0.15239875856245605,0.15351358238074247,0.13067415765209864
2012-09-01,2012-10-01,4,27,5,0.12751048154379513,0.11334265026115121,0.17712174377338402,0.14336637756538895,0.15575422546285067,0.0874500199371703,0.17171816144406865,0.2832296196323609,0.20745489274936618,0.25557338880312674,0.1604404950265354,0.11703794380080196
2012-10-01,2012-11-01,4,27,5,0.12081664958212743,0.1057145683843615,0.1721848869526676,0.16996406990247792,0.16377062136067666,0.087930583301322,0.1594292338169345,0.293589675003462,0.21198275297527575,0.2502038054922165,0.17181585531231808,0.0925972979161601
2012-11-01,2012-12-01,4,28,5,0.11401814035794033,0.09772983459252028,0.16810860880219797,0.13439644616360663,0.17541617495939202,0.29545386318739353,0.15920313191292995,0.12775710990948638,0.2076412348445942,0.2356593363116272,0.17561270912294563,0.10900340983536609
2012-12-01,2013-01-01,4,28,5,0.12694775795100946,0.10578979829250788,0.17227443645321944,0.16541719919088832,0.16586453041843022,0.20808756900931838,0.153279632164177,0.151814930008479,0.20245330932618996,0.25528287549758216,0.17918033368697375,0.11360762800122408
2013-01-01,2013-02-01,1,29,5,0.15178152108767268,0.14458467007622644,0.19560094516901877,0.20684542162939132,0.16211617244261803,0.13566729039814993,0.17615700881898969,0.18726782959043486,0.15785727185897658,0.19242155350179332,0.1564870806227243,0.13321323480400415
2013-02-01,2013-03-01,3,29,5,0.12873044156065364,0.1346226935736466,0.17249508402124653,0.09423052568127044,0.1565521244692101,0.16708773596363635,0.20498165048240835,0.24250584878513248,0.1557232527566423,0.17222719917336543,0.18151744670983916,0.18932599682294887
2013-03-01,2013-04-01,3,29,5,0.15076481489339771,0.12943050917875992,0.17610203021926202,0.19521781491022794,0.1586906286658626,0.1411266140070159,0.20068261884015767,0.20884353640550676,0.14721208207840486,0.20574752446884662,0.16654782530291523,0.1196340010296429
2013-04-01,2013-05-01,1,29,5,0.12930314482651512,0.11062771203757618,0.20289187288523433,0.2197669875915537,0.16236130191491507,0.1638159528755549,0.14614658300623742,0.15698256511499975,0.19575710394146473,0.19425816704205962,0.16353999342563327,0.1545486153382558
2013-05-01,2013-06-01,1,29,5,0.14538198257680662,0.14793542123844,0.20333901341042301,0.303266726661742,0.14383372116412405,0.17567896187144755,0.16419595497567763,0.1413869108077183,0.17572620451020354,0.10479217036069459,0.16752312336276518,0.12693980905995758
2013-06-01,2013-07-01,4,30,5,0.134139741331857,0.14336473704809588,0.17741398224926405,0.1731498135132898,0.15847971667601224,0.11228908575170954,0.1676823793306179,0.19602998498038818,0.19825969674320654,0.2476771494222992,0.1640244836690423,0.12748922928421738
2013-07-01,2013-08-01,0,30,5,0.21333809031760545,0.2375353915490046,0.16488432994352348,0.12412234782604897,0.1553118647680283,0.2064845711676086,0.16412198353138638,0.09992504659464983,0.14518380738839487,0.20302697690124358,0.15715992405106172,0.1289056659614446
2013-08-01,2013-09-01,3,30,5,0.1528858999601881,0.14651565412851358,0.1606830079590753,0.14643513703113792,0.16701651574994822,0.16876663548933876,0.19907132682789655,0.2337180712287278,0.16497883994344148,0.11209114087941459,0.15536440955945038,0.19247336124286743
2013-09-01,2013-10-01,1,30,5,0.1413573001740192,0.1354674126667684,0.19325164205581555,0.18449036506782504,0.1763481265754496,0.18404108955267778,0.1741017489997132,0.19753365026668904,0.16085191157625892,0.11713369741912892,0.15408927061874336,0.1813337850269107
2013-10-01,2013-11-01,2,30,5,0.14898645440817151,0.1427786854744977,0.1669453413776794,0.16026247822795345,0.1878494395197931,0.3120188226792275,0.16662176864942096,0.13583530502463004,0.15932819852015995,0.06671342200542008,0.17026879752477503,0.1823912865882712
2013-11-01,2013-12-01,3,30,5,0.15077975457105924,0.14422411306796973,0.17142895951763146,0.17220574484981965,0.15998615175805447,0.20196923385309817,0.19521025959077346,0.27738106724130085,0.1652841017719223,0.10301440525168118,0.15731077279055922,0.10120543573613053
2013-12-01,2014-01-01,0,30,5,0.21397042248100573,0.2757907518848661,0.15541413734509324,0.11792957303537786,0.160395742209367,0.046195830306943325,0.15522223606341232,0.2632123124068202,0.15239380086345822,0.09118382293717164,0.16260366103766355,0.20568770942882086
2014-01-01,2014-02-01,0,30,5,0.20026730365466594,0.3199714568347797,0.1527052320408517,0.27526522880876364,0.15912549539808776,0.10805387516820708,0.15912775892183512,0.047279367267243196,0.16674541558342973,0.11226842078629631,0.16202879440112977,0.1371616511347101
2014-02-01,2014-03-01,4,31,5,0.17892309913797766,0.29413038560626104,0.16285717652264745,0.03497073406846491,0.1573683033080921,0.2257526261775111,0.15130882910115387,0.23500498867317302,0.18472677601069284,0.12998452198458557,0.16481581591943614,0.08015674349000436
2014-03-01,2014-04-01,4,31,5,0.1623747972235693,0.17812253045965765,0.16056782547898416,0.16702007572264582,0.15992606479222646,0.11539884250187854,0.16251505181644335,0.0942756367584382,0.19263912128152863,0.2272837333721734,0.16197713940724806,0.2178991811852063
2014-04-01,2014-05-01,4,30,5,0.14403010013464104,0.1578937701414745,0.17366638868586726,0.22976745570945062,0.15404193834866198,0.12052044210919527,0.1669024340627801,0.15250103578639967,0.1817768822374718,0.23069801290577416,0.1795822565305778,0.1086192833477058
2014-05-01,2014-06-01,3,30,5,0.1292679050283699,0.12118866096409679,0.18281043161951488,0.24742145275236427,0.1654614138444064,0.09697619752354374,0.19193531159219768,0.2514611489037286,0.16541081414843312,0.1112062033222509,0.16511412376707812,0.1717463365340158
2014-06-01,2014-07-01,3,30,5,0.14678903751289013,0.18342490082019858,0.15724621168355254,0.1169810904415693,0.15072325327833755,0.2022675824144763,0.1965907601116956,0.1465532122036134,0.1666329390188925,0.0835956710456939,0.18201779839463178,0.26717754307444863
2014-07-01,2014-08-01,5,30,5,0.16101416347060932,0.24876552281403377,0.17189056564761837,0.13718456552135025,0.14994562379233817,0.11956732872308115,0.1577247019096872,0.14011983681092344,0.1678303347330211,0.16960659383030835,0.1915946104467257,0.18475615230030296
2014-08-01,2014-09-01,5,30,5,0.1551703884076406,0.22425202003123224,0.17030898129966995,0.10725045995604815,0.1529775894901603,0.19805818503526765,0.16337978154685112,0.11971716994681358,0.1577444491202016,0.1779416528203062,0.20041881013547655,0.17278051221033233
2014-09-01,2014-10-01,4,30,5,0.13660362927388223,0.2117295057124391,0.17081560764988807,0.1548188687317027,0.17761994586181096,0.24435987657048758,0.15999714267261111,0.13508331919150146,0.1890301488203072,0.1539512142679611,0.1659335257215005,0.10005721552590813
2014-10-01,2014-11-01,5,30,5,0.1497920956206817,0.2919793156476129,0.16461688260293159,0.15999126470833158,0.1777267299104755,0.13256307513366505,0.16493399976656517,0.12583532998530164,0.15055478426280805,0.07134687116683085,0.19237550783653806,0.21828414335825794
2014-11-01,2014-12-01,5,30,5,0.16586640704429156,0.2024390438982811,0.1567825377185128,0.12152870912376441,0.16319165520928355,0.15999761907838586,0.17145234818011104,0.08915454689950847,0.150709908953738,0.20138578235122823,0.19199714289406303,0.22549429864883191
2014-12-01,2015-01-01,2,30,5,0.15544524706425505,0.19664609932522267,0.1567550729137763,0.20525984537005043,0.18909402788781812,0.12879883672353842,0.15764633507636736,0.11345932834956862,0.16380667891397457,0.25004965879585905,0.1772526381438087,0.10578623143576091
2015-01-01,2015-02-01,5,30,5,0.17055559557303412,0.28265524964958766,0.16705754459838398,0.06674711962400362,0.15486570944295364,0.25945925323263885,0.14627853929453788,0.1221024986655842,0.16809660539956492,0.09291942566577217,0.1931460056915256,0.17611645316241364
2015-02-01,2015-03-01,4,30,5,0.16482755461880386,0.20852497522413144,0.1694223114273436,0.14885681498784564,0.15764266929840032,0.2013546040030103,0.16630105306572912,0.13322459576500054,0.1874106671005349,0.15114702863619942,0.15439574448918839,0.15689198138381283
2015-03-01,2015-04-01,5,30,5,0.16597046608356553,0.2407872605515003,0.1618500218135824,0.2840952590385675,0.16423011735558515,0.10829669713272205,0.17021476588908666,0.10688903952723282,0.1534892341589147,0.17639866133428916,0.1842453946992655,0.08353308241568805
2015-04-01,2015-05-01,5,30,5,0.14904488582595568,0.18579053777398294,0.1569612293258873,0.17677458092455622,0.17580380169921775,0.16488616233920778,0.16752780667698125,0.10956182801115892,0.16389434281793122,0.23171502211056605,0.1867679336540269,0.13127186884052822
2015-05-01,2015-06-01,5,30,5,0.1438560590835249,0.24858204526362165,0.16940721493659838,0.07065401884263495,0.1686324628841659,0.15329456382719567,0.16643575642298497,0.12993775849860123,0.17163895048659508,0.15784024127052151,0.18002955618613078,0.239691372297425
2015-06-01,2015-07-01,3,30,5,0.1513058649748193,0.22097753067801781,0.16047140935781637,0.1447716835076827,0.15967875676163157,0.17003427571714058,0.19142942857058398,0.09140220128061728,0.16686685856254985,0.1234907232861078,0.170247681772599,0.24932358553043382
2015-07-01,2015-08-01,5,30,5,0.16414661154721072,0.2323447411616359,0.16016167649727633,0.15872091257662427,0.1449265063670825,0.08313129393074344,0.17033060064416217,0.2812045276995307,0.16825129900153932,0.1213432237090683,0.19218330594272898,0.1232553009223975
2015-08-01,2015-09-01,0,31,5,0.1801038688450095,0.3305410744330401,0.1522133311699532,0.12542682817808676,0.15581668850787717,0.1274828306548798,0.16780342542806143,0.07461712610331153,0.1713804251252095,0.05756075364129632,0.17268226092388897,0.28437138698938524
2015-09-01,2015-10-01,0,31,5,0.19852117889519733,0.2498611541027837,0.15925777050397127,0.13565853651245266,0.16253682525911875,0.05244582922366743,0.15373228597011362,0.1769909069004386,0.1573374876710023,0.2933066605020686,0.1686144517005966,0.09173691275858883
2015-10-01,2015-11-01,1,31,5,0.16729641614213797,0.30539461139482066,0.187327991898198,0.07448138237471952,0.17154944570033454,0.16605924494552193,0.15344457555679675,0.15570937004605573,0.16585296932548738,0.10166910340978584,0.1545286013770455,0.19668628782909647
2015-11-01,2015-12-01,5,31,5,0.17398255961741568,0.4635234552350899,0.16848458061612379,0.11529091212507826,0.1587459924645469,0.10080615076752106,0.1605729878153976,0.13379788043218319,0.15640573336803693,0.06259649491667987,0.18180814611847912,0.1239851065234477
2015-12-01,2016-01-01,0,30,5,0.1853814253593361,0.5064466799553882,0.1634825585127691,0.12324564795416637,0.1604337477911013,0.12375378307444435,0.1610163956619312,0.11177577338929122,0.16104763282990614,0.10201885626511563,0.1686382398449562,0.03275925936159432
2016-01-01,2016-02-01,0,30,5,0.18217017031545715,0.3243021339986545,0.1560078291802363,0.1867883714136248,0.16774387272818328,0.11668931383355911,0.16218520838392275,0.1319466506827778,0.16651357651852008,0.0910435760902067,0.16537934287368058,0.14922995398117722
2016-02-01,2016-03-01,0,30,5,0.1968749287075742,0.287549838763246,0.16053071144843703,0.19596838454627455,0.16032786687473255,0.08172794625548391,0.15910029867168293,0.11384846356566736,0.1652801411527066,0.12588996756557116,0.15788605314486676,0.195015399303757
2016-03-01,2016-04-01,0,30,5,0.207861464382031,0.3248011987151904,0.15132741817997206,0.1684506137792091,0.15438680525365467,0.10913140415351533,0.15430543465102112,0.185932927851025,0.17252814583152923,0.13166229836975624,0.15959073170179194,0.08002155713130396
2016-04-01,2016-05-01,0,30,5,0.17730164129921955,0.4338433806589492,0.1679328118263744,0.14020111372728072,0.16790425655976063,0.09166126238465623,0.1597751705739706,0.14209949757818707,0.1699749415395197,0.03546032825984391,0.15711117820115522,0.15673441739108296
2016-05-01,2016-06-01,0,30,5,0.20226134943652754,0.3270187461950531,0.14821845628038394,0.2566378576631829,0.1596070554930312,0.1109601952420948,0.17238019352549674,0.120976147997475,0.15902741026292405,0.13488493536325213,0.15850553500163672,0.0495221175389423
2016-06-01,2016-07-01,0,30,5,0.18561102191118375,0.35112054410174776,0.1612744928627772,0.22893364792710202,0.15463984814225032,0.13352532164638192,0.1645074866646863,0.1380502841533338,0.17132194591902467,0.06883872986013366,0.16264520450007777,0.07953147231130078
2016-07-01,2016-08-01,0,30,5,0.1997443055007978,0.4006892221172928,0.15991867171583882,0.045608348633667195,0.16507068865367414,0.03994886110015956,0.15168978192952515,0.12183921666835894,0.16756865850614525,0.1767815075519043,0.15600789369401893,0.21513284392861723
2016-08-01,2016-09-01,0,30,5,0.19454069223323578,0.40419925412646585,0.15774963564081024,0.09375578291335462,0.16850680504094814,0.07150122748013799,0.14963423656782218,0.2453169056924217,0.1629654451674541,0.11722297255321215,0.16660318534972962,0.06800385723440777
2016-09-01,2016-10-01,0,31,5,0.2051167195083722,0.30054523900362173,0.1589887099288484,0.1209463154409473,0.15572516067916087,0.10795256694203548,0.1562729068543828,0.1879135919873684,0.1639138560177714,0.20551467121738687,0.15998264701146445,0.0771276154086403
2016-10-01,2016-11-01,0,30,5,0.20355009511381572,0.36123908747638156,0.15934048669356335,0.037283881374490985,0.15942431084258307,0.1262171638408165,0.15819865176365452,0.16334654227489653,0.16314093235851548,0.22416475692520724,0.15634552322786785,0.08774856810820715
2016-11-01,2016-12-01,0,31,5,0.19464838700240666,0.39656719855949885,0.1625312361592109,0.08928697197364482,0.15933542218550045,0.24120101421055382,0.15798855857209299,0.03845486939246438,0.1688631298755156,0.20530404728101226,0.1566332662052735,0.02918589858282597
2016-12-01,2017-01-01,4,30,5,0.17721924832692054,0.32628447471829025,0.16176397506794343,0.23872860081585787,0.16750702112186047,0.11441897139696544,0.15688097720967908,0.09314498914453324,0.17999700491344664,0.13498640674267104,0.1566317733601496,0.09243655718168195
2017-01-01,2017-02-01,3,30,5,0.160293524927302,0.21062442378662882,0.16168268160609156,0.11609960171449595,0.16447821641666804,0.09681195039717932,0.18542138482529655,0.2126065389330074,0.16158727286225869,0.19782010678869616,0.1665369193623831,0.1660373783799923
2017-02-01,2017-03-01,0,31,5,0.1878171623996263,0.2596595850132091,0.1707480897290943,0.18518483640482203,0.1630444171845106,0.09823736113943986,0.15517429168332317,0.16185137536516853,0.16299668101939327,0.1192026567075204,0.16021935798405249,0.17586418536984016
2017-03-01,2017-04-01,3,31,5,0.15709803897171304,0.30821877488054356,0.16236783399712082,0.11862396478953893,0.16848856642670473,0.1552750119228588,0.18792698910977426,0.18601939136022083,0.15716765193131524,0.10790900997560808,0.16695091956337188,0.12395384707122978
2017-04-01,2017-05-01,4,31,5,0.1713605864254902,0.2205265058050611,0.1554520342343052,0.18187535728395476,0.1504232582843852,0.12884096750501775,0.1781148369224202,0.1901407321600416,0.1887044200854369,0.14704329969284868,0.1559448640479622,0.13157313755307595
2017-05-01,2017-06-01,1,31,5,0.1474278040821591,0.3008916065512519,0.19160103448206342,0.21307758247736494,0.17318257636539047,0.07725632012054062,0.16232718880809355,0.06215312166846833,0.16462846469679004,0.21500968654239913,0.16083293156550343,0.13161168263997508
2017-06-01,2017-07-01,5,30,5,0.15785397363127537,0.23468587425053622,0.16746990991523655,0.12543211964369147,0.16732183253773952,0.19918341652355995,0.1578862534988083,0.06751872676546941,0.15869527997141195,0.14420704567961912,0.19077275044552827,0.22897281713712375
2017-07-01,2017-08-01,2,30,5,0.13957845817118253,0.2042387695092573,0.16472927220851608,0.19164288028228704,0.19142087182176007,0.1728204041797775,0.15944163492341282,0.13699193665218884,0.17412842946457338,0.14370096771504792,0.17070133341055505,0.15060504166144129
2017-08-01,2017-09-01,4,31,5,0.16872513826120053,0.27079871302166236,0.16147580224339866,0.13986949054518164,0.1686161974858652,0.11163825868287114,0.16061042623738125,0.2517648137907187,0.1939710140671748,0.1250384389779756,0.14660142170497953,0.10089028498159044
2017-09-01,2017-10-01,1,31,5,0.16281410067740276,0.23124077806767937,0.19125623236453773,0.18278292371640104,0.15706140347618544,0.1833335388241657,0.16153017496841957,0.05754905694235049,0.1558885899998467,0.21186374633220786,0.1714494985136076,0.1332299561171954
2017-10-01,2017-11-01,2,31,5,0.16193143419530234,0.23276909711804195,0.15240439314256007,0.1766366899612338,0.1837053492937155,0.1059091585955156,0.16280542367791423,0.20300052144360659,0.1718928373151136,0.17339314928910343,0.16726056237539438,0.10829138359249874
2017-11-01,2017-12-01,0,31,5,0.19678166098911187,0.3803458792538199,0.16339250218933737,0.08534771662699096,0.15773710151998516,0.18896264532697993,0.168343975957649,0.11471698698193829,0.15618459734174092,0.09595356811641606,0.15756016200217554,0.13467320369385474
2017-12-01,2018-01-01,2,31,5,0.16945124507123618,0.3693475572247613,0.1565309715764545,0.1509607765011656,0.19601391875251414,0.11982709965881688,0.1475518797272555,0.10097629120448973,0.17132690872599388,0.13271498614928628,0.15912507614654578,0.12617328926148014
2018-01-01,2018-02-01,5,31,5,0.15135429513027762,0.2559268976281214,0.1620009376536873,0.08336356377504481,0.16112816643722278,0.05213745966668894,0.17794954998853718,0.1787308935485296,0.1589414209349614,0.21729644643411683,0.18862562985531373,0.21254473894749842
2018-02-01,2018-03-01,5,30,5,0.17185685887502514,0.2744549865137734,0.1559487017856845,0.08809143086431992,0.15797157395401193,0.15906606821310162,0.16918001180758666,0.15745331491188286,0.16379305955658538,0.09372757112517148,0.18124979402110653,0.2272066283717508
2018-03-01,2018-04-01,0,30,5,0.18302816285765236,0.4266948590912675,0.15541113416940017,0.07733704893286553,0.16402231729088615,0.1267538148998245,0.15909982850996013,0.20243790061434455,0.15945264677657414,0.0911883506813637,0.17898591039552708,0.07558802578033427
2018-04-01,2018-05-01,0,30,5,0.2062744970004206,0.24092844564455942,0.15495000667471215,0.14242823218440812,0.16620455946462226,0.04221068613102899,0.16059976713427518,0.2212890329633165,0.15179089167314247,0.1349252370427933,0.16018027805282756,0.2182183660338939
2018-05-01,2018-06-01,0,30,5,0.1821189884859268,0.2263993650851235,0.16009492047112836,0.1802245995090077,0.16812736538542908,0.25466288047804775,0.15894119396337106,0.14105838139819216,0.1679368639480754,0.1316003726793912,0.16278066774606928,0.06605440085023771
2018-06-01,2018-07-01,0,31,5,0.20872565039990254,0.24603196996283383,0.1480995518886071,0.17054810110078963,0.16093574113617787,0.34526932091645807,0.1625409258097443,0.029261043842941432,0.15295131471298742,0.13282597023392376,0.16674681605258082,0.07606359394305331
2018-07-01,2018-08-01,0,31,5,0.1997189263987226,0.2852059342356877,0.16319110263226166,0.0856525181145747,0.15232969098119328,0.14514185827522097,0.16654657107300538,0.1703603932388184,0.15711204480958235,0.202412106252011,0.16110166410523463,0.11122718988368716
2018-08-01,2018-09-01,0,31,5,0.20361923921236946,0.24836525280950247,0.15650306844376863,0.2527950858188681,0.16238286637027105,0.13281017558928493,0.15659093048603914,0.09140571898716465,0.1618147115799215,0.12005508841147053,0.15908918390763022,0.1545686783837093
2018-09-01,2018-10-01,0,31,5,0.20925890596076313,0.33530867073819853,0.16454002140509033,0.043708408139734756,0.15928881920908372,0.15114064904327057,0.1552000455659602,0.12534273066001422,0.1517680841649494,0.14997264339624145,0.1599441236941533,0.1945268980225405
2018-10-01,2018-11-01,0,31,5,0.20392958003534006,0.332052119162998,0.16328972975675626,0.16356564320517375,0.16795854173804847,0.09158508007072959,0.14904430949770778,0.17525158214583286,0.15016348735010993,0.16105001353905318,0.16561435162203736,0.07649556187621254
2018-11-01,2018-12-01,0,31,5,0.18725078433810294,0.2545285874021135,0.16500267914994138,0.2533536519221799,0.16643151736860776,0.06398857174429817,0.16293868541105275,0.1049259365339444,0.170968904158956,0.15808784849019378,0.14740742957333927,0.1651154039072703
2018-12-01,2019-01-01,0,31,5,0.18022373306630188,0.32831098419769733,0.15690693219498586,0.05566904678648203,0.16480437490830346,0.19013949403075212,0.16816220195827966,0.13453415707052607,0.16537694214497403,0.060026223523151616,0.16452581572715516,0.23132009439139087
2019-01-01,2019-02-01,5,31,5,0.18047135882872645,0.21796130205504324,0.1550915854759414,0.22253494562773815,0.16079381723723618,0.09005861881840624,0.16520487076088095,0.14371703376416411,0.1525742142055941,0.16059302180520696,0.18586415349162105,0.1651350779294414
2019-02-01,2019-03-01,0,31,5,0.19729270446500086,0.4253416122163204,0.15236556980439386,0.08703397537444413,0.16562843505095637,0.0937416931668222,0.16290316721999853,0.1228854033744892,0.1657512080191231,0.13162223692888048,0.15605891544052722,0.13937507893904352
2019-03-01,2019-04-01,0,31,5,0.17956137353473717,0.31999978334519547,0.16692932726366097,0.13180715262540932,0.1644044081782506,0.1676053115981885,0.1735850380678108,0.16813617882025841,0.15997566472370486,0.11591777240228282,0.15554418823183558,0.09653380120866545
2019-04-01,2019-05-01,2,31,5,0.18220965774135925,0.3823366581141263,0.16135465552064573,0.08723266456790096,0.18735069696538473,0.10254493677610388,0.15879349541993032,0.18079811125130518,0.1495839259159517,0.16796722891506982,0.16070756843672815,0.0791204003754937
2019-05-01,2019-06-01,4,31,5,0.16914072238599281,0.422479654006948,0.1571745157484452,0.139860026391757,0.16547741780867978,0.06865558602497197,0.15604436445010084,0.08186556911997984,0.18688518064750786,0.15175799283979624,0.16527779895927341,0.13538117161654686
2019-06-01,2019-07-01,4,31,5,0.18171618515546922,0.571214948414185,0.1488850284916848,0.13833731045951317,0.16514102922740256,0.025959455022209886,0.1484182792471283,0.12523714144129067,0.19014267254287223,0.03801840401507029,0.16569680533544293,0.10123274064773108
2019-07-01,2019-08-01,0,31,5,0.1989040053402594,0.450097818074033,0.15474240456540536,0.08618590032906236,0.15241091168965426,0.13802562733392731,0.16917521387716353,0.0916973184099788,0.16521693716014646,0.1585904102511917,0.15955052736737094,0.07540292560180677
2019-08-01,2019-09-01,0,31,5,0.1783621057841064,0.4304801250398337,0.16289145257964366,0.10228106547181566,0.17196352429212183,0.2144639572883726,0.16345010853060354,0.06836244286294199,0.16888970978681003,0.08574299655524437,0.15444309902671452,0.09866941278179178
2019-09-01,2019-10-01,2,31,5,0.17728909013349106,0.48888020612826527,0.15682776927709016,0.06070425617579165,0.1947284137358737,0.13211576813705478,0.15802354887339048,0.185926257818131,0.16165254908559404,0.026593363520023658,0.15147862889456062,0.10578014822073376
2019-10-01,2019-11-01,0,31,5,0.1893130939524787,0.49337217506274483,0.1626055723407949,0.12316939161626644,0.1568397661157935,0.19886631350211223,0.16937391552791153,0.09713761030253025,0.1620129939947753,0.061422728202610195,0.1598546580682462,0.026031781313736187
2019-11-01,2019-12-01,0,31,5,0.1888924780570783,0.21267031319958166,0.1587074262949424,0.11840711855452422,0.16398875903358487,0.22672363654287964,0.16247232823657934,0.15310722093839785,0.1675052574705154,0.1916227493939068,0.1584337509072997,0.09746896137070979
2019-12-01,2020-01-01,0,30,5,0.21337628584872712,0.2248372140125049,0.1664704112293275,0.06878673728730679,0.1460936304496908,0.11852359080928616,0.16346355466135493,0.17339360429896938,0.15728774306874,0.23946324136248304,0.15330837474215972,0.17499561222944976
2020-01-01,2020-02-01,0,31,5,0.1918333652416036,0.2205162045208477,0.16986852451456216,0.10231192533318331,0.15597613950752962,0.16659855548839075,0.1686986337060642,0.23660270648161374,0.15643804040781936,0.18339727860462685,0.15718529662242103,0.09057332957133765
2020-02-01,2020-03-01,0,31,5,0.19872435006300343,0.2231116250561572,0.1607143575414919,0.2175729354271744,0.15829013546839307,0.12215519312131638,0.16360788538163612,0.1935985797556432,0.1565239752702679,0.09592082727882162,0.16213929627520757,0.14764083936088718
2020-03-01,2020-06-01,0,28,5,0.8935182785328412,0.8955559723825762,0.022223183516639766,0.022670396554938452,0.020417469686085984,0.018482588642504228,0.02011245888995735,0.023892789585376446,0.022414632347085944,0.023606416860335454,0.02131397702738993,0.015791835974269305
2020-06-01,2020-07-01,0,26,5,0.8913367396791101,0.8943082277925755,0.02080041679425728,0.015111136422261865,0.022359906671593825,0.0303702841117479,0.021942420082261042,0.02295709606000562,0.021386415153213205,0.02355521946878442,0.022174101619564596,0.013698036144624823
2020-07-01,2020-08-01,0,25,5,0.20502602351523488,0.22469870309688303,0.16031131467048912,0.22955977881603748,0.15738143665318524,0.13271999502359305,0.15477432719360468,0.18605572011535182,0.15566662079751206,0.06046162540796647,0.16684027716997396,0.16650417754016808
2020-08-01,2020-09-01,2,25,5,0.11465123677151279,0.0276586185168464,0.16853266181001533,0.14764938996858473,0.1936103296179248,0.3157209212191218,0.17412280522885118,0.18827433081122918,0.16821254581124895,0.15809102588930005,0.1808704207604469,0.16260571359491777
2020-09-01,2020-10-01,5,25,5,0.11142255354323004,0.07983429586725127,0.16491141735367343,0.1234084763840701,0.18586341576680407,0.15950123689174936,0.16514529577655135,0.23370566596125603,0.17967316479465106,0.14571177956760717,0.19298415276509,0.257838545328066
2020-10-01,2020-11-01,2,25,5,0.09470777279625316,0.012862066627149046,0.17334566271134888,0.15379412608745646,0.2140267443103716,0.30873451710662475,0.1707899179784587,0.12044147848867455,0.16706096942348087,0.22412132456069406,0.18006893278008665,0.180046487129401
2020-11-01,2020-12-01,2,25,5,0.0741706179436347,0.016130966233577265,0.17146405135922216,0.12148137860389,0.21761101957566317,0.29178163751929787,0.16477912555072968,0.19148236776061062,0.1784035907678232,0.1866155587906196,0.19357159480292718,0.19250809109200473
2020-12-01,2021-01-01,1,25,5,0.08414741149903163,0.016890372226693078,0.21021056888054823,0.2762132577928482,0.1912062728550036,0.17682154441567852,0.18579409449362386,0.20485751719356424,0.1683600012126765,0.16358172640424215,0.16028165105911624,0.16163558196697386
2021-01-01,2021-02-01,4,25,5,0.09892683568272619,0.016628029960950533,0.1652825715957998,0.13152393324729073,0.18290832957045586,0.18764727104879508,0.17093577151431794,0.12703628098225553,0.20436651089927785,0.303293346582004,0.1775799807374225,0.23387113817870425
2021-02-01,2021-03-01,2,25,5,0.09281879916706544,0.015361473214328458,0.16976240859582142,0.17259193237186155,0.19598459053647496,0.2888033897035404,0.17882559751702812,0.15477514659469804,0.1843376785719415,0.19729604102373163,0.1782709256116685,0.17117201709183982
2021-03-01,2021-04-01,5,24,5,0.12720759072496307,0.02052895664637114,0.16261665675751447,0.1719358169765078,0.1719510907146581,0.14031132576336713,0.16423165317096913,0.16009030738933647,0.17212179988320772,0.18656645576303288,0.20187120874868741,0.32056713746138443
2021-04-01,2021-05-01,5,25,5,0.08466380730025515,0.025803653025615964,0.1785914594187551,0.20168262894948663,0.17570253586574508,0.25528417369333967,0.18062557117931174,0.14949162668303376,0.17998308689373466,0.08785126793287254,0.20043353934219826,0.2798866497156514
2021-05-01,2021-06-01,4,25,5,0.07504024446496536,0.02182387439320953,0.18142070025377663,0.15467720323499248,0.17459099514567625,0.18698838196655687,0.17847787213341654,0.14755175977540047,0.2125500799987444,0.28989089180169036,0.17792010800342084,0.19906788882815024
2021-06-01,2021-07-01,1,24,5,0.1028447409052783,0.02145221277547776,0.19740505101118366,0.3060637007693712,0.17339349992351985,0.1667442813769649,0.17161770220382208,0.18416010497034405,0.1758581082780027,0.17289011912298471,0.1788808976781934,0.1486895809848573
2021-07-01,2021-08-01,1,25,5,0.09190875718803844,0.027413641645741213,0.1918954915201885,0.1871735487507177,0.1745585473833678,0.15975990710497648,0.18943469178190875,0.271837713077354,0.1677062682816762,0.23028823540692428,0.1844962438448204,0.12352695401428643
2021-08-01,2021-09-01,1,25,5,0.06051265308708019,0.027621285913136204,0.22008109866603728,0.28059375175311746,0.17555760712166718,0.17518066546581632,0.19334900139195343,0.17518066546581632,0.17972130727632993,0.1623741018996025,0.17077833245693197,0.17904952950251118
2021-09-01,2021-10-01,5,25,5,0.05765933737462187,0.013534498976472782,0.18096262408706817,0.19020796314881852,0.17739019775236808,0.14877706237853267,0.19012908509893114,0.23253334627110575,0.17594848669414614,0.18178178402975842,0.21791026899286461,0.23316534519531185
2021-10-01,2021-11-01,1,25,5,0.09396001932964583,0.013496627426416026,0.21051536874842605,0.21554622598514706,0.1746985744063175,0.20760860812006465,0.16195952911699232,0.1630211162244361,0.19050345911495004,0.2794326212078749,0.16836304928366827,0.12089480103606132
2021-11-01,2021-12-01,2,25,5,0.07204387107572806,0.02401318825062871,0.1707142978824603,0.17946089403220486,0.21577681646605987,0.1916503065127111,0.20940474569920292,0.28191283882423335,0.16809231775440098,0.13888942687944444,0.1639679511221478,0.18407334550077742
2021-12-01,2022-01-01,1,25,5,0.07665975668724787,0.021971385776398972,0.21808341846071264,0.22023554851767052,0.17107087320268133,0.16672366310174472,0.15826595472100083,0.16483037902982245,0.17577108621119178,0.15158248622690784,0.20014891071716553,0.27465653734745554
2022-01-01,2022-02-01,1,25,5,0.09313422404616098,0.026844506238202982,0.21110695327425008,0.16292201445476703,0.18101756245727885,0.1670931345759497,0.16722647488575562,0.1850500655182062,0.1610670374292179,0.13032336843989345,0.18644774790733648,0.3277669107729805
2022-02-01,2022-03-01,1,25,5,0.09665101668066599,0.0215784311424031,0.2069359412867816,0.30701151785550884,0.18757237915856,0.17194134756201335,0.16129383621188648,0.16554394105963835,0.19649780866528432,0.1930732487772231,0.1510490179968217,0.1408515136032134
2022-03-01,2022-04-01,4,25,5,0.09547867437048661,0.016377608073983446,0.20211547299904037,0.16108796985316998,0.1648616068619009,0.14595029808254195,0.1853613777553725,0.168510343413975,0.20478439534734846,0.2641804442115446,0.14739847266585102,0.2438933363647849
2022-04-01,2022-05-01,5,25,5,0.10370742215476686,0.02155556300307204,0.1724445040245763,0.16080283595122538,0.18427288969575387,0.22747222556715294,0.18256303219044007,0.16922419903768718,0.15899610801045666,0.15574760232711513,0.19801604392400637,0.2651975741137475
2022-05-01,2022-06-01,5,25,5,0.0931948477215729,0.019658801838354504,0.1807936134989998,0.23676557509048077,0.17477487125562355,0.13608546788137305,0.18850771947768355,0.1696569475299152,0.15727041470683603,0.19515178819050039,0.20545853333928416,0.2426814194693761
2022-06-01,2022-07-01,4,25,5,0.09431790929977422,0.014301542403701455,0.18570220062704085,0.14694597142301635,0.17263403631388335,0.0917329768775825,0.18234154130055205,0.2227963144649635,0.2076873460180335,0.26155048215339627,0.157316966440716,0.26267271267733994
2022-07-01,2022-08-01,4,25,5,0.1092777889629344,0.018379214367445978,0.18379214367445976,0.15772264905547023,0.18140977301367017,0.2593669090833959,0.1598748166584163,0.17117199996965266,0.19386339695314522,0.21772606987614274,0.1717820807373742,0.17563315764789258
2022-08-01,2022-09-01,5,25,5,0.0768111954507448,0.020228038923135568,0.18205235030822012,0.1521886458177153,0.1787615745699469,0.22927963187546632,0.1849224736734113,0.20842812060436539,0.1763993604067099,0.12485528861907697,0.20105304559096704,0.2650202741602405
2022-09-01,2022-10-01,4,25,5,0.08974506565312525,0.019945007814210207,0.17426570203402864,0.1904224280771961,0.17950507032789187,0.15415126873587962,0.1661124689311026,0.17831707307100592,0.2139265454104918,0.21911562843519652,0.17644514764335983,0.23804859386651162
2022-10-01,2022-11-01,4,25,5,0.08673783109878672,0.009493193433187762,0.16884792967578746,0.0991579070416137,0.17087748179737972,0.1856606808661617,0.1798752121398269,0.22339623401368083,0.21460501053285483,0.2445977163864769,0.17905653475536437,0.23769426825887907
2022-11-01,2022-12-01,1,25,5,0.09131675818195527,0.05677583986599958,0.20260787057433025,0.21485451594929572,0.16907683138540544,0.20317788175856313,0.16784064988975986,0.18326887265329816,0.18016105679317618,0.139128766788879,0.18899683317537305,0.2027941229839644
2022-12-01,2023-01-01,5,25,5,0.08469507137494316,0.02314179980203211,0.1807491486447391,0.16390626765655233,0.16321106351589237,0.2040167274668285,0.169168334790671,0.20913189434366852,0.19390018345546545,0.20117522404413918,0.208276198218289,0.1986280866867794
2023-01-01,2023-02-01,1,25,5,0.12055310603524913,0.07389467705583296,0.19065373653491755,0.2207985741078454,0.17188180653939308,0.21606384788399038,0.16704286557178957,0.16946233605559133,0.172143256948034,0.13197893069844757,0.17772522837061663,0.1878016341982923
2023-02-01,2023-03-01,3,25,5,0.06659978482855056,0.013131505959931884,0.17834866695679888,0.20967215185300178,0.16529009787699991,0.21621410071678018,0.21752780256996299,0.15647362261390185,0.1752610583687093,0.18151735452712034,0.19697258939897827,0.2229912643292639
2023-03-01,2023-04-01,4,25,5,0.07033514022755007,0.030777318828198327,0.20104488051597447,0.20310150212760503,0.17817070688672887,0.12075939250888748,0.16497036584731975,0.2910067969992175,0.2154412317973883,0.1715572252309025,0.17003767472503867,0.18279776430518935
2023-04-01,2023-05-01,1,25,5,0.07088058818355725,0.017224763521199494,0.20669716225439394,0.2156327349764482,0.18358286760802678,0.1805070564539436,0.18419436710410975,0.1848717473774108,0.1831223537027763,0.1706439799825662,0.1715226611471361,0.23111971768843179
2023-05-01,2023-06-01,5,26,5,0.06897674774761575,0.015031685186616415,0.1954119074260134,0.21655154994518663,0.1806112693399085,0.201147543625188,0.1652641577101354,0.22816941047377862,0.17302556240128983,0.167666328931887,0.21671035537503705,0.17143348183734325
2023-06-01,2023-07-01,3,26,5,0.08550227670476734,0.056824526774755066,0.16360182779380325,0.17893408065954902,0.16564639014613433,0.16301001083324476,0.21639676175821065,0.1758870868296163,0.1970274379131995,0.23331636661734287,0.17182530568388496,0.19202792828549198
2023-07-01,2023-08-01,3,25,5,0.06192482782216734,0.016239044062726624,0.16772098861531712,0.21171593700982955,0.1797438965013665,0.17092996683121603,0.22297708623422344,0.24139302244897234,0.17276467207420607,0.17112083472098885,0.1948685287527195,0.18860119492626654
2023-08-01,2023-09-01,5,25,5,0.06757646772733715,0.01778956877074129,0.17825381383222486,0.17571813118228977,0.1719460067456915,0.1989105962289038,0.19568525647815416,0.1754316302824402,0.16818668606616144,0.19600873561445273,0.21835176915043072,0.236141337921172
2023-09-01,2023-10-01,5,26,5,0.05674993850210271,0.020859374786079424,0.17302265209529055,0.16497614107162056,0.17791086883846405,0.17440492734948115,0.20859374786079424,0.19015080200848133,0.1721973265688785,0.22490619874526468,0.21152546613446996,0.22470255603907288
2023-10-01,2023-11-01,5,26,5,0.06907658287051165,0.017575532533777954,0.16945340606193954,0.17634978053665698,0.1876063334877007,0.2272435890195525,0.1933308578715575,0.15887703110492415,0.16027150770676934,0.23224023390698828,0.2202613120015212,0.1877138328981
2023-11-01,2023-12-01,2,25,5,0.06774820543992441,0.01869498771359824,0.19975058255814632,0.1874360183754959,0.21370094077364912,0.16912912626369803,0.1544799314084329,0.15151536423884593,0.17737046268386492,0.22464102162744562,0.18694987713598238,0.24858348178091627
2023-12-01,2024-01-01,3,25,5,0.10383084944173289,0.07523394670858849,0.16496848742373663,0.2452532779548076,0.1865481759017764,0.17934951082382916,0.2067842933804486,0.22489615825106568,0.1784072712150501,0.14527413153005136,0.1594609226372555,0.1299929747316578
2024-01-01,2024-02-01,4,25,5,0.0772408248371652,0.024309122268245234,0.17747488639815479,0.2103469896357813,0.16597388612417702,0.1318291148835804,0.16446395759077598,0.2240831843180879,0.2203734669037652,0.24942443702823852,0.19447297814596187,0.16000715186606668
2024-02-01,2024-03-01,3,25,5,0.09935587156588968,0.06609664164126675,0.17274437931448774,0.1792269006316606,0.17468037894052565,0.23023974902432348,0.20278301914403038,0.1999037447219466,0.18060576444154094,0.19560489662871303,0.16983058659352565,0.12892806735208956
2024-03-01,2024-04-01,3,25,5,0.06298899068982526,0.03458436633891154,0.16176720412842402,0.17575852527822028,0.18131454620575702,0.18489562342432037,0.22062402953600854,0.29107717811134437,0.20750619803346929,0.10023775760599513,0.16579903140651606,0.21344654924120843
2024-04-01,2024-05-01,5,25,5,0.0749408387580548,0.0,0.2032761026986017,0.20859450903553697,0.17052085891690866,0.20934643684410614,0.16637497006529098,0.18437230963860762,0.17270626669265607,0.16963060142834435,0.21218096286848787,0.22805614305340494
2024-05-01,2024-06-01,3,25,5,0.0632069188456711,0.0,0.18237267785104708,0.17593496473721576,0.1554972025032095,0.15704827670766808,0.2230234920495167,0.2414302210893235,0.2017571117654047,0.19318673596848343,0.17414259698515103,0.2323998014973093
2024-06-01,2024-07-01,0,27,5,0.22332029629027395,0.34877337330380026,0.15881419589914283,0.0818523886902774,0.15225858495527814,0.0767800297371011,0.1561398669804438,0.1389737177006301,0.15848680390690054,0.13484501932203208,0.15098025196796064,0.21877547124615893
2024-07-01,2024-08-01,2,28,5,0.13719786436191744,0.1972597928838099,0.1656156521823357,0.12341550904964474,0.19922043524964628,0.31544851290037396,0.15178656036538493,0.10677931757889152,0.1742144152435924,0.08292823924887871,0.17196507259712326,0.1741686283384012
2024-08-01,2024-09-01,5,28,5,0.13793045971548099,0.30289092004229096,0.1565911344988618,0.07921423339038297,0.18325971818742948,0.16250909988584736,0.17591062763014786,0.18559387426269197,0.14980058273956948,0.011993953018737477,0.19650747722851034,0.2577979194000492
