sasdate_t,sasdate_tp1,w_lo_2_SPY,w_lo_2_XLB,w_lo_2_XLE,w_lo_2_XLF,w_lo_2_XLI,w_lo_2_XLK,w_lo_2_XLP,w_lo_2_XLU,w_lo_2_XLV,w_lo_2_XLY,sum_w_lo_2,n_selected_lo_2,S_l_lo_2,w_lo_3_SPY,w_lo_3_XLB,w_lo_3_XLE,w_lo_3_XLF,w_lo_3_XLI,w_lo_3_XLK,w_lo_3_XLP,w_lo_3_XLU,w_lo_3_XLV,w_lo_3_XLY,sum_w_lo_3,n_selected_lo_3,S_l_lo_3,w_lo_4_SPY,w_lo_4_XLB,w_lo_4_XLE,w_lo_4_XLF,w_lo_4_XLI,w_lo_4_XLK,w_lo_4_XLP,w_lo_4_XLU,w_lo_4_XLV,w_lo_4_XLY,sum_w_lo_4,n_selected_lo_4,S_l_lo_4
2002-11-01,2002-12-01,0.0,0.0,0.0,0.0,0.0,0.5110760445031172,0.0,0.0,0.0,0.48892395549688294,1.0,2,0.0626716430953076,0.0,0.0,0.0,0.0,0.27165544759406807,0.372239452879017,0.0,0.0,0.0,0.356105099526915,1.0,3,0.0860466971137288,0.0,0.0,0.0,0.2067515457565063,0.2154902638908189,0.29527837060472406,0.0,0.0,0.0,0.2824798197479508,1.0,4,0.1084738289163008
2002-12-01,2003-01-01,0.0,0.0,0.0,0.8442440616049934,0.0,0.0,0.0,0.15575593839500654,0.0,0.0,1.0,2,0.0151330206672028,0.0,0.0,0.11024568501420456,0.7511697967141766,0.0,0.0,0.0,0.1385845182716188,0.0,0.0,1.0,3,0.0170080891009159,0.0,0.0,0.11024568501420456,0.7511697967141766,0.0,0.0,0.0,0.1385845182716188,0.0,0.0,1.0,3,0.0170080891009159
2003-01-01,2003-02-01,0.0,0.0,0.0,0.0,0.0,0.7325954321253259,0.0,0.0,0.0,0.2674045678746742,1.0,2,0.0606684771496556,0.0,0.0,0.0,0.0,0.0,0.5811386014643906,0.0,0.0,0.2067400696473703,0.21212132888823906,1.0,3,0.0764799466458447,0.08104829235736814,0.0,0.0,0.0,0.0,0.5340383101927525,0.0,0.0,0.18998414004060757,0.1949292574092716,0.9999999999999998,4,0.08322520760316901
2003-02-01,2003-03-01,0.0,0.0,0.0,0.36852309737837075,0.0,0.0,0.6314769026216293,0.0,0.0,0.0,1.0,2,0.0083913512991536,0.0,0.0,0.0,0.36852309737837075,0.0,0.0,0.6314769026216293,0.0,0.0,0.0,1.0,2,0.0083913512991536,0.0,0.0,0.0,0.36852309737837075,0.0,0.0,0.6314769026216293,0.0,0.0,0.0,1.0,2,0.0083913512991536
2003-03-01,2003-04-01,0.0,0.0,0.0,0.0,0.0,0.23340214921479382,0.0,0.0,0.0,0.7665978507852061,1.0,2,0.018693746559577302,0.0,0.0,0.0,0.0,0.0,0.20045824579984087,0.0,0.0,0.14114652982323458,0.6583952243769244,0.9999999999999999,3,0.021765932383937203,0.0,0.04926831414373659,0.0,0.0,0.0,0.19058200597307193,0.0,0.0,0.13419247825160519,0.6259572016315861,0.9999999999999998,4,0.022893875009892005
2003-04-01,2003-05-01,0.0,0.0,0.0,0.0,0.0,0.0,0.0,1.0,0.0,0.0,1.0,1,0.001438621692522,0.0,0.0,0.0,0.0,0.0,0.0,0.0,1.0,0.0,0.0,1.0,1,0.001438621692522,0.0,0.0,0.0,0.0,0.0,0.0,0.0,1.0,0.0,0.0,1.0,1,0.001438621692522
2003-05-01,2003-06-01,0.0,0.0,1.0,0.0,0.0,0.0,0.0,0.0,0.0,0.0,1.0,1,0.0012107132957764,0.0,0.0,1.0,0.0,0.0,0.0,0.0,0.0,0.0,0.0,1.0,1,0.0012107132957764,0.0,0.0,1.0,0.0,0.0,0.0,0.0,0.0,0.0,0.0,1.0,1,0.0012107132957764
2003-06-01,2003-07-01,0.0,0.0,0.0,0.0,0.0,0.0,0.0,0.0,0.0,0.0,0.0,0,0.0,0.0,0.0,0.0,0.0,0.0,0.0,0.0,0.0,0.0,0.0,0.0,0,0.0,0.0,0.0,0.0,0.0,0.0,0.0,0.0,0.0,0.0,0.0,0.0,0,0.0
2003-07-01,2003-08-01,0.0,0.0,0.0,0.0,0.0,0.0,0.0,0.0,0.0,0.0,0.0,0,0.0,0.0,0.0,0.0,0.0,0.0,0.0,0.0,0.0,0.0,0.0,0.0,0,0.0,0.0,0.0,0.0,0.0,0.0,0.0,0.0,0.0,0.0,0.0,0.0,0,0.0
2003-08-01,2003-09-01,0.0,0.0,0.0,0.7823374613470303,0.0,0.0,0.0,0.0,0.0,0.2176625386529698,1.0,2,0.0130057739431809,0.0,0.0,0.0,0.6693978514175752,0.0,0.0,0.0,0.14436175628736392,0.0,0.18624039229506084,1.0,3,0.0152000848942288,0.0,0.0,0.0,0.6693978514175752,0.0,0.0,0.0,0.14436175628736392,0.0,0.18624039229506084,1.0,3,0.0152000848942288
2003-09-01,2003-10-01,0.0,0.0,0.0,0.5132384828141222,0.4867615171858779,0.0,0.0,0.0,0.0,0.0,1.0,2,0.052262038150073895,0.0,0.0,0.0,0.3740816827507643,0.3547835432152399,0.2711347740339959,0.0,0.0,0.0,0.0,1.0,3,0.0717032947769023,0.0,0.0,0.0,0.3082081312392115,0.29230827888904887,0.22338955867737686,0.0,0.0,0.0,0.1760940311943628,1.0,4,0.0870284929248005
2003-10-01,2003-11-01,0.0,0.0,1.0,0.0,0.0,0.0,0.0,0.0,0.0,0.0,1.0,1,0.0064856083753431,0.0,0.0,1.0,0.0,0.0,0.0,0.0,0.0,0.0,0.0,1.0,1,0.0064856083753431,0.0,0.0,1.0,0.0,0.0,0.0,0.0,0.0,0.0,0.0,1.0,1,0.0064856083753431
2003-11-01,2003-12-01,0.0,0.5282730568426909,0.0,0.0,0.47172694315730906,0.0,0.0,0.0,0.0,0.0,1.0,2,0.0308537042136589,0.0,0.4219641199752837,0.0,0.20123861228656953,0.3767972677381467,0.0,0.0,0.0,0.0,0.0,0.9999999999999999,3,0.0386269350124473,0.0,0.37194298378621504,0.0,0.17738306733579196,0.3321303717795453,0.0,0.0,0.0,0.0,0.11854357709844762,1.0,4,0.0438217182481878
2003-12-01,2004-01-01,0.0,0.0,0.0,0.0,0.49950421856168487,0.0,0.0,0.0,0.0,0.5004957814383151,1.0,2,0.0410056111994469,0.0,0.0,0.0,0.3218173321091062,0.33875510356691957,0.0,0.0,0.0,0.0,0.33942756432397414,0.9999999999999999,3,0.0604639622050086,0.0,0.0,0.0,0.24607436462014834,0.25902566007166133,0.2353601249272633,0.0,0.0,0.0,0.25953985038092686,0.9999999999999998,4,0.07907508380890671
2004-01-01,2004-02-01,0.0,0.0,0.0,0.5849908798186072,0.0,0.0,0.0,0.41500912018139274,0.0,0.0,1.0,2,0.029303894616099002,0.0,0.0,0.0,0.41873063291452156,0.0,0.0,0.0,0.29705938597322706,0.2842099811122513,0.0,1.0,3,0.040939233354544004,0.0,0.0,0.22011656931547643,0.3265610825300789,0.0,0.0,0.0,0.23167169304983837,0.2216506551046062,0.0,1.0,4,0.052494041729557704
2004-02-01,2004-03-01,0.0,0.0,0.0,0.36607788252174295,0.0,0.633922117478257,0.0,0.0,0.0,0.0,1.0,2,0.0396213651959777,0.0,0.0,0.0,0.26865985908419016,0.2661128357891623,0.4652273051266476,0.0,0.0,0.0,0.0,1.0,3,0.053988361056271195,0.0,0.0,0.0,0.21343723510549567,0.21141374856123418,0.3696005426351978,0.0,0.0,0.20554847369807244,0.0,1.0,4,0.06795677177131279
2004-03-01,2004-04-01,0.0,0.0,0.0,0.0,0.0,0.0,0.0,0.0,0.0,0.0,0.0,0,0.0,0.0,0.0,0.0,0.0,0.0,0.0,0.0,0.0,0.0,0.0,0.0,0,0.0,0.0,0.0,0.0,0.0,0.0,0.0,0.0,0.0,0.0,0.0,0.0,0,0.0
2004-04-01,2004-05-01,0.0,0.0,0.0,0.5688361111841203,0.0,0.0,0.0,0.43116388881587986,0.0,0.0,1.0,2,0.0169250646259113,0.0,0.0,0.29763326460783623,0.39953156238556436,0.0,0.0,0.0,0.30283517300659935,0.0,0.0,0.9999999999999999,3,0.0240971899337762,0.0,0.0,0.23897902780858005,0.3207963480948607,0.0,0.0,0.1970688218487254,0.24315580224783392,0.0,0.0,1.0,4,0.0300115260055778
2004-05-01,2004-06-01,0.0,0.5181965740871528,0.4818034259128472,0.0,0.0,0.0,0.0,0.0,0.0,0.0,1.0,2,0.0203741126536011,0.0,0.4173170675664241,0.3880087266103581,0.0,0.19467420582321765,0.0,0.0,0.0,0.0,0.0,0.9999999999999998,3,0.025299217783565302,0.0,0.37643290563413423,0.3499958753690067,0.0,0.17560215635893467,0.0,0.09796906263792435,0.0,0.0,0.0,0.9999999999999999,4,0.0280469513136113
2004-06-01,2004-07-01,0.0,0.0,0.5306443050910659,0.46935569490893403,0.0,0.0,0.0,0.0,0.0,0.0,0.9999999999999999,2,0.0334659995686372,0.0,0.0,0.37325256303668747,0.3301424596850435,0.0,0.0,0.0,0.0,0.0,0.29660497727826907,1.0,3,0.0475778168562285,0.0,0.0,0.31790707034502597,0.28118928722441733,0.0,0.0,0.1482789354248091,0.0,0.0,0.25262470700574763,1.0,4,0.0558607962572332
2004-07-01,2004-08-01,0.0,0.0,0.0,0.0,0.0,0.0,0.0,0.5705749291693002,0.42942507083069975,0.0,1.0,2,0.0431121396367973,0.0,0.0,0.0,0.0,0.2703152167781925,0.0,0.0,0.416339843502699,0.3133449397191085,0.0,0.9999999999999999,3,0.0590832378968388,0.0,0.0,0.1594307877635139,0.0,0.22721864882278023,0.0,0.0,0.34996245427572553,0.2633881091379802,0.0,1.0,4,0.0702895574055552
2004-08-01,2004-09-01,0.0,0.0,0.0,0.0,0.0,0.0,0.0,0.0,0.0,0.0,0.0,0,0.0,0.0,0.0,0.0,0.0,0.0,0.0,0.0,0.0,0.0,0.0,0.0,0,0.0,0.0,0.0,0.0,0.0,0.0,0.0,0.0,0.0,0.0,0.0,0.0,0,0.0
2004-09-01,2004-10-01,0.0,0.0,0.0,0.0,0.0,0.0,0.0,0.0,0.0,0.0,0.0,0,0.0,0.0,0.0,0.0,0.0,0.0,0.0,0.0,0.0,0.0,0.0,0.0,0,0.0,0.0,0.0,0.0,0.0,0.0,0.0,0.0,0.0,0.0,0.0,0.0,0,0.0
2004-10-01,2004-11-01,0.0,0.6635154276201473,0.0,0.0,0.0,0.33648457237985274,0.0,0.0,0.0,0.0,1.0,2,0.0310281360137572,0.0,0.5209124266200037,0.0,0.0,0.21492039983399103,0.2641671735460053,0.0,0.0,0.0,0.0,1.0,3,0.0395222802976872,0.0,0.4354662755796438,0.0,0.0,0.1796666412223424,0.22083538290860733,0.1640317002894065,0.0,0.0,0.0,1.0,4,0.0472772476077975
2004-11-01,2004-12-01,0.0,0.0,0.4917205110176824,0.0,0.0,0.0,0.0,0.5082794889823177,0.0,0.0,1.0,2,0.0307127915311711,0.0,0.1455818710891106,0.4201349189708345,0.0,0.0,0.0,0.0,0.4342832099400548,0.0,0.0,1.0,3,0.0359458565916902,0.0,0.12803774540378723,0.3695043028915444,0.0,0.0,0.0,0.0,0.3819475780291946,0.0,0.12051037367547375,1.0,4,0.0408712684217908
2004-12-01,2005-01-01,0.0,0.5733151012558632,0.0,0.0,0.42668489874413684,0.0,0.0,0.0,0.0,0.0,1.0,2,0.0720283122262194,0.0,0.42130877917625853,0.0,0.0,0.31355548351867063,0.2651357373050707,0.0,0.0,0.0,0.0,0.9999999999999999,3,0.09801580493528661,0.0,0.34164236600200837,0.0,0.0,0.2542644315925971,0.21500050576134713,0.0,0.18909269664404735,0.0,0.0,1.0,4,0.1208717747757933
2005-01-01,2005-02-01,0.0,0.0,0.0,0.0,0.0,0.0,0.32963575332906153,0.0,0.0,0.6703642466709384,1.0,2,0.005602343896603,0.0,0.0,0.0,0.0,0.0,0.0,0.32936159177030677,0.0008317106260044432,0.0,0.6698066976036887,1.0,3,0.005607007304157953,0.0,0.0,0.0,0.0,0.0,0.0,0.32936159177030677,0.0008317106260044432,0.0,0.6698066976036887,1.0,3,0.005607007304157953
2005-02-01,2005-03-01,0.0,0.0,0.594195294822967,0.0,0.0,0.0,0.0,0.40580470517703304,0.0,0.0,1.0,2,0.0916609477386367,0.0,0.2637832576848951,0.43745652425352805,0.0,0.0,0.0,0.0,0.2987602180615769,0.0,0.0,1.0,3,0.1245026667695711,0.0,0.20997294981811684,0.34821784225752117,0.0,0.20399440183977824,0.0,0.0,0.2378148060845838,0.0,0.0,1.0,4,0.1564092853835821
2005-03-01,2005-04-01,0.0,0.43658803431826204,0.563411965681738,0.0,0.0,0.0,0.0,0.0,0.0,0.0,1.0,2,0.0327132865803908,0.0,0.31334329291340784,0.4043660080359357,0.0,0.0,0.0,0.0,0.2822906990506565,0.0,0.0,1.0,3,0.0455801346549635,0.0,0.2568365954981718,0.3314447482615708,0.0,0.18033479156310403,0.0,0.0,0.23138386467715344,0.0,0.0,1.0,4,0.0556082339299053
2005-04-01,2005-05-01,0.0,0.0,0.5563120741206615,0.0,0.0,0.4436879258793384,0.0,0.0,0.0,0.0,1.0,2,0.0563952698976459,0.0,0.0,0.4066319373607816,0.0,0.2690578610871835,0.32431020155203477,0.0,0.0,0.0,0.0,0.9999999999999999,3,0.0771542190487563,0.0,0.18983785134431228,0.32943780408423584,0.0,0.21798049485109613,0.26274384972035564,0.0,0.0,0.0,0.0,0.9999999999999999,4,0.0952330581930781
2005-05-01,2005-06-01,0.0,0.0,0.0,0.0,0.0,0.46141756425075015,0.0,0.0,0.0,0.5385824357492499,1.0,2,0.0468798258686238,0.0,0.0,0.31305232804973593,0.0,0.0,0.31696972155901415,0.0,0.0,0.0,0.36997795039124987,1.0,3,0.0682436636483979,0.0,0.0,0.24143798318814869,0.0,0.0,0.24445922757283894,0.0,0.22876157895944352,0.0,0.2853412102795689,1.0,4,0.0884858194127873
2005-06-01,2005-07-01,0.0,0.0,0.5105876117744238,0.0,0.0,0.0,0.0,0.48941238822557614,0.0,0.0,1.0,2,0.0528826532069097,0.0,0.0,0.35333950369852246,0.0,0.0,0.0,0.3079747813101528,0.3386857149913247,0.0,0.0,1.0,3,0.0764172341970831,0.0,0.0,0.2921997812796309,0.0,0.0,0.0,0.2546846950213938,0.28008159519983594,0.17303392849913932,0.0,1.0,4,0.0924067344847576
2005-07-01,2005-08-01,0.0,0.0,0.5844592428080757,0.0,0.0,0.0,0.0,0.4155407571919243,0.0,0.0,1.0,2,0.037511674609969,0.0,0.0,0.450668457721574,0.0,0.0,0.2289137980669011,0.0,0.32041774421152497,0.0,0.0,1.0,3,0.0486478353729167,0.0,0.0,0.37014406541958117,0.0,0.0,0.18801201281201546,0.0,0.2631662465898549,0.17867767517854855,0.0,1.0,4,0.0592311129293756
2005-08-01,2005-09-01,0.0,0.0,0.6283038067528736,0.0,0.0,0.37169619324712644,0.0,0.0,0.0,0.0,1.0,2,0.0715374938598354,0.0,0.0,0.5009524627190277,0.0,0.0,0.29635682831963683,0.0,0.2026907089613355,0.0,0.0,1.0,3,0.0897236425862323,0.0,0.0,0.4171198556879048,0.0,0.0,0.24676257062368318,0.0,0.16877114210066554,0.0,0.16734643158774654,1.0,4,0.1077562698221806
2005-09-01,2005-10-01,0.0,0.0,0.4352262346246723,0.0,0.0,0.5647737653753276,0.0,0.0,0.0,0.0,1.0,2,0.0941163399216671,0.0,0.0,0.3516343710039199,0.0,0.0,0.45630031452155206,0.0,0.0,0.0,0.19206531447452801,1.0,3,0.1164900351573034,0.15986402971486285,0.0,0.29542068346898215,0.0,0.0,0.3833543074819774,0.0,0.0,0.0,0.1613609793341776,1.0,4,0.1386561690933997
2005-10-01,2005-11-01,0.0,0.0,0.4490576933518593,0.0,0.0,0.0,0.0,0.5509423066481407,0.0,0.0,1.0,2,0.0717532626009007,0.0,0.0,0.4010701862080555,0.0,0.0,0.10686267678795372,0.0,0.49206713700399074,0.0,0.0,1.0,3,0.080338443748885,0.0,0.0,0.36532271321428994,0.0,0.08913021766026133,0.09733798314608524,0.0,0.44820908597936343,0.0,0.0,1.0,4,0.0881997024234581
2005-11-01,2005-12-01,0.0,0.0,0.40184954659452216,0.0,0.0,0.0,0.0,0.5981504534054778,0.0,0.0,1.0,2,0.0591255901191035,0.0,0.0,0.33047731898847355,0.0,0.0,0.0,0.17760932719942893,0.4919133538120976,0.0,0.0,1.0,3,0.07189477224706,0.0,0.0,0.29496603434410795,0.0,0.10745452896149937,0.0,0.15852440060604547,0.4390550360883473,0.0,0.0,1.0,4,0.08055026279323169
2005-12-01,2006-01-01,0.0,0.0,0.6639207831405678,0.0,0.0,0.3360792168594322,0.0,0.0,0.0,0.0,1.0,2,0.0355362252834752,0.0,0.0,0.5305791810797569,0.0,0.0,0.2685811924966502,0.0,0.20083962642359293,0.0,0.0,1.0,3,0.0444669511382844,0.0,0.0,0.4427004481097411,0.16562793283969024,0.0,0.22409664478381108,0.0,0.1675749742667576,0.0,0.0,1.0,4,0.0532939115395157
2006-01-01,2006-02-01,0.0,0.0,0.7378264893712816,0.0,0.0,0.0,0.0,0.0,0.2621735106287183,0.0,0.9999999999999999,2,0.0379534134381204,0.0,0.0,0.605152159854595,0.0,0.0,0.0,0.0,0.17981779107679,0.21503004906861486,0.0,0.9999999999999999,3,0.0462743680918758,0.0,0.0,0.5263487332000857,0.0,0.0,0.0,0.1302208467262913,0.15640176606631906,0.18702865400730384,0.0,0.9999999999999999,4,0.053202434109516805
2006-02-01,2006-03-01,0.0,0.0,0.5427279277725964,0.0,0.0,0.0,0.0,0.4572720722274036,0.0,0.0,1.0,2,0.0462266423486895,0.0,0.0,0.4015349208305721,0.0,0.0,0.2601543051626124,0.0,0.33831077400681553,0.0,0.0,1.0,3,0.0624814642718841,0.0,0.14489312110237104,0.34335527291983703,0.0,0.0,0.22245973591938284,0.0,0.2892918700584091,0.0,0.0,1.0,4,0.0730686020821547
2006-03-01,2006-04-01,0.0,0.5383015831509967,0.0,0.0,0.0,0.0,0.0,0.0,0.0,0.46169841684900326,1.0,2,0.0225471671231748,0.0,0.384794853345652,0.0,0.0,0.0,0.285168638938008,0.0,0.0,0.0,0.3300365077163399,0.9999999999999998,3,0.0315419389122457,0.0,0.31549209298076364,0.0,0.0,0.18010313745707868,0.2338088723609079,0.0,0.0,0.0,0.2705958972012497,1.0,4,0.0384706178950581
2006-04-01,2006-05-01,0.0,0.5311546213216589,0.46884537867834114,0.0,0.0,0.0,0.0,0.0,0.0,0.0,1.0,2,0.0321362377875338,0.0,0.3876315429067536,0.3421588558705735,0.0,0.270209601222673,0.0,0.0,0.0,0.0,0.0,1.0,3,0.044034887059865496,0.0,0.30797002130870843,0.2718423514847246,0.20550835724224875,0.21467926996431835,0.0,0.0,0.0,0.0,0.0,1.0,4,0.055425236327239995
2006-05-01,2006-06-01,0.0,0.49455616243533623,0.0,0.5054438375646638,0.0,0.0,0.0,0.0,0.0,0.0,1.0,2,0.0292338322088838,0.0,0.3375273631801283,0.0,0.34495804255831586,0.31751459426155587,0.0,0.0,0.0,0.0,0.0,1.0,3,0.0428343697360869,0.0,0.26977673558987214,0.0,0.27571588199558916,0.2537810562526515,0.20072632616188726,0.0,0.0,0.0,0.0,1.0,4,0.053591618413247895
2006-06-01,2006-07-01,0.0,0.0,0.6245755352174819,0.3754244647825181,0.0,0.0,0.0,0.0,0.0,0.0,1.0,2,0.0271320964509469,0.0,0.0,0.4812362152175508,0.28926501014661715,0.0,0.0,0.0,0.0,0.0,0.22949877463583201,0.9999999999999999,3,0.0352135669065591,0.0,0.0,0.394397824077855,0.23706755014709402,0.18044857887604954,0.0,0.0,0.0,0.0,0.18808604689900135,0.9999999999999998,4,0.0429668791962638
2006-07-01,2006-08-01,0.0,0.0,0.0,0.0,0.0,0.0,0.19690936512576346,0.8030906348742366,0.0,0.0,1.0,2,0.009446570228329499,0.0,0.0,0.0,0.08975551310281459,0.0,0.0,0.1792356640241511,0.7310088228730344,0.0,0.0,1.0,3,0.0103780581638354,0.0,0.0,0.0,0.08975551310281459,0.0,0.0,0.1792356640241511,0.7310088228730344,0.0,0.0,1.0,3,0.0103780581638354
2006-08-01,2006-09-01,0.0,0.5446045622192118,0.0,0.0,0.0,0.0,0.0,0.0,0.0,0.4553954377807881,1.0,2,0.047050087546001804,0.0,0.3857410910384805,0.0,0.0,0.0,0.0,0.2917042606719594,0.0,0.0,0.32255464828956004,1.0,3,0.0664271785548762,0.0,0.3076250531912726,0.0,0.20250898766555123,0.0,0.0,0.23263152614555285,0.0,0.0,0.25723443299762333,1.0,4,0.0832952065007326
2006-09-01,2006-10-01,0.0,0.0,0.0,0.48850456517372254,0.0,0.0,0.5114954348262775,0.0,0.0,0.0,1.0,2,0.0298386363031102,0.0,0.0,0.0,0.3609414710010736,0.0,0.0,0.37792873970558627,0.0,0.0,0.2611297892933402,1.0,3,0.040384137661433596,0.0,0.0,0.0,0.3001040950967398,0.0,0.0,0.3142281271415856,0.16855191434666944,0.0,0.2171158634150053,1.0,4,0.048570846885408095
2006-10-01,2006-11-01,0.0,0.0,0.5555021709347864,0.0,0.0,0.0,0.0,0.44449782906521357,0.0,0.0,1.0,2,0.0605570376362267,0.0,0.0,0.44565053062417,0.19775195500273315,0.0,0.0,0.0,0.35659751437309695,0.0,0.0,1.0,3,0.07548418224744069,0.0,0.0,0.3731748517773899,0.16559176176336335,0.0,0.0,0.16262895220896947,0.2986044342502772,0.0,0.0,1.0,4,0.090144246623485
2006-11-01,2006-12-01,0.0,0.0,0.0,0.0,0.0,0.0,0.4951258687430952,0.0,0.0,0.5048741312569047,1.0,2,0.0313186366310717,0.0,0.0,0.3133009263788555,0.0,0.0,0.0,0.3400024753917479,0.0,0.0,0.34669659822939664,1.0,3,0.0456075125686719,0.0,0.0,0.25265494372861763,0.0,0.0,0.0,0.27418784642792665,0.0,0.19357102882262905,0.27958618102082666,1.0,4,0.0565549034059203
2006-12-01,2007-01-01,0.0,0.0,0.0,0.0,0.388420557518048,0.0,0.0,0.0,0.0,0.611579442481952,1.0,2,0.0399765584534884,0.0,0.0,0.0,0.0,0.2930764754646428,0.24546610679578926,0.0,0.0,0.0,0.4614574177395679,1.0,3,0.0529817928837147,0.0,0.0,0.0,0.0,0.235400496642201,0.19715960947376462,0.0,0.19679497895899858,0.0,0.3706449149250358,1.0,4,0.0659629752003382
2007-01-01,2007-02-01,0.0,0.0,0.608346271470739,0.0,0.0,0.0,0.0,0.3916537285292609,0.0,0.0,1.0,2,0.021879919774276002,0.0,0.0,0.5356871981736407,0.0,0.0,0.0,0.11943703233593854,0.34487576949042065,0.0,0.0,1.0,3,0.024847649262742202,0.0,0.0,0.5356871981736407,0.0,0.0,0.0,0.11943703233593854,0.34487576949042065,0.0,0.0,1.0,3,0.024847649262742202
2007-02-01,2007-03-01,0.0,0.0,0.49960157027039115,0.0,0.0,0.0,0.0,0.5003984297296088,0.0,0.0,1.0,2,0.0292075118562933,0.0,0.0,0.4329123696910638,0.0,0.0,0.0,0.0,0.4336028605488366,0.1334847697600995,0.0,0.9999999999999999,3,0.0337068649655552,0.0,0.0,0.38616979883714453,0.0,0.0,0.0,0.10797236144413205,0.3867857357664481,0.11907210395227528,0.0,1.0,4,0.0377867943869142
2007-03-01,2007-04-01,0.0,0.0,0.4430530352542342,0.0,0.0,0.0,0.0,0.5569469647457658,0.0,0.0,1.0,2,0.030706939318444,0.0,0.0,0.3579340227483748,0.0,0.0,0.0,0.19211924021018412,0.4499467370414411,0.0,0.0,1.0,3,0.0380092469666352,0.0,0.0,0.32918696540032183,0.0,0.0,0.0,0.17668940547813053,0.4138097848903666,0.08031384423118093,0.0,0.9999999999999999,4,0.0413284974751643
2007-04-01,2007-05-01,0.0,0.0,0.0,0.0,0.0,0.0,0.0,0.5582142487983396,0.44178575120166036,0.0,1.0,2,0.0435341546151942,0.0,0.0,0.0,0.0,0.0,0.0,0.2722079881082759,0.40626387119957097,0.3215281406921531,0.0,1.0,3,0.059816752456567104,0.0,0.0,0.0,0.0,0.0,0.0,0.22896432089214935,0.34172373859662397,0.270449346078746,0.15886259443248063,1.0,4,0.0711141272051841
2007-05-01,2007-06-01,0.0,0.0,0.0,0.0,0.0,0.0,0.0,0.40732048459615977,0.5926795154038402,0.0,1.0,2,0.0315635074259607,0.0,0.0,0.0,0.0,0.0,0.0,0.26103527610137706,0.3009954694378545,0.43796925446076845,0.0,1.0,3,0.0427131450327402,0.0,0.0,0.1849266057750061,0.0,0.0,0.0,0.21276290850440782,0.24533339892105746,0.35697708679952855,0.0,0.9999999999999999,4,0.052404047703401804
2007-06-01,2007-07-01,0.0,0.0,0.0,0.0,0.0,0.0,0.0,0.4886338375877585,0.5113661624122414,0.0,1.0,2,0.0223175097106435,0.0,0.0,0.0,0.0,0.0,0.0,0.23875448408118144,0.37197031778988543,0.3892751981289331,0.0,1.0,3,0.02931709841825,0.0,0.0,0.0,0.15267624034844066,0.0,0.0,0.20230234708533507,0.31517928814851104,0.32984212441771327,0.0,1.0,4,0.0345996416178698
2007-07-01,2007-08-01,0.0,0.0,0.5947162626239477,0.0,0.0,0.0,0.0,0.4052837373760522,0.0,0.0,1.0,2,0.0221752753656245,0.0,0.0,0.4387752897875573,0.0,0.0,0.0,0.0,0.2990140012798111,0.26221070893263165,0.0,1.0,3,0.0300563800994499,0.0,0.0,0.3637432405767362,0.0,0.0,0.0,0.17100336084821363,0.24788160212029134,0.21737179645475893,0.0,1.0000000000000002,4,0.0362563352852709
2007-08-01,2007-09-01,0.0,0.0,0.6551091203191682,0.0,0.0,0.0,0.0,0.34489087968083176,0.0,0.0,1.0,2,0.0671578568785523,0.0,0.0,0.5744410611548081,0.12313682814407882,0.0,0.0,0.0,0.30242211070111297,0.0,0.0,0.9999999999999998,3,0.0765887529937078,0.0,0.0,0.5159326514509422,0.11059500187524478,0.0,0.0,0.0,0.27161958289984894,0.10185276377396396,0.0,0.9999999999999998,4,0.0852741620800721
2007-09-01,2007-10-01,0.0,0.0,0.0,0.0,0.0,0.0,0.0,0.38319020425355543,0.6168097957464447,0.0,1.0,2,0.0279829632367955,0.0,0.0,0.2657664118963547,0.0,0.0,0.0,0.0,0.28135111859525674,0.4528824695083887,0.0,1.0,3,0.0381117994194041,0.0,0.1927662875568193,0.21453560731779792,0.0,0.0,0.0,0.0,0.22711610796369075,0.3655819971616922,0.0,1.0000000000000002,4,0.047212844101932494
2007-10-01,2007-11-01,0.0,0.0,0.0,0.0,0.0,0.0,0.38579168006937364,0.0,0.6142083199306263,0.0,1.0,2,0.0158372911821152,0.0,0.0,0.0,0.0,0.0,0.0,0.30865685407706306,0.19993906031991182,0.4914040856030251,0.0,1.0,3,0.0197951060933532,0.0,0.0,0.0,0.0,0.0,0.05646086638378946,0.2912298206805772,0.18865032775028887,0.46365898518534454,0.0,1.0,4,0.0209796344296674
2007-11-01,2007-12-01,0.0,0.0,0.0,0.0,0.0,0.0,0.48485061033027194,0.0,0.515149389669728,0.0,1.0,2,0.0372003644339896,0.0,0.0,0.0,0.0,0.0,0.0,0.33532929452110005,0.30838636195037594,0.35628434352852406,0.0,1.0,3,0.053787783217948096,0.0,0.0,0.19629631028775188,0.0,0.0,0.0,0.2695053912752132,0.24785125695645396,0.28634704148058093,0.0,1.0,4,0.0669248927265792
2007-12-01,2008-01-01,0.0,0.0,0.0,0.0,0.0,0.0,0.0,0.9581472129664637,0.041852787033536364,0.0,1.0,2,0.0214296721675674,0.0,0.0,0.026145299046816766,0.0,0.0,0.0,0.0,0.9330961675525814,0.04075853340060182,0.0,1.0,3,0.0220049994589466,0.0,0.0,0.026145299046816766,0.0,0.0,0.0,0.0,0.9330961675525814,0.04075853340060182,0.0,1.0,3,0.0220049994589466
2008-01-01,2008-02-01,0.0,0.0,0.5728795649372271,0.0,0.0,0.0,0.0,0.42712043506277275,0.0,0.0,0.9999999999999999,2,0.025842564773021902,0.0,0.0,0.5326824768944579,0.0,0.0,0.0,0.0,0.3971507891129029,0.07016673399263913,0.0,1.0,3,0.0277926868372736,0.0,0.0,0.5140765795826276,0.0,0.0,0.0,0.03492868288122169,0.38327883514395134,0.0677159023921992,0.0,0.9999999999999998,4,0.028798583425159403
2008-02-01,2008-03-01,0.0,0.24541959590178095,0.754580404098219,0.0,0.0,0.0,0.0,0.0,0.0,0.0,1.0,2,0.0333810732553979,0.0,0.21273886736825154,0.6540984631495261,0.0,0.0,0.0,0.0,0.13316266948222227,0.0,0.0,1.0,3,0.0385090397934971,0.0,0.20858727905286933,0.6413337644824959,0.0,0.0,0.0,0.01951494979145403,0.13056400667318074,0.0,0.0,1.0,4,0.0392754991881889
2008-03-01,2008-04-01,0.0,0.0,0.6109027372826262,0.0,0.0,0.0,0.0,0.38909726271737377,0.0,0.0,1.0,2,0.0160539629870801,0.0,0.0,0.6109027372826262,0.0,0.0,0.0,0.0,0.38909726271737377,0.0,0.0,1.0,2,0.0160539629870801,0.0,0.0,0.6109027372826262,0.0,0.0,0.0,0.0,0.38909726271737377,0.0,0.0,1.0,2,0.0160539629870801
2008-04-01,2008-05-01,0.0,0.0,0.7063666663469579,0.0,0.0,0.0,0.0,0.2936333336530422,0.0,0.0,1.0,2,0.0314749561466655,0.0,0.19036769104607848,0.5718972750425718,0.0,0.0,0.0,0.0,0.23773503391134976,0.0,0.0,1.0,3,0.038875617732365995,0.0,0.1645347191317653,0.4942905857831481,0.0,0.0,0.0,0.0,0.20547429460032002,0.13570040048476667,0.0,1.0,4,0.044979330956731296
2008-05-01,2008-06-01,0.0,0.0,0.0,0.0,0.0,0.0,0.19129468608752176,0.8087053139124782,0.0,0.0,1.0,2,0.0105162042824666,0.0,0.0,0.0,0.0,0.0,0.0,0.19129468608752176,0.8087053139124782,0.0,0.0,1.0,2,0.0105162042824666,0.0,0.0,0.0,0.0,0.0,0.0,0.19129468608752176,0.8087053139124782,0.0,0.0,1.0,2,0.0105162042824666
2008-06-01,2008-07-01,0.0,0.0,0.0,0.0,0.0,0.0,0.0,0.35510267432683396,0.644897325673166,0.0,1.0,2,0.027342156329496,0.0,0.0,0.0,0.0,0.0,0.0,0.18768107611006088,0.2884566222796133,0.5238623016103258,0.0,0.9999999999999999,3,0.0336593861417915,0.0,0.0,0.0,0.0,0.0,0.0,0.18768107611006088,0.2884566222796133,0.5238623016103258,0.0,0.9999999999999999,3,0.0336593861417915
2008-07-01,2008-08-01,0.0,0.0,0.0,0.4695573426878378,0.0,0.0,0.0,0.5304426573121623,0.0,0.0,1.0,2,0.0204530775851553,0.0,0.0,0.0,0.336899173023761,0.0,0.0,0.0,0.38058332037158127,0.2825175066046578,0.0,1.0,3,0.0285067270260006,0.0,0.0,0.0,0.30092417096369023,0.0,0.1067826962505886,0.0,0.33994360727430223,0.2523495255114189,0.0,1.0,4,0.0319146605269954
2008-08-01,2008-09-01,0.0,0.0,0.0,0.0,0.0,0.745518288523226,0.25448171147677384,0.0,0.0,0.0,0.9999999999999998,2,0.0180325572663092,0.0,0.0,0.0,0.0,0.0,0.6249352588719232,0.21332084898270495,0.16174389214537171,0.0,0.0,0.9999999999999999,3,0.0215119903062328,0.0,0.0,0.0,0.0,0.0,0.5459467848251385,0.18635823468898693,0.14130032931933986,0.0,0.12639465116653467,1.0,4,0.024624380259299
2008-09-01,2008-10-01,0.0,0.0,0.0,0.49597404202569173,0.0,0.0,0.5040259579743083,0.0,0.0,0.0,1.0,2,0.0089461301906507,0.0,0.0,0.0,0.4618612988135031,0.0,0.06877929149852889,0.4693594096879681,0.0,0.0,0.0,1.0,3,0.0096068849296177,0.0,0.0,0.0,0.4618612988135031,0.0,0.06877929149852889,0.4693594096879681,0.0,0.0,0.0,1.0,3,0.0096068849296177
2008-10-01,2008-11-01,0.0,0.0,0.0,0.0,0.0,0.0,0.0,0.5094904106697081,0.4905095893302919,0.0,1.0,2,0.0221551705862499,0.0,0.0,0.0,0.0,0.0,0.0,0.0,0.5094904106697081,0.4905095893302919,0.0,1.0,2,0.0221551705862499,0.0,0.0,0.0,0.0,0.0,0.0,0.0,0.5094904106697081,0.4905095893302919,0.0,1.0,2,0.0221551705862499
2008-11-01,2008-12-01,0.0,0.0,0.0,0.0,0.0,0.6691020831019312,0.0,0.3308979168980687,0.0,0.0,0.9999999999999999,2,0.0690587933708046,0.0,0.0,0.21549497789555572,0.0,0.0,0.5249139444940103,0.0,0.259591077610434,0.0,0.0,1.0,3,0.0880284911185827,0.09979554786745537,0.0,0.19398953851378353,0.0,0.0,0.47252986981996353,0.0,0.2336850437987976,0.0,0.0,1.0,4,0.0977872203476078
2008-12-01,2009-01-01,0.0,0.0,0.41361575681622204,0.0,0.0,0.5863842431837779,0.0,0.0,0.0,0.0,1.0,2,0.0975531516544289,0.0,0.0,0.30024981952178975,0.0,0.0,0.4256650291603335,0.0,0.27408515131787675,0.0,0.0,1.0,3,0.1343864942720675,0.0,0.0,0.2580448717119307,0.0,0.0,0.3658309537600309,0.0,0.23555806901936827,0.0,0.14056610550867016,1.0,4,0.1563662954573212
2009-01-01,2009-02-01,0.0,0.0,0.0,0.0,0.0,0.6266155734995589,0.0,0.3733844265004411,0.0,0.0,1.0,2,0.1006847847703163,0.0,0.0,0.25451877767716297,0.0,0.0,0.4671301436589766,0.0,0.27835107866386033,0.0,0.0,0.9999999999999998,3,0.1350601219123852,0.0,0.0,0.21868490352955341,0.0,0.0,0.40136256874290205,0.1407906892946894,0.23916183843285516,0.0,0.0,1.0,4,0.1571911759214022
2009-02-01,2009-03-01,0.0,0.0,0.0,0.0,0.0,0.0,0.0,1.0,0.0,0.0,1.0,1,0.0051667766895212,0.0,0.0,0.0,0.0,0.0,0.0,0.0,1.0,0.0,0.0,1.0,1,0.0051667766895212,0.0,0.0,0.0,0.0,0.0,0.0,0.0,1.0,0.0,0.0,1.0,1,0.0051667766895212
2009-03-01,2009-04-01,0.0,0.0,0.0,0.0,0.0,0.4818069014603002,0.0,0.5181930985396999,0.0,0.0,1.0,2,0.0388574525634634,0.0,0.0,0.0,0.0,0.0,0.32648471239808713,0.0,0.3511409326654233,0.3223743549364896,0.0,1.0,3,0.0573435389385558,0.0,0.0,0.1693766060895417,0.0,0.0,0.271185839871979,0.0,0.29166587323143756,0.26777168080704167,0.0,0.9999999999999998,4,0.0690367492162609
2009-04-01,2009-05-01,0.0,0.0,0.4999112119552609,0.0,0.0,0.0,0.0,0.500088788044739,0.0,0.0,0.9999999999999999,2,0.046324326744520805,0.0,0.0,0.4522890170191652,0.0,0.0952613060023899,0.0,0.0,0.45244967697844485,0.0,0.0,1.0,3,0.05120188519829481,0.0,0.0,0.42636698806218115,0.0,0.08980159718843604,0.0573129746280918,0.0,0.42651844012129086,0.0,0.0,0.9999999999999998,4,0.05431482965207321
2009-05-01,2009-06-01,0.0,0.0,0.4629589111907076,0.0,0.0,0.5370410888092925,0.0,0.0,0.0,0.0,1.0,2,0.024588234052444098,0.0,0.0,0.3238998608202262,0.0,0.0,0.37572996159138194,0.0,0.30037017758839196,0.0,0.0,1.0,3,0.0351446340118679,0.0,0.0,0.2548309428845316,0.0,0.21324157954495027,0.29560871109927217,0.0,0.23631876647124603,0.0,0.0,1.0000000000000002,4,0.044670172060619
2009-06-01,2009-07-01,0.0,0.0,0.0,0.0,0.0,0.46647173700636874,0.0,0.5335282629936313,0.0,0.0,1.0,2,0.0244330846537161,0.0,0.0,0.30718309867480126,0.0,0.0,0.3231795033885354,0.0,0.3696373979366633,0.0,0.0,1.0,3,0.0352662941781317,0.0,0.0,0.24616466517157837,0.0,0.0,0.258983565779369,0.19863864179526344,0.2962131272537892,0.0,0.0,1.0,4,0.0440079794428042
2009-07-01,2009-08-01,0.0,0.0,0.40196493780071296,0.598035062199287,0.0,0.0,0.0,0.0,0.0,0.0,1.0,2,0.1570123988528346,0.28420907248476246,0.0,0.28772285565697714,0.42806807185826046,0.0,0.0,0.0,0.0,0.0,0.0,1.0,3,0.2193551116914543,0.2220814864249177,0.0,0.22482716298984204,0.3344931703206899,0.21859818026455036,0.0,0.0,0.0,0.0,0.0,1.0,4,0.280719990856585
2009-08-01,2009-09-01,0.0,0.0,0.0,0.0,0.0,0.0,0.0,0.520723406248524,0.479276593751476,0.0,1.0,2,0.0205710424419689,0.0,0.0,0.0,0.31210831025051466,0.0,0.0,0.0,0.3582013038164048,0.3296903859330805,0.0,1.0,3,0.0299044787842406,0.0,0.0,0.0,0.24164745333816787,0.0,0.0,0.2257577084563727,0.2773345983007283,0.25526023990473107,0.0,1.0,4,0.0386241866543085
2009-09-01,2009-10-01,0.0,0.0,0.0,0.0,0.2298550313433331,0.7701449686566668,0.0,0.0,0.0,0.0,0.9999999999999999,2,0.0331344814367071,0.0,0.0,0.0,0.0,0.20478941202769865,0.6861609005708798,0.0,0.0,0.10904968740142151,0.0,0.9999999999999999,3,0.037190044122736604,0.0,0.0,0.0,0.0,0.20478941202769865,0.6861609005708798,0.0,0.0,0.10904968740142151,0.0,0.9999999999999999,3,0.037190044122736604
2009-10-01,2009-11-01,0.0,0.0,0.38076917774135216,0.0,0.0,0.0,0.0,0.6192308222586479,0.0,0.0,1.0,2,0.037148725296977,0.0,0.0,0.29294360357113675,0.0,0.0,0.230653055195222,0.0,0.4764033412336413,0.0,0.0,1.0,3,0.0482860503285725,0.0,0.0,0.24525480218577672,0.0,0.0,0.1931046410839702,0.0,0.398848808407339,0.16279174832291407,0.0,1.0,4,0.0576750769379619
2009-11-01,2009-12-01,0.0,0.0,0.0,0.0,0.0,0.0,0.8811425510766953,0.0,0.1188574489233048,0.0,1.0,2,0.013932546834086599,0.0,0.0,0.0,0.0,0.0,0.0,0.8811425510766953,0.0,0.1188574489233048,0.0,1.0,2,0.013932546834086599,0.0,0.0,0.0,0.0,0.0,0.0,0.8811425510766953,0.0,0.1188574489233048,0.0,1.0,2,0.013932546834086599
2009-12-01,2010-01-01,0.0,0.0,0.5686113237133924,0.4313886762866075,0.0,0.0,0.0,0.0,0.0,0.0,0.9999999999999999,2,0.036942121241594,0.0,0.0,0.40757161697067373,0.309212590401372,0.0,0.0,0.0,0.0,0.0,0.28321579262795427,1.0,3,0.0515386930426876,0.0,0.0,0.3257406821917471,0.2471298685817653,0.0,0.20077682392887194,0.0,0.0,0.0,0.22635262529761557,1.0,4,0.0644859841227888
2010-01-01,2010-02-01,0.0,0.0,0.3642503996087619,0.6357496003912383,0.0,0.0,0.0,0.0,0.0,0.0,1.0000000000000002,2,0.14844584059666338,0.0,0.0,0.2926462957964355,0.5107743623847616,0.0,0.0,0.0,0.0,0.19657934181880293,0.0,1.0,3,0.18476726865938278,0.0,0.0,0.24819322296676355,0.4331875613325693,0.15190034341180755,0.0,0.0,0.0,0.16671887228885968,0.0,1.0000000000000002,4,0.21786032717272907
2010-02-01,2010-03-01,0.0,0.0,0.0,0.0,0.0,0.0,0.0,0.0,0.0,0.0,0.0,0,0.0,0.0,0.0,0.0,0.0,0.0,0.0,0.0,0.0,0.0,0.0,0.0,0,0.0,0.0,0.0,0.0,0.0,0.0,0.0,0.0,0.0,0.0,0.0,0.0,0,0.0
2010-03-01,2010-04-01,0.0,0.0,0.0,0.0,0.0,0.0,0.39861706943534286,0.0,0.6013829305646573,0.0,1.0000000000000002,2,0.0327859229586987,0.0,0.0,0.0,0.0,0.0,0.0,0.28850820846055536,0.2762271598924781,0.4352646316469666,0.0,1.0,3,0.0452986367294856,0.0,0.0,0.0,0.0,0.0,0.0,0.2712137309786691,0.25966886360643326,0.4091729151899315,0.05994449022496615,1.0,4,0.0481871934778895
2010-04-01,2010-05-01,0.0,0.0,0.43853979827943984,0.0,0.0,0.0,0.0,0.5614602017205602,0.0,0.0,1.0,2,0.0186241680860638,0.0,0.0,0.43853979827943984,0.0,0.0,0.0,0.0,0.5614602017205602,0.0,0.0,1.0,2,0.0186241680860638,0.0,0.0,0.43853979827943984,0.0,0.0,0.0,0.0,0.5614602017205602,0.0,0.0,1.0,2,0.0186241680860638
2010-05-01,2010-06-01,0.0,0.0,0.5529581670994398,0.0,0.0,0.0,0.0,0.0,0.4470418329005602,0.0,1.0,2,0.0327592859811712,0.0,0.0,0.4055280726606018,0.0,0.0,0.0,0.0,0.26662070154816114,0.327851225791237,0.0,1.0,3,0.0446689537737511,0.11911221729097042,0.0,0.35722472475226374,0.0,0.0,0.0,0.0,0.2348629186110856,0.28880013934568016,0.0,0.9999999999999999,4,0.0507090172557268
2010-06-01,2010-07-01,0.0,0.0,0.8245006141471357,0.0,0.17549938585286437,0.0,0.0,0.0,0.0,0.0,1.0,2,0.025673838933853797,0.0,0.0,0.7572702004682966,0.0,0.1611890310649846,0.0,0.0,0.08154076846671875,0.0,0.0,1.0,3,0.027953161177327098,0.0,0.0,0.7237163004526368,0.0,0.15404690315789024,0.0,0.04430901941593636,0.07792777697353653,0.0,0.0,1.0,4,0.0292491629043561
2010-07-01,2010-08-01,0.0,0.0,0.5031085022750533,0.0,0.0,0.4968914977249467,0.0,0.0,0.0,0.0,1.0,2,0.0123143732083784,0.0,0.0,0.36349820101656577,0.0,0.27749541227622027,0.3590063867072141,0.0,0.0,0.0,0.0,1.0,3,0.017044006941428998,0.0,0.0,0.3030684176538136,0.0,0.23136316842710872,0.2993233453224434,0.0,0.16624506859663424,0.0,0.0,1.0,4,0.020442466124597
2010-08-01,2010-09-01,0.0,0.0,0.0,0.0,0.0,0.498335897246551,0.0,0.501664102753449,0.0,0.0,1.0,2,0.0329026633534909,0.0,0.0,0.0,0.0,0.0,0.352483296146875,0.0,0.35483740479890574,0.0,0.29267929905421913,0.9999999999999998,3,0.046517319950477504,0.0,0.0,0.19890545610561622,0.0,0.0,0.2823724453571699,0.0,0.2842583089540462,0.0,0.23446378958316763,1.0,4,0.058067203559197304
2010-09-01,2010-10-01,0.0,0.0,0.0,0.0,0.2897897087144073,0.0,0.0,0.0,0.0,0.7102102912855928,1.0,2,0.009849591704059,0.0,0.0,0.20211409004033365,0.0,0.2312191254345415,0.0,0.0,0.0,0.0,0.5666667845251249,1.0,3,0.0123446116557653,0.0,0.0,0.17265131393644137,0.0,0.19751362117080504,0.14577299434202107,0.0,0.0,0.0,0.48406207055073264,1.0000000000000002,4,0.014451207435495099
2010-10-01,2010-11-01,0.0,0.0,0.0,0.0,0.0,0.0,0.3255143634926589,0.6744856365073412,0.0,0.0,1.0,2,0.03254785366154,0.0,0.0,0.0,0.0,0.0,0.0,0.2468548605894603,0.5114983436771386,0.0,0.24164679573340106,1.0,3,0.0429191219585034,0.0,0.0,0.0,0.0,0.0,0.0,0.20763536139666114,0.4302331466740858,0.15887675494477857,0.20325473698447455,1.0,4,0.0510259610714785
2010-11-01,2010-12-01,0.0,0.0,0.0,0.0,0.4555114317413556,0.0,0.0,0.0,0.0,0.5444885682586446,1.0000000000000002,2,0.0690157889854636,0.0,0.29953979696815447,0.0,0.0,0.3190676299608766,0.0,0.0,0.0,0.0,0.3813925730709691,1.0000000000000002,3,0.09852920792178949,0.0,0.26227930877443373,0.0,0.0,0.27937802684473495,0.1243924465825891,0.0,0.0,0.0,0.33395021779824235,1.0000000000000002,4,0.11252667651990848
2010-12-01,2011-01-01,0.0,0.0,0.5237694188273041,0.0,0.47623058117269595,0.0,0.0,0.0,0.0,0.0,1.0,2,0.0779033092481176,0.0,0.0,0.3763637701258929,0.0,0.34220389838853527,0.0,0.0,0.0,0.0,0.28143233148557184,1.0,3,0.1084147153589243,0.0,0.0,0.2960257893301325,0.0,0.26915762667174253,0.21345832721594718,0.0,0.0,0.0,0.2213582567821777,1.0,4,0.13783721716254171
2011-01-01,2011-02-01,0.0,0.3572167779202362,0.6427832220797638,0.0,0.0,0.0,0.0,0.0,0.0,0.0,1.0,2,0.0504468882464791,0.0,0.2751038781598958,0.49502758028275445,0.0,0.0,0.0,0.0,0.0,0.0,0.2298685415573498,1.0,3,0.0655042560506386,0.0,0.23765161654694633,0.4276352099302023,0.0,0.13613861739594052,0.0,0.0,0.0,0.0,0.19857455612691088,1.0,4,0.0758272766554049
2011-02-01,2011-03-01,0.0,0.0,0.0,0.0,0.0,0.49803095358014493,0.0,0.0,0.0,0.5019690464198551,1.0,2,0.0587073041108689,0.0,0.0,0.3148522213910329,0.0,0.0,0.34122480152394197,0.0,0.0,0.0,0.3439229770850253,1.0,3,0.08568560819106849,0.0,0.0,0.26895699693250796,0.0,0.14576751040776376,0.2914853117164136,0.0,0.0,0.0,0.2937901809433147,1.0,4,0.10030712860379509
2011-03-01,2011-04-01,0.0,0.0,0.4455197337018144,0.0,0.0,0.0,0.0,0.5544802662981856,0.0,0.0,1.0,2,0.004246489438274,0.0,0.0,0.4078353966519119,0.0,0.0,0.0,0.0,0.507579490278496,0.0,0.08458511306959202,1.0,3,0.0046388686691708,0.0,0.0,0.4078353966519119,0.0,0.0,0.0,0.0,0.507579490278496,0.0,0.08458511306959202,1.0,3,0.0046388686691708
2011-04-01,2011-05-01,0.0,0.0,0.0,0.0,0.0,0.0,0.0,0.0,0.0,0.0,0.0,0,0.0,0.0,0.0,0.0,0.0,0.0,0.0,0.0,0.0,0.0,0.0,0.0,0,0.0,0.0,0.0,0.0,0.0,0.0,0.0,0.0,0.0,0.0,0.0,0.0,0,0.0
2011-05-01,2011-06-01,0.0,0.0,0.0,0.0,0.2813659979567815,0.0,0.0,0.0,0.0,0.7186340020432185,1.0,2,0.0210131851199883,0.0,0.0,0.0,0.0,0.21970927688134326,0.0,0.0,0.0,0.21913351834683611,0.5611572047718205,0.9999999999999999,3,0.026910087209149402,0.0,0.0,0.0,0.0,0.1883000743009214,0.0,0.14295801718643308,0.0,0.18780662506488557,0.48093528344775993,1.0,4,0.0313987969653561
2011-06-01,2011-07-01,0.0,0.0,0.0,0.0,0.0,0.0,0.4656292218138693,0.5343707781861308,0.0,0.0,1.0,2,0.013523474805292899,0.0,0.0,0.2918723601088057,0.0,0.0,0.0,0.3297249219074287,0.37840271798376574,0.0,0.0,1.0,3,0.0190975101711477,0.0,0.0,0.2918723601088057,0.0,0.0,0.0,0.3297249219074287,0.37840271798376574,0.0,0.0,1.0,3,0.0190975101711477
2011-07-01,2011-08-01,0.0,0.0,0.4739641619653226,0.0,0.0,0.5260358380346775,0.0,0.0,0.0,0.0,1.0,2,0.0126867438327895,0.0,0.0,0.4013244572447181,0.0,0.0,0.4454156329355197,0.0,0.0,0.1532599098197622,0.0,1.0,3,0.01498304376977,0.0,0.0,0.37614852394488935,0.0,0.0,0.41747376678942594,0.0,0.0,0.1436455910372732,0.06273211822841161,1.0,4,0.0159858713406989
2011-08-01,2011-09-01,0.0,0.0,0.0,0.0,0.4827715344346302,0.0,0.0,0.0,0.0,0.5172284655653697,1.0,2,0.056129515525101606,0.0,0.32154848877954945,0.0,0.0,0.32753707711139063,0.0,0.0,0.0,0.0,0.3509144341090598,0.9999999999999998,3,0.08273180116310971,0.0,0.2570491761100372,0.0,0.0,0.26183651534650715,0.0,0.0,0.0,0.20058969306409133,0.2805246154793642,0.9999999999999998,4,0.10349103638682831
2011-09-01,2011-10-01,0.0,0.0,0.7008965520729891,0.0,0.0,0.0,0.0,0.29910344792701105,0.0,0.0,1.0,2,0.030322896394401097,0.0,0.0,0.6421440477062488,0.0,0.0,0.0,0.08382478725708152,0.2740311650366698,0.0,0.0,1.0,3,0.033097267828953794,0.0,0.0,0.6421440477062488,0.0,0.0,0.0,0.08382478725708152,0.2740311650366698,0.0,0.0,1.0,3,0.033097267828953794
2011-10-01,2011-11-01,0.0,0.0,0.0,0.0,0.0,0.0,1.0,0.0,0.0,0.0,1.0,1,0.001388389695813,0.0,0.0,0.0,0.0,0.0,0.0,1.0,0.0,0.0,0.0,1.0,1,0.001388389695813,0.0,0.0,0.0,0.0,0.0,0.0,1.0,0.0,0.0,0.0,1.0,1,0.001388389695813
2011-11-01,2011-12-01,0.0,0.0,0.0,0.0,0.49852944250526626,0.0,0.0,0.0,0.0,0.5014705574947337,1.0,2,0.0801555732588652,0.0,0.2827657938900318,0.0,0.0,0.35756236891770965,0.0,0.0,0.0,0.0,0.3596718371922585,1.0,3,0.1117564842502444,0.0,0.22291853424067903,0.2116495734014685,0.0,0.2818844460718579,0.0,0.0,0.0,0.0,0.28354744628599454,1.0,4,0.1417599083854578
2011-12-01,2012-01-01,0.0,0.0,0.0,0.0,0.0,0.0,0.0,0.0,0.0,0.0,0.0,0,0.0,0.0,0.0,0.0,0.0,0.0,0.0,0.0,0.0,0.0,0.0,0.0,0,0.0,0.0,0.0,0.0,0.0,0.0,0.0,0.0,0.0,0.0,0.0,0.0,0,0.0
2012-01-01,2012-02-01,0.0,0.0,0.0,0.0,0.47408446086927203,0.0,0.0,0.0,0.0,0.5259155391307279,0.9999999999999999,2,0.033600214558084804,0.0,0.0,0.0,0.0,0.3293072104169316,0.3053828218433477,0.0,0.0,0.0,0.3653099677397207,1.0,3,0.0483722770105567,0.0,0.0,0.0,0.0,0.2611046725659415,0.24213524387673352,0.0,0.0,0.20710915428981885,0.28965092926750613,1.0,4,0.0610074857999279
2012-02-01,2012-03-01,0.0,0.0,0.5038364014496556,0.0,0.0,0.0,0.0,0.0,0.4961635985503443,0.0,0.9999999999999999,2,0.004934481706587101,0.0,0.0,0.3531720816076481,0.0,0.0,0.0,0.2990342091371541,0.0,0.3477937092551977,0.0,1.0,3,0.007039547109015201,0.0,0.0,0.3531720816076481,0.0,0.0,0.0,0.2990342091371541,0.0,0.3477937092551977,0.0,1.0,3,0.007039547109015201
2012-03-01,2012-04-01,0.0,0.5550365447543378,0.0,0.0,0.0,0.0,0.0,0.0,0.0,0.44496345524566217,1.0,2,0.0541627961342359,0.0,0.39431943916197826,0.28956130386602524,0.0,0.0,0.0,0.0,0.0,0.0,0.31611925697199644,1.0,3,0.07623852195689221,0.0,0.3103970943624559,0.2279344572786785,0.0,0.2128283225850522,0.0,0.0,0.0,0.0,0.24884012577381337,1.0,4,0.09685120049956271
2012-04-01,2012-05-01,0.0,0.0,0.0,0.5115943227291948,0.48840567727080514,0.0,0.0,0.0,0.0,0.0,1.0,2,0.0455887406037994,0.0,0.32100050331126456,0.0,0.3473722876419378,0.33162720904679766,0.0,0.0,0.0,0.0,0.0,1.0,3,0.0671410521305556,0.0,0.24712447078495922,0.0,0.2674269724294917,0.255305514129102,0.0,0.0,0.23014304265644706,0.0,0.0,1.0,4,0.0872123730130733
2012-05-01,2012-06-01,0.0,0.0,0.0,0.0,0.0,0.0,0.3714823560602243,0.6285176439397757,0.0,0.0,1.0,2,0.0021331997478484,0.0,0.0,0.0,0.0,0.0,0.0,0.3714823560602243,0.6285176439397757,0.0,0.0,1.0,2,0.0021331997478484,0.0,0.0,0.0,0.0,0.0,0.0,0.3714823560602243,0.6285176439397757,0.0,0.0,1.0,2,0.0021331997478484
2012-06-01,2012-07-01,0.0,0.0,0.0,0.0,0.0,0.0,0.0,0.0,0.0,0.0,0.0,0,0.0,0.0,0.0,0.0,0.0,0.0,0.0,0.0,0.0,0.0,0.0,0.0,0,0.0,0.0,0.0,0.0,0.0,0.0,0.0,0.0,0.0,0.0,0.0,0.0,0,0.0
2012-07-01,2012-08-01,0.0,0.0,0.0,0.0,0.0,0.0,0.6233637027472353,0.0,0.3766362972527647,0.0,1.0,2,0.0260804556554412,0.0,0.0,0.0,0.0,0.0,0.0,0.4917153170376372,0.0,0.2970943535777538,0.21119032938460902,1.0,3,0.0330630526310542,0.0,0.0,0.0,0.0,0.0,0.0,0.4321719680861867,0.12109313435703474,0.2611182671032465,0.18561663045353213,1.0,4,0.0376183801987562
2012-08-01,2012-09-01,0.0,0.0,0.36388668945539526,0.0,0.0,0.0,0.0,0.6361133105446047,0.0,0.0,1.0,2,0.0064520454104491,0.0,0.0,0.36388668945539526,0.0,0.0,0.0,0.0,0.6361133105446047,0.0,0.0,1.0,2,0.0064520454104491,0.0,0.0,0.36388668945539526,0.0,0.0,0.0,0.0,0.6361133105446047,0.0,0.0,1.0,2,0.0064520454104491
2012-09-01,2012-10-01,0.0,0.0,0.0,0.0,0.0,0.0,1.0,0.0,0.0,0.0,1.0,1,0.0018506183363042,0.0,0.0,0.0,0.0,0.0,0.0,1.0,0.0,0.0,0.0,1.0,1,0.0018506183363042,0.0,0.0,0.0,0.0,0.0,0.0,1.0,0.0,0.0,0.0,1.0,1,0.0018506183363042
2012-10-01,2012-11-01,0.0,0.0,0.0,0.6378997978755838,0.0,0.3621002021244161,0.0,0.0,0.0,0.0,1.0,2,0.056873283183925,0.23592204911914683,0.0,0.0,0.48740517042808656,0.0,0.27667278045276666,0.0,0.0,0.0,0.0,1.0,3,0.07443387565150869,0.19138929610325361,0.0,0.18876045364205452,0.39540234935059804,0.0,0.2244479009040939,0.0,0.0,0.0,0.0,1.0,4,0.09175326324472109
2012-11-01,2012-12-01,0.0,0.0,0.0,0.0,0.0,0.0,0.3983637369280574,0.6016362630719426,0.0,0.0,1.0,2,0.0038580208847013003,0.0,0.0,0.1609402347795201,0.0,0.0,0.0,0.33425098357920885,0.504808781641271,0.0,0.0,1.0,3,0.0045980287038165,0.0,0.0,0.1609402347795201,0.0,0.0,0.0,0.33425098357920885,0.504808781641271,0.0,0.0,1.0,3,0.0045980287038165
2012-12-01,2013-01-01,0.0,0.0,0.0,0.0,0.0,0.5042466661350872,0.0,0.0,0.0,0.4957533338649128,1.0,2,0.0163822646299039,0.0,0.0,0.0,0.0,0.0,0.5042466661350872,0.0,0.0,0.0,0.4957533338649128,1.0,2,0.0163822646299039,0.0,0.0,0.0,0.0,0.0,0.5042466661350872,0.0,0.0,0.0,0.4957533338649128,1.0,2,0.0163822646299039
2013-01-01,2013-02-01,0.0,0.0,0.0,0.0,0.0,0.0,0.37365188710241987,0.0,0.0,0.6263481128975802,1.0,2,0.0151074581048595,0.0,0.0,0.0,0.0,0.0,0.1801514627932553,0.30633795306545863,0.0,0.0,0.513510584141286,1.0,3,0.018427133085254,0.0,0.0,0.14020735188716685,0.0,0.0,0.1548929032564135,0.26338711988361546,0.0,0.0,0.44151262497280414,1.0,4,0.021432066354254
2013-02-01,2013-03-01,0.0,0.0,0.49180947056602115,0.0,0.0,0.0,0.0,0.0,0.0,0.5081905294339788,1.0,2,0.0222123530682157,0.0,0.0,0.3975154554476426,0.0,0.0,0.0,0.0,0.0,0.19172875018013788,0.41075579437221943,0.9999999999999999,3,0.027481310356104002,0.0,0.0,0.34654364774325236,0.0,0.0,0.0,0.12822597714343167,0.0,0.16714414384180082,0.3580862312715151,1.0,4,0.0315234334077255
2013-03-01,2013-04-01,0.0,0.0,0.0,0.0,0.0,0.0,0.0,0.0,0.0,0.0,0.0,0,0.0,0.0,0.0,0.0,0.0,0.0,0.0,0.0,0.0,0.0,0.0,0.0,0,0.0,0.0,0.0,0.0,0.0,0.0,0.0,0.0,0.0,0.0,0.0,0.0,0,0.0
2013-04-01,2013-05-01,0.0,0.0,0.0,0.0,0.0,0.0,0.0,0.0,0.626686655314349,0.37331334468565097,1.0,2,0.0099152245147029,0.0,0.0,0.0,0.0,0.10125624188147138,0.0,0.0,0.0,0.563230719759949,0.3355130383585796,1.0,3,0.0110323153013712,0.0,0.0,0.0,0.04262484091545665,0.09694021067957667,0.0,0.0,0.0,0.5392230999314831,0.32121184847348366,1.0,4,0.011523502773897399
2013-05-01,2013-06-01,0.0,0.0,0.5653048449271206,0.0,0.0,0.0,0.0,0.0,0.0,0.4346951550728794,1.0,2,0.0733459428575492,0.0,0.29985668145921884,0.39579441011445593,0.0,0.0,0.0,0.0,0.0,0.0,0.3043489084263252,1.0,3,0.1047584700378413,0.0,0.2328287729685216,0.30732123895422186,0.0,0.2235331497851356,0.0,0.0,0.0,0.0,0.23631683829212097,1.0,4,0.1349168609179548
2013-06-01,2013-07-01,0.0,0.0,0.0,0.0,0.0,0.0,0.562432494079294,0.0,0.4375675059207059,0.0,0.9999999999999999,2,0.036246182103527605,0.0,0.0,0.0,0.0,0.0,0.0,0.4389457804553868,0.21955828463655153,0.3414959349080616,0.0,0.9999999999999999,3,0.046443163390680504,0.0,0.0,0.17875763838190573,0.0,0.0,0.0,0.36048086936347934,0.1803105641877393,0.28045092806687555,0.0,0.9999999999999999,4,0.056552323115886906
2013-07-01,2013-08-01,0.0,0.0,0.5408695762179853,0.0,0.0,0.0,0.0,0.0,0.0,0.45913042378201474,1.0,2,0.0314474879548056,0.0,0.2739733356591021,0.3926857342650189,0.0,0.0,0.0,0.0,0.0,0.0,0.33334093007587906,1.0,3,0.0433145082672057,0.0,0.21793791347503025,0.3123702143175523,0.20452874382562275,0.0,0.0,0.0,0.0,0.0,0.26516312838179473,1.0,4,0.054451380777120896
2013-08-01,2013-09-01,0.0,0.0,0.5120418709619038,0.0,0.0,0.0,0.0,0.0,0.0,0.48795812903809616,1.0,2,0.0160162861431093,0.0,0.0,0.3481161634359613,0.0,0.0,0.0,0.0,0.32014121661183176,0.0,0.33174261995220683,1.0,3,0.0235582543528966,0.0,0.0,0.29947128591826044,0.0,0.0,0.0,0.13973748600917663,0.27540548783457514,0.0,0.2853857402379877,0.9999999999999999,4,0.027384959788155902
2013-09-01,2013-10-01,0.0,0.0,0.0,0.0,0.0,0.0,0.44110403909270474,0.0,0.0,0.5588959609072953,1.0,2,0.0126159540376726,0.0,0.0,0.0,0.0,0.0,0.0,0.32958108970612926,0.0,0.25282686056551207,0.41759204972835867,1.0,3,0.0168849137794504,0.0,0.0,0.0,0.1390237256927705,0.0,0.0,0.28376149869729994,0.0,0.21767792845448797,0.35953684715544154,0.9999999999999999,4,0.019611357807782302
2013-10-01,2013-11-01,0.0,0.0,0.0,0.0,0.0,0.0,0.0,0.0,0.0,0.0,0.0,0,0.0,0.0,0.0,0.0,0.0,0.0,0.0,0.0,0.0,0.0,0.0,0.0,0,0.0,0.0,0.0,0.0,0.0,0.0,0.0,0.0,0.0,0.0,0.0,0.0,0,0.0
2013-11-01,2013-12-01,0.0,0.0,0.0,0.4347005778316629,0.0,0.0,0.0,0.0,0.0,0.5652994221683371,1.0,2,0.0497241834298116,0.0,0.0,0.0,0.3172878223130064,0.2701002977827289,0.0,0.0,0.0,0.0,0.4126118799042647,1.0,3,0.0681246797042946,0.1762156809144766,0.0,0.0,0.2613767326582485,0.22250438989374244,0.0,0.0,0.0,0.0,0.3399031965335324,1.0,4,0.0826972280559058
2013-12-01,2014-01-01,0.0,0.0,0.0,0.0,0.0,0.5005419161482542,0.0,0.0,0.0,0.4994580838517458,1.0,2,0.0366536787012891,0.0,0.0,0.29933758981623004,0.0,0.0,0.3507109053664383,0.0,0.0,0.0,0.3499515048173317,1.0,3,0.052312894438957494,0.0,0.0,0.24283729123472378,0.0,0.0,0.2845138370959308,0.18875109743548432,0.0,0.0,0.28389777423386126,1.0000000000000002,4,0.06448439470745199
2014-01-01,2014-02-01,0.0,0.0,0.0,0.0,0.0,0.0,0.4230425601586139,0.0,0.5769574398413861,0.0,1.0,2,0.023529919919371298,0.0,0.28532427697178514,0.0,0.0,0.0,0.0,0.3023382475530645,0.0,0.41233747547515043,0.0,1.0,3,0.0329239110287259,0.0,0.24316056595106839,0.0,0.0,0.0,0.0,0.25766030203916795,0.0,0.3514044264424341,0.14777470556732958,1.0,4,0.0386328723681494
2014-02-01,2014-03-01,0.0,0.0,0.0,0.0,0.0,0.0,0.0,0.0,0.43385910803241984,0.5661408919675801,1.0,2,0.0218282735674168,0.0,0.0,0.0,0.0,0.0,0.0,0.0,0.2959321349750813,0.3054662559140014,0.3986016091109173,1.0,3,0.0310030817365088,0.0,0.0,0.0,0.19542935825744048,0.0,0.0,0.0,0.2380983077491469,0.245769181551425,0.3207031524419876,1.0,4,0.0385336975127026
2014-03-01,2014-04-01,0.0,0.0,0.0,0.0,0.0,0.0,0.5260859193083913,0.0,0.0,0.4739140806916087,1.0,2,0.0228715113260194,0.0,0.0,0.0,0.0,0.2693306074739266,0.0,0.38439487907758313,0.0,0.0,0.34627451344849025,1.0,3,0.0313021341251861,0.0,0.0,0.0,0.0,0.2153856553618135,0.0,0.30740339437976927,0.20029269089787874,0.0,0.27691825936053843,1.0,4,0.0391419882861029
2014-04-01,2014-05-01,0.0,0.0,0.0,0.0,0.0,0.0,0.0,0.0,0.5306453401370139,0.469354659862986,1.0,2,0.0653167343324645,0.0,0.0,0.0,0.31280579880692577,0.0,0.0,0.0,0.0,0.36465640063228244,0.32253780056079173,1.0,3,0.0950484364086086,0.0,0.0,0.0,0.24075753184480267,0.23032906434894354,0.0,0.0,0.0,0.28066543306579533,0.24824797074045843,1.0,4,0.12349230301675371
2014-05-01,2014-06-01,0.0,0.0,0.0,0.0,0.4736359468217585,0.0,0.0,0.0,0.5263640531782415,0.0,1.0,2,0.009029827334782699,0.0,0.0,0.0,0.0,0.3830045730997639,0.0,0.0,0.19135239698371465,0.4256430299165216,0.0,1.0,3,0.011166578990775599,0.0,0.0,0.0,0.0,0.3600577719401536,0.0,0.0,0.1798879766780689,0.40014164779614586,0.059912603585631725,1.0,4,0.011878234974074298
2014-06-01,2014-07-01,0.0,0.0,0.0,0.0,0.5270078118376849,0.4729921881623152,0.0,0.0,0.0,0.0,1.0,2,0.0377881766761093,0.0,0.0,0.0,0.3191737720957497,0.3588007406095238,0.3220254872947264,0.0,0.0,0.0,0.0,1.0,3,0.0555034091333857,0.0,0.0,0.0,0.24606825178242236,0.27661881613987305,0.24826679262425272,0.0,0.0,0.0,0.2290461394534519,1.0000000000000002,4,0.0719931658349022
2014-07-01,2014-08-01,0.0,0.0,0.0,0.5071593279526916,0.0,0.0,0.0,0.0,0.0,0.4928406720473083,0.9999999999999999,2,0.0623566071016355,0.0,0.0,0.0,0.3462378614791498,0.31729962874418977,0.0,0.0,0.0,0.0,0.3364625097766605,1.0,3,0.0913381766395294,0.0,0.0,0.0,0.265862803508052,0.2436422420402292,0.0,0.0,0.0,0.23213826941897847,0.2583566850327404,1.0,4,0.11895133329592569
2014-08-01,2014-09-01,0.0,0.5430989992570356,0.4569010007429644,0.0,0.0,0.0,0.0,0.0,0.0,0.0,1.0,2,0.0377306641003269,0.0,0.386770407204668,0.32538411293580993,0.0,0.0,0.2878454798595222,0.0,0.0,0.0,0.0,1.0000000000000002,3,0.052981007679182096,0.0,0.3129931050146958,0.26331638081178005,0.19075218997024065,0.0,0.2329383242032835,0.0,0.0,0.0,0.0,1.0,4,0.0654694483229232
2014-09-01,2014-10-01,0.0,0.0,0.0,0.0,0.0,0.0,0.0,0.4814238404023955,0.5185761595976046,0.0,1.0,2,0.039703189010682594,0.0,0.0,0.0,0.0,0.0,0.0,0.29431551755605095,0.3397333336505428,0.36595114879340634,0.0,1.0000000000000002,3,0.05626195558839729,0.17626618105550798,0.0,0.0,0.0,0.0,0.0,0.24243764525107053,0.27984983635070493,0.30144633734271664,0.0,1.0,4,0.06830113599134449
2014-10-01,2014-11-01,0.0,0.0,0.0,0.0,0.0,0.7770973392344043,0.0,0.0,0.0,0.22290266076559562,0.9999999999999999,2,0.0047104272700838005,0.0,0.0,0.0,0.0,0.0,0.7770973392344043,0.0,0.0,0.0,0.22290266076559562,0.9999999999999999,2,0.0047104272700838005,0.0,0.0,0.0,0.0,0.0,0.7770973392344043,0.0,0.0,0.0,0.22290266076559562,0.9999999999999999,2,0.0047104272700838005
2014-11-01,2014-12-01,0.0,0.0,0.0,0.4692712259118468,0.0,0.0,0.0,0.5307287740881531,0.0,0.0,0.9999999999999999,2,0.0639984512444747,0.0,0.0,0.0,0.3203221383099904,0.0,0.0,0.0,0.36227274631684436,0.3174051153731652,0.0,1.0,3,0.0937575898762584,0.0,0.0,0.0,0.2556439041508345,0.2019162162827592,0.0,0.0,0.2891240041181833,0.253315875448223,0.0,1.0,4,0.1174783798256907
2014-12-01,2015-01-01,0.0,0.0,0.0,0.0,0.0,0.57714530231761,0.0,0.0,0.0,0.4228546976823901,1.0,2,0.027933237591421,0.0,0.0,0.0,0.2722202639718286,0.0,0.4200346557706094,0.0,0.0,0.0,0.30774508025756214,1.0,3,0.038381444561599795,0.0,0.0,0.0,0.21488549028375095,0.0,0.33156735514287317,0.0,0.0,0.21061905110051268,0.24292810347286325,1.0,4,0.0486222078390784
2015-01-01,2015-02-01,0.0,0.0,0.0,0.5238691563202679,0.47613084367973224,0.0,0.0,0.0,0.0,0.0,1.0,2,0.035580806901474096,0.0,0.0,0.0,0.36271036015837654,0.32965786916458306,0.0,0.0,0.0,0.0,0.30763177067704056,1.0000000000000002,3,0.05139000519458729,0.0,0.0,0.0,0.2870808403407403,0.26092019556150164,0.208512157702396,0.0,0.0,0.0,0.24348680639536213,1.0,4,0.0649283570110283
2015-02-01,2015-03-01,0.0,0.0,0.0,0.0,0.4033153376213276,0.0,0.0,0.0,0.5966846623786725,0.0,1.0,2,0.046067891851503395,0.0,0.0,0.0,0.26014197638184744,0.29839608858740335,0.0,0.0,0.0,0.4414619350307492,0.0,1.0,3,0.0622658542327027,0.0,0.0,0.0,0.20901993292074225,0.23975650253690894,0.0,0.19651593399931006,0.0,0.35470763054303883,0.0,1.0,4,0.07749482145007369
2015-03-01,2015-04-01,0.0,0.45679065542131614,0.0,0.0,0.0,0.0,0.0,0.0,0.543209344578684,0.0,1.0,2,0.0421436434419787,0.0,0.32468920092804177,0.0,0.0,0.0,0.2891947392650402,0.0,0.0,0.38611605980691804,0.0,1.0,3,0.0592899993430028,0.0,0.25806111302022183,0.0,0.0,0.20520574049700582,0.22985031864631908,0.0,0.0,0.3068828278364532,0.0,1.0,4,0.07459792095136471
2015-04-01,2015-05-01,0.0,0.0,0.0,0.4505554446881654,0.0,0.0,0.0,0.0,0.0,0.5494445553118346,1.0,2,0.0480022490732344,0.0,0.0,0.0,0.3133919567576826,0.0,0.0,0.0,0.0,0.3044319840045773,0.38217605923774006,1.0,3,0.0690115818573669,0.0,0.0,0.0,0.24626773409333616,0.21418616916275068,0.0,0.0,0.0,0.23922686358002115,0.3003192331638921,1.0,4,0.0878217958875045
2015-05-01,2015-06-01,0.0,0.0,0.0,0.0,0.5135279392085179,0.0,0.0,0.0,0.48647206079148214,0.0,1.0,2,0.0471626163963335,0.0,0.0,0.0,0.3268088489167914,0.34570246450917014,0.0,0.0,0.0,0.32748868657403846,0.0,1.0,3,0.0700582833277677,0.0,0.0,0.0,0.2467137951865131,0.2609769206283143,0.0,0.0,0.0,0.2472270166891929,0.2450822674959798,1.0,4,0.0928025403448774
2015-06-01,2015-07-01,0.0,0.0,0.0,0.0,0.37647064348416653,0.0,0.0,0.0,0.6235293565158335,0.0,1.0,2,0.0208401166105919,0.0,0.0,0.0,0.0,0.2744150835418363,0.0,0.0,0.0,0.45449987514438484,0.27108504131377886,1.0,3,0.0285906008132329,0.0,0.0,0.0,0.0,0.21802724844704724,0.20548373058433717,0.0,0.0,0.36110754524960115,0.21538147571901442,1.0,4,0.0359849154936251
2015-07-01,2015-08-01,0.0,0.0,0.0,0.0,0.0,0.0,0.0,0.586468708755587,0.413531291244413,0.0,1.0,2,0.0543577584998412,0.0,0.0,0.0,0.0,0.0,0.0,0.27738314828154037,0.4237921719523524,0.2988246797661071,0.0,1.0,3,0.07522348582180541,0.0,0.0,0.0,0.0,0.0,0.0,0.2299064737963167,0.35125624782784154,0.24767809015783415,0.1711591882180075,0.9999999999999999,4,0.09075745879365701
2015-08-01,2015-09-01,0.0,0.0,0.0,0.4662902273941807,0.0,0.0,0.0,0.0,0.5337097726058192,0.0,0.9999999999999999,2,0.0239041387286604,0.0,0.0,0.0,0.32377233552398943,0.0,0.30564203042950133,0.0,0.0,0.37058563404650924,0.0,1.0,3,0.0344262466569607,0.0,0.0,0.0,0.2597538927433367,0.0,0.24520843345542082,0.0,0.0,0.29731095117360967,0.19772672262763274,0.9999999999999998,4,0.0429108729256379
2015-09-01,2015-10-01,0.0,0.0,0.0,0.0,0.5649824279417645,0.0,0.0,0.0,0.4350175720582356,0.0,1.0,2,0.0304690516313346,0.0,0.0,0.0,0.0,0.3993224666072825,0.0,0.0,0.29321259058973315,0.3074649428029844,0.0,1.0,3,0.043109216754098,0.0,0.0,0.0,0.0,0.3175273169017918,0.0,0.0,0.2331524393375657,0.24448541340301855,0.20483483035762398,1.0,4,0.0542141663140078
2015-10-01,2015-11-01,0.0,0.0,0.0,0.47209214451763004,0.0,0.0,0.0,0.0,0.0,0.5279078554823698,0.9999999999999999,2,0.0366975954880923,0.0,0.2963394238237139,0.0,0.33219263041957403,0.0,0.0,0.0,0.0,0.0,0.37146794575671194,0.9999999999999999,3,0.052152410878989704,0.0,0.23053760024793432,0.0,0.2584296441182767,0.22204883416026264,0.0,0.0,0.0,0.0,0.2889839214735264,1.0,4,0.0670381550526957
2015-11-01,2015-12-01,0.0,0.0,0.0,0.0,0.0,0.0,0.0,0.0,0.4760525661675091,0.5239474338324909,1.0,2,0.0106256946574339,0.0,0.0,0.0,0.0,0.0,0.0,0.0,0.3200799681986582,0.32367767592772323,0.35624235587361863,1.0,3,0.0156278593958804,0.0,0.0,0.0,0.21887861800063343,0.0,0.0,0.0,0.2500213071096492,0.2528315535430063,0.27826852134671115,1.0,4,0.020006953792353198
2015-12-01,2016-01-01,0.0,0.0,0.0,0.5403179572454668,0.0,0.4596820427545331,0.0,0.0,0.0,0.0,1.0,2,0.0148179636533575,0.0,0.0,0.0,0.3856527973634158,0.0,0.32809878574048135,0.0,0.0,0.0,0.2862484168961029,1.0,3,0.020760673607081198,0.0,0.0,0.0,0.3063825757402739,0.0,0.26065868511695883,0.0,0.0,0.20554815669713003,0.2274105824456374,1.0,4,0.026132073054007096
2016-01-01,2016-02-01,0.0,0.0,0.0,0.0,0.0,0.0,0.489739556001292,0.5102604439987081,0.0,0.0,1.0,2,0.0207708821603807,0.0,0.0,0.0,0.0,0.0,0.0,0.36818658409939886,0.38361420386559775,0.24819921203500347,0.0,1.0,3,0.0276281729054902,0.0,0.0,0.0,0.0,0.0,0.1837715991447447,0.30052434675581124,0.31311680816657866,0.2025872459328653,0.0,1.0,4,0.0338485807116501
2016-02-01,2016-03-01,0.0,0.49815693304035,0.5018430669596499,0.0,0.0,0.0,0.0,0.0,0.0,0.0,0.9999999999999999,2,0.0331188555569053,0.0,0.33804532407240484,0.3405467051687572,0.0,0.0,0.3214079707588379,0.0,0.0,0.0,0.0,1.0,3,0.0488052528320154,0.0,0.2584019684824994,0.2603140251009306,0.0,0.23559963684883523,0.24568436956773465,0.0,0.0,0.0,0.0,0.9999999999999999,4,0.06384776248773691
2016-03-01,2016-04-01,0.0,0.0,0.5897551612846873,0.4102448387153127,0.0,0.0,0.0,0.0,0.0,0.0,1.0,2,0.0095503766089961,0.0,0.0,0.43535011379745026,0.302837768864076,0.2618121173384738,0.0,0.0,0.0,0.0,0.0,1.0,3,0.012937596014936398,0.0,0.18263248733510548,0.3558410396530006,0.24752975387741602,0.21399671913447785,0.0,0.0,0.0,0.0,0.0,1.0,4,0.0158283707322248
2016-04-01,2016-05-01,0.0,0.0,0.0,0.5250323063909254,0.0,0.0,0.0,0.0,0.0,0.4749676936090746,1.0,2,0.0364294552550513,0.0,0.0,0.0,0.39133873637471783,0.2546387496327947,0.0,0.0,0.0,0.0,0.3540225139924876,1.0,3,0.048874898228347896,0.19375811209732613,0.0,0.0,0.3155136816241993,0.2053004262371207,0.0,0.0,0.0,0.0,0.28542778004135394,1.0,4,0.0606206387458845
2016-05-01,2016-06-01,0.0,0.4043870909398682,0.5956129090601319,0.0,0.0,0.0,0.0,0.0,0.0,0.0,1.0,2,0.0089532967464997,0.0,0.33767112402559246,0.49734841935494467,0.0,0.0,0.1649804566194629,0.0,0.0,0.0,0.0,1.0,3,0.010722260116515,0.0,0.295032529227279,0.43454696486975175,0.12627255268378182,0.0,0.14414795321918736,0.0,0.0,0.0,0.0,1.0,4,0.0122718590899828
2016-06-01,2016-07-01,0.0,0.0,0.5393481820852642,0.46065181791473575,0.0,0.0,0.0,0.0,0.0,0.0,1.0,2,0.0072347540287842,0.0,0.0,0.41634559661091397,0.3555965558613732,0.0,0.0,0.0,0.22805784752771274,0.0,0.0,0.9999999999999999,3,0.009372145316347301,0.0,0.0,0.370464964247643,0.3164103725993756,0.0,0.0,0.0,0.20292623008020974,0.0,0.11019843307277162,1.0,4,0.010532848743695
2016-07-01,2016-08-01,0.0,0.0,0.0,0.0,0.0,0.0,0.5579542247862815,0.0,0.0,0.4420457752137184,1.0,2,0.0223626616926706,0.0,0.0,0.0,0.26560484077492513,0.0,0.0,0.40975888175222447,0.0,0.0,0.3246362774728504,1.0,3,0.030450448116062498,0.0,0.0,0.0,0.21480110031316077,0.0,0.0,0.3313819823715258,0.0,0.19127565715120268,0.2625412601641108,1.0,4,0.0376524441057361
2016-08-01,2016-09-01,0.0,0.0,0.0,0.0,0.0,0.0,0.0,0.4885879933850396,0.5114120066149604,0.0,1.0,2,0.0110616644869284,0.0,0.0,0.0,0.0,0.1885728264274569,0.0,0.0,0.39645357451390306,0.4149735990586401,0.0,1.0,3,0.013632356479049399,0.0,0.0,0.12059309155356568,0.0,0.16583224630557594,0.0,0.0,0.34864401230580955,0.36493064983504886,0.0,1.0,4,0.0155017618671343
2016-09-01,2016-10-01,0.0,0.0,0.0,0.48883823407245297,0.0,0.0,0.0,0.0,0.0,0.511161765927547,1.0,2,0.0122903498191077,0.0,0.0,0.0,0.3484893999511598,0.0,0.0,0.0,0.0,0.28710690845939724,0.3644036915894429,1.0,3,0.0172401022887563,0.0,0.0,0.0,0.28717523393910976,0.0,0.0,0.17594270018153535,0.0,0.23659254374427802,0.3002895221350769,1.0,4,0.0209209994166112
2016-10-01,2016-11-01,0.0,0.0,0.0,0.0,0.0,0.0,0.0,0.5912126975878607,0.4087873024121393,0.0,1.0,2,0.0407786103420789,0.0,0.0,0.0,0.255976231544228,0.0,0.0,0.0,0.4398762992182228,0.30414746923754915,0.0,1.0,3,0.0548082091876114,0.0,0.0,0.0,0.20459381443039112,0.0,0.0,0.0,0.35157940013282296,0.24309558159077982,0.20073120384600598,0.9999999999999999,4,0.068572937479035
2016-11-01,2016-12-01,0.0,0.0,0.0,0.0,0.0,0.0,0.0,0.7856258622906467,0.21437413770935332,0.0,1.0,2,0.020643058799765,0.0,0.0,0.0917825606872251,0.0,0.0,0.0,0.0,0.7135191089075019,0.19469833040527307,0.0,1.0,3,0.022729203279101398,0.0,0.0,0.0848250087190103,0.0,0.0,0.0,0.0,0.6594309875545178,0.1799392765961774,0.07580472713029457,1.0,4,0.0245935073964675
2016-12-01,2017-01-01,0.0,0.0,0.0,0.0,0.0,0.0,0.014004056758771087,0.985995943241229,0.0,0.0,1.0,2,0.0179715863092007,0.0,0.0,0.0,0.0,0.0,0.0,0.014004056758771087,0.985995943241229,0.0,0.0,1.0,2,0.0179715863092007,0.0,0.0,0.0,0.0,0.0,0.0,0.014004056758771087,0.985995943241229,0.0,0.0,1.0,2,0.0179715863092007
2017-01-01,2017-02-01,0.0,0.0,0.4695293590072461,0.530470640992754,0.0,0.0,0.0,0.0,0.0,0.0,1.0,2,0.041513633288453394,0.0,0.0,0.3535752903590447,0.39946663039886066,0.24695807924209465,0.0,0.0,0.0,0.0,0.0,1.0,3,0.055127918040301996,0.0,0.0,0.2921205498428813,0.3300355395239885,0.2040344217014856,0.1738094889316445,0.0,0.0,0.0,0.0,1.0,4,0.0667254311224363
2017-02-01,2017-03-01,0.0,0.0,0.0,0.6053936334116098,0.0,0.39460636658839016,0.0,0.0,0.0,0.0,1.0,2,0.0463306416344738,0.0,0.0,0.0,0.4375886502451964,0.0,0.28522808599834104,0.0,0.0,0.27718326375646246,0.0,0.9999999999999998,3,0.0640973559567161,0.0,0.0,0.0,0.3467771580909059,0.20752707389326855,0.2260355359189278,0.0,0.0,0.21966023209689775,0.0,1.0,4,0.0808827075918091
2017-03-01,2017-04-01,0.0,0.0,0.0,0.0,0.0,0.504877557514295,0.0,0.0,0.0,0.495122442485705,1.0,2,0.0156393137809726,0.0,0.0,0.0,0.0,0.15057400199167223,0.42885612316358684,0.0,0.0,0.0,0.42056987484474084,0.9999999999999999,3,0.018411625989365202,0.05291674492981325,0.0,0.0,0.0,0.14260611593521771,0.4061624530825508,0.0,0.0,0.0,0.3983146860524182,1.0,4,0.019440345809937
2017-04-01,2017-05-01,0.0,0.0,0.42078871647103194,0.0,0.0,0.0,0.0,0.579211283528968,0.0,0.0,1.0,2,0.0516827589213152,0.0,0.0,0.3127899305781258,0.2566579893078978,0.0,0.0,0.0,0.4305520801139765,0.0,0.0,1.0,3,0.0695275635951142,0.0,0.0,0.28752966500024285,0.23593082280154626,0.08075792443572184,0.0,0.0,0.3957815877624891,0.0,0.0,1.0,4,0.0756357497587723
2017-05-01,2017-06-01,0.0,0.0,0.0,0.0,0.0,0.5383230185434696,0.0,0.0,0.0,0.4616769814565303,1.0,2,0.0443426140380589,0.0,0.0,0.0,0.28960675919695084,0.0,0.38242103374197534,0.0,0.0,0.0,0.3279722070610738,1.0,3,0.0624198141130013,0.21061042802021435,0.0,0.0,0.22861255568493388,0.0,0.3018791761416451,0.0,0.0,0.0,0.2588978401532067,1.0,4,0.0790735225402746
2017-06-01,2017-07-01,0.0,0.0,0.0,0.4939878096465145,0.5060121903534854,0.0,0.0,0.0,0.0,0.0,1.0,2,0.028181160748831702,0.0,0.0,0.2723378480976156,0.3594562325809281,0.36820591932145613,0.0,0.0,0.0,0.0,0.0,0.9999999999999998,3,0.038728358586681305,0.0,0.18208663647357193,0.2227487653530702,0.29400405623080494,0.30116054194255276,0.0,0.0,0.0,0.0,0.0,0.9999999999999998,4,0.04735019662682151
2017-07-01,2017-08-01,0.0,0.0,0.0,0.6207470671021649,0.0,0.37925293289783524,0.0,0.0,0.0,0.0,1.0,2,0.0427465380790186,0.0,0.0,0.0,0.46990248189350486,0.0,0.2870926080505393,0.0,0.0,0.0,0.24300491005595581,1.0,3,0.0564687124749757,0.16835504284656946,0.0,0.0,0.39079202942061453,0.0,0.2387591197212574,0.0,0.0,0.0,0.20209380801155863,1.0,4,0.0679000239095513
2017-08-01,2017-09-01,0.0,0.0,0.0,0.47936293658110085,0.0,0.5206370634188993,0.0,0.0,0.0,0.0,1.0,2,0.0470211892421083,0.0,0.0,0.0,0.34164456418730366,0.0,0.37106085818842616,0.0,0.2872945776242703,0.0,0.0,1.0,3,0.0659756299950238,0.0,0.0,0.0,0.27328038525337184,0.0,0.2968103839714137,0.0,0.22980600625427144,0.0,0.20010322452094312,1.0,4,0.08248017996510999
2017-09-01,2017-10-01,0.0,0.11673411685246139,0.0,0.8832658831475385,0.0,0.0,0.0,0.0,0.0,0.0,0.9999999999999999,2,0.0139308061943616,0.0,0.11023414033328145,0.0,0.8340839673935695,0.0,0.0,0.0,0.0,0.0,0.05568189227314904,1.0,3,0.0147522387640068,0.0,0.10912526208058866,0.0,0.8256936668064181,0.010059299681026323,0.0,0.0,0.0,0.0,0.05512177143196681,1.0,4,0.0149021438953398
2017-10-01,2017-11-01,0.0,0.0,0.0,0.6056259811600446,0.3943740188399553,0.0,0.0,0.0,0.0,0.0,1.0,2,0.057154783046253405,0.0,0.0,0.21454841491436735,0.4756898868711985,0.30976169821443406,0.0,0.0,0.0,0.0,0.0,1.0,3,0.07276678045028351,0.0,0.17470863989942742,0.1770649531521002,0.39258275372201895,0.2556436532264534,0.0,0.0,0.0,0.0,0.0,1.0,4,0.08817101931300471
2017-11-01,2017-12-01,0.0,0.0,0.0,0.32899313282199405,0.0,0.0,0.0,0.6710068671780058,0.0,0.0,0.9999999999999999,2,0.0175010718807541,0.0,0.0,0.0,0.2795191053184087,0.0,0.0,0.1503801221600389,0.5701007725215523,0.0,0.0,1.0,3,0.0205987081249183,0.0,0.0,0.0,0.27116884603398994,0.029873662034323997,0.0,0.14588771721394955,0.5530697747177364,0.0,0.0,0.9999999999999999,4,0.0212330160709925
2017-12-01,2018-01-01,0.0,0.0,0.51148015392916,0.0,0.0,0.4885198460708401,0.0,0.0,0.0,0.0,1.0,2,0.0137995637114504,0.0,0.0,0.3474704464012857,0.32065703090913983,0.0,0.3318725226895745,0.0,0.0,0.0,0.0,1.0,3,0.0203131030117495,0.0,0.0,0.2632386812424107,0.24292521802025852,0.0,0.2514219154986884,0.0,0.0,0.24241418523864233,0.0,0.9999999999999999,4,0.0268129400207265
2018-01-01,2018-02-01,0.0,0.0,0.0,0.5269093859304786,0.0,0.4730906140695214,0.0,0.0,0.0,0.0,1.0,2,0.0340079891621397,0.0,0.26518774467650413,0.0,0.38717947422669324,0.0,0.34763278109680257,0.0,0.0,0.0,0.0,1.0,3,0.0462811948436651,0.0,0.21405706458724347,0.0,0.3125276464887156,0.19280936285963618,0.2806059260644047,0.0,0.0,0.0,0.0,1.0,4,0.0573361393383174
2018-02-01,2018-03-01,0.0,0.0,0.0,0.47559386191840386,0.5244061380815961,0.0,0.0,0.0,0.0,0.0,1.0,2,0.0234317517159888,0.0,0.0,0.0,0.3267093257453504,0.36024093140789026,0.0,0.3130497428467594,0.0,0.0,0.0,1.0,3,0.0341098230504946,0.0,0.0,0.0,0.25903440778718345,0.28562024091310856,0.0,0.24820428544927892,0.0,0.0,0.20714106585042918,1.0000000000000002,4,0.0430213012445665
2018-03-01,2018-04-01,0.0,0.0,0.0,0.35945348350532724,0.6405465164946728,0.0,0.0,0.0,0.0,0.0,1.0,2,0.00987864664475,0.0,0.0,0.0,0.2686374868915305,0.47871230722320424,0.0,0.0,0.0,0.0,0.2526502058852653,1.0,3,0.013218236925389999,0.0,0.0,0.0,0.21700447640415768,0.38670222380074265,0.0,0.0,0.1922032962891028,0.0,0.20409000350599685,0.9999999999999999,4,0.0163633211978551
2018-04-01,2018-05-01,0.0,0.0,0.0,0.5328222101246042,0.4671777898753959,0.0,0.0,0.0,0.0,0.0,1.0,2,0.027133644393352398,0.0,0.31543549622420947,0.0,0.3647511718746697,0.31981333190112093,0.0,0.0,0.0,0.0,0.0,1.0,3,0.039636358946007,0.0,0.29495498996317165,0.06492771582840623,0.34106871143911294,0.2990485827693092,0.0,0.0,0.0,0.0,0.0,1.0,4,0.0423885507216396
2018-05-01,2018-06-01,0.0,0.0,0.5175365113760323,0.0,0.0,0.0,0.0,0.4824634886239676,0.0,0.0,0.9999999999999999,2,0.030458171006561202,0.0,0.0,0.35702137754614843,0.0,0.0,0.0,0.0,0.33282633309535903,0.3101522893584925,0.0,1.0,3,0.044152021579135704,0.0,0.0,0.32843469240277684,0.08006995362533004,0.0,0.0,0.0,0.306176944039125,0.285318409932768,0.0,0.9999999999999999,4,0.04799497717585521
2018-06-01,2018-07-01,0.0,0.0,0.0,0.4309456385678383,0.0,0.5690543614321618,0.0,0.0,0.0,0.0,1.0,2,0.032454584104256196,0.19105476446938222,0.0,0.0,0.34861142109215243,0.0,0.46033381443846544,0.0,0.0,0.0,0.0,1.0,3,0.040119630697828396,0.16196365358541082,0.0,0.0,0.29552981627283953,0.0,0.39024070748735873,0.0,0.15226582265439093,0.0,0.0,1.0,4,0.0473257204557322
2018-07-01,2018-08-01,0.0,0.0,0.0,0.5571302914457307,0.0,0.4428697085542693,0.0,0.0,0.0,0.0,1.0,2,0.0475906740004357,0.2290970193353922,0.0,0.0,0.4294934022940554,0.0,0.34140957837055236,0.0,0.0,0.0,0.0,1.0,3,0.0617336749164039,0.18687934169264261,0.0,0.0,0.3503469600560048,0.0,0.2784950997552981,0.18427859849605438,0.0,0.0,0.0,0.9999999999999999,4,0.0756798519722365
2018-08-01,2018-09-01,0.0,0.0,0.531882324817638,0.4681176751823621,0.0,0.0,0.0,0.0,0.0,0.0,1.0,2,0.042038031549347196,0.0,0.20550985927679227,0.42257526309255206,0.3719148776306557,0.0,0.0,0.0,0.0,0.0,0.0,1.0,3,0.052911961262453,0.0,0.18364018400855595,0.37760620996417366,0.33233693412063936,0.10641667190663104,0.0,0.0,0.0,0.0,0.0,1.0,4,0.0592132368621411
2018-09-01,2018-10-01,0.0,0.0,0.04479569700085932,0.0,0.0,0.0,0.0,0.9552043029991407,0.0,0.0,1.0,2,0.013612945574969,0.0,0.0,0.04479569700085932,0.0,0.0,0.0,0.0,0.9552043029991407,0.0,0.0,1.0,2,0.013612945574969,0.0,0.0,0.04479569700085932,0.0,0.0,0.0,0.0,0.9552043029991407,0.0,0.0,1.0,2,0.013612945574969
2018-10-01,2018-11-01,0.0,0.0,0.0,0.0,0.0,0.5053555934562334,0.0,0.4946444065437667,0.0,0.0,1.0,2,0.034349196983835595,0.0,0.0,0.0,0.0,0.0,0.38443080321652606,0.23928653764901908,0.37628265913445497,0.0,0.0,1.0,3,0.04515392284195889,0.0,0.0,0.0,0.16522656181874015,0.0,0.3209126233438428,0.19975004574376115,0.31411076909365604,0.0,0.0,1.0,4,0.05409123095763179
2018-11-01,2018-12-01,0.0,0.0,0.0,0.0,0.0,0.0,0.0,1.0,0.0,0.0,1.0,1,0.0130811705593848,0.0,0.0,0.0,0.0,0.0,0.0,0.0,1.0,0.0,0.0,1.0,1,0.0130811705593848,0.0,0.0,0.0,0.0,0.0,0.0,0.0,1.0,0.0,0.0,1.0,1,0.0130811705593848
2018-12-01,2019-01-01,0.0,0.0,0.43482898473181064,0.5651710152681892,0.0,0.0,0.0,0.0,0.0,0.0,0.9999999999999999,2,0.060278113169527206,0.0,0.0,0.30992905355742617,0.4028317430775567,0.2872392033650171,0.0,0.0,0.0,0.0,0.0,1.0,3,0.084569905435465,0.0,0.0,0.24886198703598778,0.32345953653833953,0.23064284578537395,0.0,0.0,0.0,0.19703563064029875,0.0,1.0,4,0.1053221147320679
2019-01-01,2019-02-01,0.0,0.0,0.0,0.6384133903207975,0.0,0.36158660967920253,0.0,0.0,0.0,0.0,1.0,2,0.0569947472591794,0.0,0.0,0.0,0.49524079001590926,0.22426315374266376,0.280496056241427,0.0,0.0,0.0,0.0,1.0,3,0.0734717546731981,0.17329801965824065,0.0,0.0,0.40941654185216964,0.18539879331674858,0.23188664517284122,0.0,0.0,0.0,0.0,1.0,4,0.08887332608399559
2019-02-01,2019-03-01,0.0,0.0,0.0,0.0,0.4494799571090484,0.5505200428909517,0.0,0.0,0.0,0.0,1.0,2,0.013365509533552599,0.0,0.0,0.0,0.0,0.4088664251360364,0.500776860775467,0.09035671408849666,0.0,0.0,0.0,1.0,3,0.0146931327263739,0.071002762267616,0.0,0.0,0.0,0.3798357795528924,0.46522032038070343,0.08394113779878819,0.0,0.0,0.0,1.0,4,0.0158161210061709
2019-03-01,2019-04-01,0.0,0.0,0.0,0.0,0.0,0.5759629791991083,0.0,0.0,0.0,0.42403702080089173,1.0,2,0.0179891171140368,0.0,0.0,0.0,0.0,0.0,0.42268051591012357,0.0,0.2661324925816032,0.0,0.31118699150827334,1.0,3,0.0245127586821755,0.0,0.0,0.0,0.0,0.0,0.3364406872895104,0.20403076407465812,0.21183327677508543,0.0,0.24769527186074616,1.0,4,0.030796113186056198
2019-04-01,2019-05-01,0.0,0.0,0.0,0.0,0.0,0.0,0.0,1.0,0.0,0.0,1.0,1,0.0078577682358278,0.0,0.0,0.0,0.0,0.0,0.0,0.0,1.0,0.0,0.0,1.0,1,0.0078577682358278,0.0,0.0,0.0,0.0,0.0,0.0,0.0,1.0,0.0,0.0,1.0,1,0.0078577682358278
2019-05-01,2019-06-01,0.0,0.31130338028380033,0.0,0.6886966197161996,0.0,0.0,0.0,0.0,0.0,0.0,0.9999999999999999,2,0.0063813529027795,0.0,0.26883743415737105,0.0,0.5947491864321158,0.13641337941051296,0.0,0.0,0.0,0.0,0.0,0.9999999999999998,3,0.007389360546627701,0.0,0.26883743415737105,0.0,0.5947491864321158,0.13641337941051296,0.0,0.0,0.0,0.0,0.0,0.9999999999999998,3,0.007389360546627701
2019-06-01,2019-07-01,0.0,0.0,0.0,0.0,0.43993901732048285,0.5600609826795172,0.0,0.0,0.0,0.0,1.0,2,0.0331152934740426,0.0,0.0,0.0,0.27626574880969546,0.3183989352698381,0.4053353159204665,0.0,0.0,0.0,0.0,1.0,3,0.0457561507135787,0.1713562687650174,0.0,0.0,0.22892588090609248,0.26383928174324434,0.33587856858564585,0.0,0.0,0.0,0.0,1.0,4,0.0552181220817121
2019-07-01,2019-08-01,0.0,0.0,0.0,0.4639854971596183,0.0,0.5360145028403817,0.0,0.0,0.0,0.0,1.0,2,0.0235169893679372,0.0,0.0,0.0,0.33367806572968794,0.0,0.3854781746536132,0.0,0.0,0.0,0.28084375961669883,1.0,3,0.0327008069281342,0.0,0.213294515501329,0.0,0.2625063643664536,0.0,0.30325779415453413,0.0,0.0,0.0,0.22094132597768334,1.0,4,0.0415667712663435
2019-08-01,2019-09-01,0.0,0.37390553737097615,0.0,0.0,0.0,0.6260944626290239,0.0,0.0,0.0,0.0,1.0,2,0.0210283552451222,0.0,0.29607237599016867,0.0,0.0,0.0,0.4957649903990215,0.0,0.0,0.0,0.20816263361080992,1.0000000000000002,3,0.0265564068301201,0.07915303944431809,0.27263734753504587,0.0,0.0,0.0,0.4565236845588558,0.0,0.0,0.0,0.19168592846178034,1.0,4,0.028839110045055398
2019-09-01,2019-10-01,0.0,0.0,0.0,0.32182510936009695,0.0,0.0,0.0,0.678174890639903,0.0,0.0,1.0,2,0.0099332505947616,0.0,0.0,0.0,0.27660117749834506,0.0,0.0,0.0,0.5828755054998424,0.0,0.14052331700181253,1.0,3,0.011557324115077301,0.0,0.0,0.0,0.27660117749834506,0.0,0.0,0.0,0.5828755054998424,0.0,0.14052331700181253,1.0,3,0.011557324115077301
2019-10-01,2019-11-01,0.0,0.0,0.0,0.7481398453067338,0.25186015469326617,0.0,0.0,0.0,0.0,0.0,1.0,2,0.0127000436530063,0.0,0.09303506842854947,0.0,0.6785366036044974,0.22842832796695312,0.0,0.0,0.0,0.0,0.0,1.0,3,0.0140027946075066,0.0,0.09303506842854947,0.0,0.6785366036044974,0.22842832796695312,0.0,0.0,0.0,0.0,0.0,1.0,3,0.0140027946075066
2019-11-01,2019-12-01,0.0,0.0,0.0,0.46414174533644026,0.5358582546635597,0.0,0.0,0.0,0.0,0.0,1.0,2,0.0408862152948413,0.0,0.0,0.0,0.35692696373170163,0.4120772624944432,0.23099577377385522,0.0,0.0,0.0,0.0,1.0,3,0.0531677380961723,0.15065324772769037,0.0,0.0,0.3031547574439372,0.34999648458491933,0.19619551024345308,0.0,0.0,0.0,0.0,1.0,4,0.0625983886486048
2019-12-01,2020-01-01,0.0,0.0,0.0,0.0,0.0,0.0,0.0,1.0,0.0,0.0,1.0,1,0.013626037608172,0.0,0.0,0.0,0.0,0.0,0.0,0.0,1.0,0.0,0.0,1.0,1,0.013626037608172,0.0,0.0,0.0,0.0,0.0,0.0,0.0,1.0,0.0,0.0,1.0,1,0.013626037608172
2020-01-01,2020-02-01,0.0,0.0,0.24446903156227737,0.7555309684377226,0.0,0.0,0.0,0.0,0.0,0.0,1.0,2,0.0509648011836724,0.0,0.0,0.2018384319277077,0.6237812002926223,0.0,0.0,0.0,0.0,0.0,0.17438036777966998,1.0,3,0.0617291537104239,0.0,0.0,0.18336386264667473,0.5666855872770618,0.0915314744797958,0.0,0.0,0.0,0.0,0.1584190755964677,1.0,4,0.0679485881748922
2020-02-01,2020-03-01,0.0,0.0,0.0,0.5175866205389624,0.48241337946103763,0.0,0.0,0.0,0.0,0.0,1.0,2,0.043063608899901296,0.0,0.0,0.0,0.38772616574673313,0.3613777530195485,0.2508960812337185,0.0,0.0,0.0,0.0,1.0,3,0.057486829024768496,0.0,0.0,0.0,0.3183442050317221,0.29671072954180033,0.2059992865637427,0.0,0.0,0.1789457788627349,0.0,1.0,4,0.0700158741588855
2020-03-01,2020-06-01,0.0,0.0,0.0,0.7775825838938659,0.22241741610613414,0.0,0.0,0.0,0.0,0.0,1.0,2,0.009041668662956099,0.0,0.0,0.0,0.7775825838938659,0.22241741610613414,0.0,0.0,0.0,0.0,0.0,1.0,2,0.009041668662956099,0.0,0.0,0.0,0.7775825838938659,0.22241741610613414,0.0,0.0,0.0,0.0,0.0,1.0,2,0.009041668662956099
2020-06-01,2020-07-01,0.0,0.0,0.0,0.47077542035570946,0.0,0.5292245796442905,0.0,0.0,0.0,0.0,1.0,2,0.0252935518846894,0.0,0.0,0.0,0.33009999786888683,0.0,0.3710835890300833,0.0,0.0,0.0,0.2988164131010298,1.0,3,0.0360726525225038,0.0,0.0,0.0,0.2579444728509558,0.2185868690813825,0.28996958913651494,0.0,0.0,0.0,0.23349906893114666,0.9999999999999999,4,0.0461633559703525
2020-07-01,2020-08-01,0.0,0.0,0.0,0.0,0.0,0.6025957853750702,0.0,0.0,0.0,0.3974042146249297,0.9999999999999999,2,0.10354658052867821,0.0,0.0,0.0,0.0,0.27774893935141615,0.4352254451295109,0.0,0.0,0.0,0.28702561551907296,1.0,3,0.143366463782958,0.0,0.0,0.0,0.21712041358000475,0.21744397476802899,0.3407291164824498,0.0,0.0,0.0,0.22470649516951638,0.9999999999999999,4,0.18312709421707352
2020-08-01,2020-09-01,0.0,0.0,0.0,0.0,0.0,0.593639393341497,0.0,0.0,0.0,0.40636060665850315,1.0,2,0.10717043372409069,0.23950891389745294,0.0,0.0,0.0,0.0,0.4514574669955321,0.0,0.0,0.0,0.30903361910701493,1.0,3,0.1409226691575442,0.19809997973045446,0.0,0.0,0.0,0.0,0.3734045368318473,0.17289099388062,0.0,0.0,0.25560448955707815,0.9999999999999999,4,0.1703798025591856
2020-09-01,2020-10-01,0.0,0.0,0.0,0.0,0.0,0.5416088025958303,0.0,0.0,0.4583911974041697,0.0,1.0,2,0.06636069607767689,0.0,0.0,0.0,0.0,0.0,0.379393752032665,0.0,0.0,0.32110031345205625,0.29950593451527885,1.0,3,0.09473413030523999,0.0,0.0,0.0,0.0,0.0,0.2993776516127896,0.0,0.21090516117141062,0.25337860009125984,0.23633858712453998,1.0000000000000002,4,0.12005417554862319
2020-10-01,2020-11-01,0.0,0.0,0.0,0.0,0.0,0.5715831160563697,0.0,0.0,0.0,0.4284168839436302,0.9999999999999999,2,0.0433334665499432,0.0,0.0,0.0,0.0,0.0,0.45961560654284495,0.19589016254721295,0.0,0.0,0.344494230909942,0.9999999999999999,3,0.0538899843424531,0.11663326717542961,0.0,0.0,0.0,0.0,0.4060091367069362,0.17304285288180554,0.0,0.0,0.3043147432358286,1.0,4,0.0610052227913763
2020-11-01,2020-12-01,0.0,0.0,0.0,0.0,0.0,0.5947975938109092,0.0,0.0,0.0,0.4052024061890907,1.0,2,0.0629038792707607,0.23142315064889257,0.0,0.0,0.0,0.0,0.45714766065280843,0.0,0.0,0.0,0.311429188698299,1.0,3,0.0818446188222675,0.190495457314216,0.0,0.0,0.0,0.0,0.3763000911188117,0.0,0.17685220004964286,0.0,0.25635225151732943,1.0,4,0.099428825330279
2020-12-01,2021-01-01,0.0,0.0,0.0,0.0,0.0,0.5701520185207607,0.0,0.0,0.0,0.42984798147923925,1.0,2,0.070761308400642,0.0,0.0,0.0,0.0,0.0,0.4270333005746105,0.25101852365175636,0.0,0.0,0.3219481757736331,1.0,3,0.0944767135572537,0.1765606081206542,0.0,0.0,0.0,0.0,0.35163604133738713,0.20669854046625344,0.0,0.0,0.26510481007570513,1.0,4,0.11473426519179311
2021-01-01,2021-02-01,0.0,0.0,0.0,0.47909714816634075,0.0,0.5209028518336593,0.0,0.0,0.0,0.0,1.0,2,0.0563723159333933,0.0,0.0,0.0,0.3264089155567779,0.0,0.35489114395317756,0.0,0.3186999404900446,0.0,0.0,1.0,3,0.082742273608402,0.0,0.0,0.0,0.26282426067333553,0.0,0.2857581336891622,0.0,0.25661699862901516,0.0,0.19480060700848714,1.0,4,0.1027599801100125
2021-02-01,2021-03-01,0.0,0.0,0.0,0.0,0.0,0.38853960969236634,0.0,0.0,0.6114603903076337,0.0,1.0,2,0.0257941488776116,0.0,0.0,0.0,0.0,0.0,0.38853960969236634,0.0,0.0,0.6114603903076337,0.0,1.0,2,0.0257941488776116,0.0,0.0,0.0,0.0,0.0,0.38853960969236634,0.0,0.0,0.6114603903076337,0.0,1.0,2,0.0257941488776116
2021-03-01,2021-04-01,0.0,0.0,0.5370329773514981,0.4629670226485019,0.0,0.0,0.0,0.0,0.0,0.0,1.0,2,0.0888577122775313,0.0,0.0,0.3871857884787946,0.333786302263734,0.0,0.0,0.2790279092574714,0.0,0.0,0.0,1.0,3,0.12324709016963029,0.0,0.0,0.3064169092390096,0.2641568211679669,0.0,0.0,0.22082130101420244,0.0,0.20860496857882116,0.0,1.0,4,0.15573397011136708
2021-04-01,2021-05-01,0.0,0.0,0.0,0.0,0.0,0.6745750337546124,0.0,0.0,0.0,0.32542496624538764,1.0,2,0.0342960731101343,0.0,0.0,0.0,0.0,0.0,0.6745750337546124,0.0,0.0,0.0,0.32542496624538764,1.0,2,0.0342960731101343,0.0,0.0,0.0,0.0,0.0,0.6745750337546124,0.0,0.0,0.0,0.32542496624538764,1.0,2,0.0342960731101343
2021-05-01,2021-06-01,0.0,0.0,0.40046479231604054,0.0,0.0,0.5995352076839595,0.0,0.0,0.0,0.0,1.0,2,0.0517387704683653,0.0,0.0,0.30805779269822564,0.0,0.0,0.46119283459564964,0.0,0.23074937270612467,0.0,0.0,0.9999999999999999,3,0.0672586652940091,0.0,0.0,0.2612215219138486,0.0,0.0,0.39107432762414696,0.0,0.1956668642951909,0.0,0.15203728616681342,0.9999999999999999,4,0.0793179513636497
2021-06-01,2021-07-01,0.0,0.0,0.0,0.0,0.0,0.5546147846486463,0.0,0.44538521535135367,0.0,0.0,1.0,2,0.0159203680063545,0.0,0.0,0.0,0.0,0.0,0.401544685153266,0.0,0.32246177170245655,0.0,0.2759935431442775,1.0,3,0.0219892624652753,0.0,0.0,0.0,0.0,0.0,0.3203933412861997,0.0,0.2572929197989098,0.20209791554355064,0.22021582337134,1.0,4,0.0275588482517312
2021-07-01,2021-08-01,0.0,0.0,0.3876918612943293,0.0,0.0,0.0,0.0,0.0,0.6123081387056707,0.0,1.0,2,0.0094052365148392,0.0,0.0,0.30222596883993047,0.0,0.0,0.22044799230261516,0.0,0.0,0.4773260388574544,0.0,1.0,3,0.012064925010738,0.0,0.0,0.2968463167487468,0.0,0.0,0.2165239962696465,0.017800098753369915,0.0,0.46882958822823684,0.0,1.0,4,0.0122835738381005
2021-08-01,2021-09-01,0.0,0.0,0.0,0.0,0.0,0.4565357181548836,0.0,0.0,0.5434642818451165,0.0,1.0,2,0.05776055294846599,0.0,0.0,0.0,0.0,0.28727595186768295,0.32538398516034317,0.0,0.0,0.38734006297197393,0.0,1.0,3,0.08104195880555269,0.0,0.0,0.21705376047265804,0.0,0.22492162622144007,0.25475816758371117,0.0,0.0,0.30326644572219086,0.0,1.0,4,0.10350896998301828
2021-09-01,2021-10-01,0.0,0.0,0.0,0.0,0.0,0.0,0.0,0.4827574920930816,0.5172425079069183,0.0,0.9999999999999999,2,0.020071675312681003,0.0,0.0,0.0,0.0,0.0,0.26314064864186276,0.0,0.35572437248698924,0.38113497887114806,0.0,1.0,3,0.027239493229862702,0.09423830253809812,0.0,0.0,0.0,0.0,0.2383427205850795,0.0,0.32220151145238524,0.34521746542443715,0.0,1.0,4,0.030073575981621203
2021-10-01,2021-11-01,0.0,0.0,0.0,0.0,0.0,0.0,0.0,0.0,0.0,0.0,0.0,0,0.0,0.0,0.0,0.0,0.0,0.0,0.0,0.0,0.0,0.0,0.0,0.0,0,0.0,0.0,0.0,0.0,0.0,0.0,0.0,0.0,0.0,0.0,0.0,0.0,0,0.0
2021-11-01,2021-12-01,0.0,0.0,0.0,0.0,0.0,0.5504379499064789,0.0,0.4495620500935212,0.0,0.0,1.0,2,0.025715062940808497,0.0,0.0,0.0,0.0,0.0,0.444878079620651,0.0,0.3633475881339746,0.0,0.19177433224537435,0.9999999999999999,3,0.0318166868075953,0.0,0.0,0.0,0.0,0.0,0.444878079620651,0.0,0.3633475881339746,0.0,0.19177433224537435,0.9999999999999999,3,0.0318166868075953
2021-12-01,2022-01-01,0.0,0.0,0.0,0.0,0.0,0.0,0.0,0.0,1.0,0.0,1.0,1,0.0042872786322067,0.0,0.0,0.0,0.0,0.0,0.0,0.0,0.0,1.0,0.0,1.0,1,0.0042872786322067,0.0,0.0,0.0,0.0,0.0,0.0,0.0,0.0,1.0,0.0,1.0,1,0.0042872786322067
2022-01-01,2022-02-01,0.0,0.0,0.0,0.0,0.0,0.0,0.0,0.0,0.0,0.0,0.0,0,0.0,0.0,0.0,0.0,0.0,0.0,0.0,0.0,0.0,0.0,0.0,0.0,0,0.0,0.0,0.0,0.0,0.0,0.0,0.0,0.0,0.0,0.0,0.0,0.0,0,0.0
2022-02-01,2022-03-01,0.0,0.0,0.0,0.0,0.0,0.5574408073492302,0.0,0.44255919265076976,0.0,0.0,1.0,2,0.035374407191778104,0.0,0.0,0.0,0.0,0.0,0.4833221035405495,0.0,0.3837154315097932,0.0,0.13296246494965716,0.9999999999999999,3,0.04079916469789761,0.115961944912321,0.0,0.0,0.0,0.0,0.4272751323948732,0.0,0.3392190437790471,0.0,0.1175438789137586,1.0,4,0.046150914503167106
2022-03-01,2022-04-01,0.0,0.0,0.0,0.0,0.0,0.0,0.0,0.0,0.0,0.0,0.0,0,0.0,0.0,0.0,0.0,0.0,0.0,0.0,0.0,0.0,0.0,0.0,0.0,0,0.0,0.0,0.0,0.0,0.0,0.0,0.0,0.0,0.0,0.0,0.0,0.0,0,0.0
2022-04-01,2022-05-01,0.0,0.0,0.7364554078788234,0.0,0.0,0.0,0.0,0.0,0.26354459212117665,0.0,1.0,2,0.0687689147820169,0.0,0.1336465430070061,0.6380306885370041,0.0,0.0,0.0,0.0,0.0,0.22832276845598992,0.0,1.0,3,0.0793774344950447,0.0,0.11795459601298615,0.5631170879318925,0.0,0.0,0.0,0.0,0.11741378894624555,0.20151452710887585,0.0,1.0,4,0.0899373154723014
2022-05-01,2022-06-01,0.0,0.0,0.0,0.0,0.0,0.0,0.0,0.0,0.0,0.0,0.0,0,0.0,0.0,0.0,0.0,0.0,0.0,0.0,0.0,0.0,0.0,0.0,0.0,0,0.0,0.0,0.0,0.0,0.0,0.0,0.0,0.0,0.0,0.0,0.0,0.0,0,0.0
2022-06-01,2022-07-01,0.0,0.0,0.0,0.0,0.0,0.0,0.0,0.0,0.0,0.0,0.0,0,0.0,0.0,0.0,0.0,0.0,0.0,0.0,0.0,0.0,0.0,0.0,0.0,0,0.0,0.0,0.0,0.0,0.0,0.0,0.0,0.0,0.0,0.0,0.0,0.0,0,0.0
2022-07-01,2022-08-01,0.0,0.0,0.0,0.0,0.0,0.0,0.0,0.0,0.0,0.0,0.0,0,0.0,0.0,0.0,0.0,0.0,0.0,0.0,0.0,0.0,0.0,0.0,0.0,0,0.0,0.0,0.0,0.0,0.0,0.0,0.0,0.0,0.0,0.0,0.0,0.0,0,0.0
2022-08-01,2022-09-01,0.0,0.0,0.0,0.0,0.0,0.0,0.0,0.47652870019227345,0.0,0.5234712998077266,1.0,2,0.12955356197648218,0.0,0.0,0.0,0.0,0.0,0.2871807573472113,0.0,0.3396788271733741,0.0,0.3731404154794145,1.0,3,0.1817481266279272,0.18277248845475033,0.0,0.0,0.0,0.0,0.2346920156905417,0.0,0.27759488265550547,0.0,0.3049406131992025,1.0,4,0.22239599629272128
2022-09-01,2022-10-01,0.0,0.0,0.0,0.0,0.0,0.0,0.0,0.2937863045458023,0.7062136954541977,0.0,1.0,2,0.0392376355844189,0.0,0.0,0.0,0.0,0.0,0.0,0.0,0.2937863045458023,0.7062136954541977,0.0,1.0,2,0.0392376355844189,0.0,0.0,0.0,0.0,0.0,0.0,0.0,0.2937863045458023,0.7062136954541977,0.0,1.0,2,0.0392376355844189
2022-10-01,2022-11-01,0.0,0.0,0.0,0.0,0.0,0.0,0.06253248194597537,0.0,0.9374675180540246,0.0,1.0,2,0.0297909864512502,0.0,0.0,0.0,0.0,0.0,0.0,0.06253248194597537,0.0,0.9374675180540246,0.0,1.0,2,0.0297909864512502,0.0,0.0,0.0,0.0,0.0,0.0,0.06253248194597537,0.0,0.9374675180540246,0.0,1.0,2,0.0297909864512502
2022-11-01,2022-12-01,0.0,0.0,0.0,0.0,0.0,0.0,0.0,0.0,0.0,0.0,0.0,0,0.0,0.0,0.0,0.0,0.0,0.0,0.0,0.0,0.0,0.0,0.0,0.0,0,0.0,0.0,0.0,0.0,0.0,0.0,0.0,0.0,0.0,0.0,0.0,0.0,0,0.0
2022-12-01,2023-01-01,0.0,0.0,0.0,0.0,0.0,0.0,0.0,0.0,0.0,0.0,0.0,0,0.0,0.0,0.0,0.0,0.0,0.0,0.0,0.0,0.0,0.0,0.0,0.0,0,0.0,0.0,0.0,0.0,0.0,0.0,0.0,0.0,0.0,0.0,0.0,0.0,0,0.0
2023-01-01,2023-02-01,0.0,0.0,0.0,0.0,0.0,0.5800878098911404,0.0,0.0,0.0,0.41991219010885955,1.0,2,0.0349702292678373,0.0,0.0,0.0,0.0,0.0,0.4634052590443058,0.0,0.0,0.20114635897749925,0.335448381978195,1.0,3,0.0437755146525674,0.13353381749357118,0.0,0.0,0.0,0.0,0.4015249857575224,0.0,0.0,0.1742865177883015,0.290654678960605,1.0,4,0.050521896337532596
2023-02-01,2023-03-01,0.0,0.0,0.0,0.0,0.0,0.0,0.0,0.0,0.0,0.0,0.0,0,0.0,0.0,0.0,0.0,0.0,0.0,0.0,0.0,0.0,0.0,0.0,0.0,0,0.0,0.0,0.0,0.0,0.0,0.0,0.0,0.0,0.0,0.0,0.0,0.0,0,0.0
2023-03-01,2023-04-01,0.0,0.0,0.755296264598951,0.24470373540104892,0.0,0.0,0.0,0.0,0.0,0.0,1.0,2,0.0901770717892834,0.0,0.04832129762067389,0.7187993690054819,0.2328793333738442,0.0,0.0,0.0,0.0,0.0,0.0,1.0,3,0.0947557947486147,0.0,0.047989447288542056,0.7138629575040124,0.23128001613833835,0.00686757906910711,0.0,0.0,0.0,0.0,0.0,0.9999999999999999,4,0.09541103759335261
2023-04-01,2023-05-01,0.0,0.0,0.0,0.0,0.0,0.0,0.0,0.0,0.0,0.0,0.0,0,0.0,0.0,0.0,0.0,0.0,0.0,0.0,0.0,0.0,0.0,0.0,0.0,0,0.0,0.0,0.0,0.0,0.0,0.0,0.0,0.0,0.0,0.0,0.0,0.0,0,0.0
2023-05-01,2023-06-01,0.0,0.0,0.5461093357423403,0.0,0.0,0.4538906642576597,0.0,0.0,0.0,0.0,1.0,2,0.0695805822500266,0.20714851081995495,0.0,0.4329836000984397,0.0,0.0,0.3598678890816054,0.0,0.0,0.0,0.0,1.0,3,0.08775991872322239,0.17222088764015628,0.0,0.3599775815303637,0.1686115098850812,0.0,0.299190020944399,0.0,0.0,0.0,0.0,1.0000000000000002,4,0.10555825557687448
2023-06-01,2023-07-01,0.0,0.0,0.0,0.0,0.0,1.0,0.0,0.0,0.0,0.0,1.0,1,0.0001745389459652,0.0,0.0,0.0,0.0,0.0,1.0,0.0,0.0,0.0,0.0,1.0,1,0.0001745389459652,0.0,0.0,0.0,0.0,0.0,1.0,0.0,0.0,0.0,0.0,1.0,1,0.0001745389459652
2023-07-01,2023-08-01,0.0,0.0,0.3948570264257614,0.0,0.0,0.6051429735742387,0.0,0.0,0.0,0.0,1.0000000000000002,2,0.0331496255824372,0.20964993904474058,0.0,0.312075274904213,0.0,0.0,0.4782747860510465,0.0,0.0,0.0,0.0,1.0,3,0.041942965807291496,0.17480339934760705,0.0,0.26020431560418295,0.0,0.0,0.3987793118610485,0.0,0.0,0.0,0.16621297318716163,1.0,4,0.050304171759086996
2023-08-01,2023-09-01,0.0,0.0,0.7463634767746515,0.0,0.0,0.0,0.0,0.0,0.0,0.2536365232253485,1.0,2,0.0264849392094685,0.0,0.0,0.6848914172952376,0.0,0.0,0.0823620948670483,0.0,0.0,0.0,0.23274648783771404,0.9999999999999999,3,0.0288620806325903,0.0,0.0,0.6735787914289596,0.016517400540590334,0.0,0.08100168715676717,0.0,0.0,0.0,0.22890212087368286,1.0,4,0.0293468137092155
2023-09-01,2023-10-01,0.0,0.0,0.0,0.0,0.0,0.7756772318482547,0.0,0.0,0.0,0.22432276815174532,1.0,2,0.012199799831723,0.07851151775244344,0.0,0.0,0.0,0.0,0.7147776350898342,0.0,0.0,0.0,0.20671084715772228,0.9999999999999999,3,0.013239232032468901,0.07402636068976726,0.0,0.05712737686231517,0.0,0.0,0.6739442637573029,0.0,0.0,0.0,0.19490199869061467,1.0,4,0.014041379193311901
2023-10-01,2023-11-01,0.0,0.0,0.9759319926807114,0.024068007319288667,0.0,0.0,0.0,0.0,0.0,0.0,1.0,2,0.0333019046185494,0.0,0.0054349653721053005,0.9706278360949621,0.023937198532932757,0.0,0.0,0.0,0.0,0.0,0.0,1.0,3,0.033483888392486,0.0,0.0054349653721053005,0.9706278360949621,0.023937198532932757,0.0,0.0,0.0,0.0,0.0,0.0,1.0,3,0.033483888392486
2023-11-01,2023-12-01,0.0,0.0,0.0,0.0,0.0,1.0,0.0,0.0,0.0,0.0,1.0,1,0.005970977065561,0.0,0.0,0.0,0.0,0.0,1.0,0.0,0.0,0.0,0.0,1.0,1,0.005970977065561,0.0,0.0,0.0,0.0,0.0,1.0,0.0,0.0,0.0,0.0,1.0,1,0.005970977065561
2023-12-01,2024-01-01,0.0,0.0,0.0,0.0,0.0,1.0,0.0,0.0,0.0,0.0,1.0,1,0.0010835408491243,0.0,0.0,0.0,0.0,0.0,1.0,0.0,0.0,0.0,0.0,1.0,1,0.0010835408491243,0.0,0.0,0.0,0.0,0.0,1.0,0.0,0.0,0.0,0.0,1.0,1,0.0010835408491243
2024-01-01,2024-02-01,0.0,0.0,0.4341131128663073,0.0,0.0,0.5658868871336927,0.0,0.0,0.0,0.0,1.0,2,0.0293305145680752,0.1266170518097469,0.0,0.3791469903632235,0.0,0.0,0.4942359578270295,0.0,0.0,0.0,0.0,1.0,3,0.0335826508049548,0.1135683752764529,0.0,0.3400735293632353,0.0,0.0,0.44330186125291243,0.0,0.0,0.0,0.1030562341073993,1.0,4,0.0374411998633323
2024-02-01,2024-03-01,0.0,0.0,0.6921796254973236,0.0,0.0,0.0,0.0,0.0,0.30782037450267635,0.0,1.0,2,0.0220605214815823,0.0,0.0,0.6921796254973236,0.0,0.0,0.0,0.0,0.0,0.30782037450267635,0.0,1.0,2,0.0220605214815823,0.0,0.0,0.6921796254973236,0.0,0.0,0.0,0.0,0.0,0.30782037450267635,0.0,1.0,2,0.0220605214815823
2024-03-01,2024-04-01,0.0,0.0,0.0,0.0,0.0,0.0,0.0,0.0,0.0,0.0,0.0,0,0.0,0.0,0.0,0.0,0.0,0.0,0.0,0.0,0.0,0.0,0.0,0.0,0,0.0,0.0,0.0,0.0,0.0,0.0,0.0,0.0,0.0,0.0,0.0,0.0,0,0.0
2024-04-01,2024-05-01,0.0,0.0,0.5539826276363651,0.0,0.0,0.0,0.0,0.0,0.0,0.44601737236363487,1.0,2,0.039227375177193005,0.0,0.0,0.38767088592652965,0.0,0.0,0.30021111387449984,0.0,0.0,0.0,0.3121180001989705,1.0,3,0.056056013399101004,0.0,0.0,0.3184116050862492,0.0,0.0,0.2465769447841031,0.0,0.0,0.1786548419150728,0.25635660821457473,0.9999999999999998,4,0.06824903373120611
2024-05-01,2024-06-01,0.0,0.0,0.0,0.5734445307419691,0.0,0.0,0.0,0.42655546925803084,0.0,0.0,1.0,2,0.0383931262278986,0.0,0.0,0.0,0.41608574379948227,0.0,0.2744097789874868,0.0,0.30950447721303087,0.0,0.0,1.0,3,0.0529129598443644,0.20725233445090518,0.0,0.0,0.3298510020652983,0.0,0.21753771169617322,0.0,0.2453589517876232,0.0,0.0,0.9999999999999999,4,0.0667462827628945
2024-06-01,2024-07-01,0.0,0.0,0.0,0.0,0.0,0.4119551681997935,0.0,0.0,0.0,0.5880448318002066,1.0,2,0.020003107938236397,0.0,0.0,0.0,0.0,0.0,0.30550697217689576,0.0,0.0,0.25839752536196275,0.43609550246114165,1.0000000000000002,3,0.026972817138992897,0.1267009352725347,0.0,0.0,0.0,0.0,0.26679895306980284,0.0,0.0,0.22565831722649354,0.38084179443116906,1.0,4,0.030886117057059296
2024-07-01,2024-08-01,0.0,0.0,0.0,0.46191608787159666,0.0,0.0,0.0,0.0,0.0,0.5380839121284033,1.0,2,0.0826617436917905,0.0,0.0,0.0,0.32907699737756135,0.0,0.2875827319765531,0.0,0.0,0.0,0.3833402706458856,1.0,3,0.11602995519905049,0.0,0.2138778618374755,0.0,0.258694712798552,0.0,0.22607515216002813,0.0,0.0,0.0,0.3013522732039444,1.0,4,0.1475978726031784
2024-08-01,2024-09-01,0.0,0.0,0.0,0.0,0.0,0.5328024345249548,0.0,0.0,0.0,0.46719756547504515,1.0,2,0.0322934423507384,0.0,0.0,0.0,0.2835810909445734,0.0,0.3817097388844435,0.0,0.0,0.0,0.33470917017098306,1.0,3,0.04507620044998,0.17594228991959046,0.0,0.0,0.23368718442588954,0.0,0.31455085334050553,0.0,0.0,0.0,0.27581967231401444,1.0,4,0.054700295742129
