sasdate,P_R0,P_R1,P_R2,P_R3,P_R4,P_R5
1992-03-01,0.15431228310804765,0.16163593190797731,0.1469703449547907,0.18866683484474758,0.16653655529963207,0.18187804988480466
1992-04-01,0.1641340566600225,0.1582903682160042,0.1579724774838032,0.1644418661731748,0.17063449596415955,0.18452673550283574
1992-05-01,0.16071372530381978,0.15925060303214883,0.16080480944525807,0.16527678378267804,0.1687030104691048,0.1852510679669904
1992-06-01,0.16673228854687813,0.15459228349381338,0.15680269065622357,0.16633746256192228,0.17129587175379632,0.18423940298736616
1992-07-01,0.17646276657333462,0.15799958151728868,0.1661766240472078,0.15293614510362152,0.16344444874028835,0.18298043401825898
1992-08-01,0.16945792683652067,0.16021393571307208,0.16437647128758084,0.1529790361397925,0.17077763447983407,0.1821949955432
1992-09-01,0.16791806069730966,0.15759611079892066,0.16706757665553315,0.15493581939881446,0.16741106909090417,0.18507136335851787
1992-10-01,0.15151546013114917,0.15906542836560603,0.15833995896671843,0.1791148307319936,0.17099325750478142,0.18097106429975132
1992-11-01,0.15497484613687304,0.16957310683786678,0.14368801298418712,0.18501667530679247,0.17261491893731895,0.17413243979696166
1992-12-01,0.15508474069625108,0.16782823469500086,0.15230373344093978,0.17433463698490906,0.17195347113233972,0.17849518305055936
1993-01-01,0.15926676811551754,0.15438729349188832,0.163314321823044,0.1688833612137123,0.17180385322824723,0.1823444021275906
1993-02-01,0.1433763330698917,0.16341723190758614,0.1645703071417317,0.1655566549808593,0.17942391079715195,0.18365556210277903
1993-03-01,0.17280191645498125,0.16024487719149147,0.1621014934560177,0.15656029854159098,0.17054311978200534,0.1777482945739132
1993-04-01,0.1403579147685836,0.15710331133605904,0.16485022168605465,0.1761414237616897,0.1788155735677629,0.1827315548798501
1993-05-01,0.14301898340440974,0.171915503366859,0.1557675559712927,0.1742149514208587,0.18115844125413616,0.17392456458244376
1993-06-01,0.1392743680220974,0.1755147840001623,0.1532637684422853,0.17208213245992196,0.17486142686637068,0.18500352020916244
1993-07-01,0.12436372607922572,0.1632296017124425,0.1683030250055968,0.17807374115943708,0.18013755680184085,0.18589234924145706
1993-08-01,0.13272123804208596,0.16059543972441756,0.16926699821126262,0.1674447977277467,0.18284676190371663,0.18712476439077042
1993-09-01,0.12660049685806474,0.17195606918258136,0.1736940931622872,0.17297801858868672,0.1712697166464441,0.183501605561936
1993-10-01,0.12948518702866546,0.1527891901280077,0.16882509580107047,0.19584581616941873,0.17399242165838785,0.17906228921444967
1993-11-01,0.12748524337262448,0.18559757172850386,0.14502843001930907,0.19346457580014342,0.1755165686722971,0.1729076104071221
1993-12-01,0.13590976991570475,0.17765707169827258,0.1592830304274931,0.18540841822074106,0.1683208151950758,0.17342089454271278
1994-01-01,0.13765893720541741,0.1654656216100103,0.1659175850274301,0.1767937297812556,0.17554467911983265,0.1786194472560539
1994-02-01,0.14307456124581325,0.16177024093613196,0.15571142703754015,0.19195504574846575,0.17328212854507932,0.17420659648696957
1994-03-01,0.15381361024142048,0.16995778967228392,0.14420528330339835,0.1958262457599238,0.1706880671836487,0.16550900383932474
1994-04-01,0.152294317289328,0.1733223472816205,0.14070158893442417,0.1957930249116309,0.17301427536976113,0.16487444621323516
1994-05-01,0.14998174158021121,0.1685214209767777,0.14383062274200298,0.19964158254350656,0.17345697059741302,0.16456766156008848
1994-06-01,0.12762551006383854,0.16031042002054682,0.16280826760690573,0.19413394302221765,0.17836167346651607,0.17676018581997527
1994-07-01,0.13955568632339158,0.1690135178889137,0.14666332480332986,0.1957413331492158,0.17822581048179323,0.17080032735335587
1994-08-01,0.13665752668426404,0.16824675834805553,0.15697994437723234,0.1952746690127805,0.17182016126735342,0.1710209403103142
1994-09-01,0.13319076788036158,0.18500293561551784,0.14748917650289822,0.1938081741424362,0.17503991151287457,0.1654690343459115
1994-10-01,0.1526427439594834,0.17008162428928356,0.14255445377363538,0.19805975040761287,0.16872990264476015,0.16793152492522462
1994-11-01,0.1480203406312308,0.16469157550869443,0.15040547369405524,0.2009174368081607,0.17332285133873565,0.16264232201912324
1994-12-01,0.14948874762668657,0.17170746426442693,0.14656613283451458,0.1960357716957471,0.16923865737748495,0.16696322620113999
1995-01-01,0.1421733805071092,0.16376592833682052,0.15835219507130496,0.1869892159190207,0.17930959620250092,0.16940968396324368
1995-02-01,0.13904401875485506,0.16994458567797868,0.17774375446252394,0.16794684684258745,0.17338549709815704,0.17193529716389772
1995-03-01,0.1293119477829971,0.1764988103980184,0.18393800708639904,0.16637236599272678,0.17309415567168723,0.17078471306817142
1995-04-01,0.15362835087512564,0.1633991616066063,0.18127933141603148,0.16459823781732283,0.16818761820960815,0.1689073000753057
1995-05-01,0.153976075158444,0.174554745613493,0.18139593313592348,0.1551533006270351,0.161905572268194,0.17301437319691038
1995-06-01,0.143908685407576,0.16996621234277312,0.19819474781077162,0.15468226293077597,0.16630062157859438,0.166947469929509
1995-07-01,0.1365331670047704,0.17939399637968168,0.19081975643693921,0.15900432745153897,0.1667582215848043,0.16749053114226545
1995-08-01,0.1258265319154854,0.17507684214550337,0.17715060976121133,0.18966082630436532,0.16459700190859014,0.16768818796484453
1995-09-01,0.12726846307206863,0.17914250855877745,0.1962418272287974,0.16350542130518378,0.16498372444990614,0.16885805538526658
1995-10-01,0.1318531251809331,0.1699483281311025,0.19741867787433182,0.1640168360152496,0.16995069559517975,0.16681233720320326
1995-11-01,0.13128433324159164,0.18490592230779002,0.19312012915287174,0.1606451951381951,0.16140809934913394,0.1686363208104174
1995-12-01,0.1395689234595925,0.16680377475381356,0.19646282275399493,0.16469648572752862,0.1617317728375592,0.1707362204675111
1996-01-01,0.166976383491617,0.16249298007809365,0.1857429423658852,0.15581967221714674,0.1594380874542762,0.1695299343929812
1996-02-01,0.145211224473708,0.18270045084414274,0.1758922505517534,0.1707005469774364,0.1604594530802935,0.16503607407266607
1996-03-01,0.1423060543999128,0.16926830845121435,0.17124495850795604,0.18567571256248686,0.16676146929024546,0.16474349678818462
1996-04-01,0.1420333357027021,0.1705556153374397,0.1709599297775575,0.18362458259784786,0.16202060795766957,0.17080592862678323
1996-05-01,0.12738708821371766,0.1874409118080095,0.16750545982665488,0.184563200458451,0.16564607128283126,0.1674572684103357
1996-06-01,0.11554256452302164,0.18748982259198807,0.16560890031808073,0.19348211283100572,0.16974270956455192,0.16813389017135194
1996-07-01,0.12367558051494881,0.16972393978053582,0.1770609146630678,0.18489883073686764,0.1703510622547268,0.17428967204985307
1996-08-01,0.12039471586368801,0.17618057345201307,0.18543472796039018,0.16999541786480293,0.17120048498038046,0.17679407987872536
1996-09-01,0.11947479648931641,0.16659258098478755,0.17196631530813977,0.2022931501254593,0.17050768892926915,0.16916546816302774
1996-10-01,0.12440948831341926,0.17553816205860825,0.19039706435302403,0.1645813043697682,0.17266323009629211,0.17241075080888807
1996-11-01,0.12592447469793536,0.1758617887703311,0.18838288402872713,0.17352979634893248,0.16475967794889085,0.17154137820518306
1996-12-01,0.11028766240894534,0.17743045691980172,0.18750095222826835,0.1853972788834381,0.17130543167892265,0.1680782178806238
1997-01-01,0.1093959199746601,0.19107733054980905,0.1725186254530563,0.18690362300979768,0.1694109742769511,0.17069352673572571
1997-02-01,0.11755958056096169,0.18322063712528244,0.17927224781207018,0.18198450513480038,0.16528311761757264,0.17267991174931274
1997-03-01,0.11896980343670924,0.1864759682323838,0.16511124196398733,0.19807601496900523,0.1706520600138567,0.16071491138405758
1997-04-01,0.1251609136499291,0.17890364292914618,0.16928552845986475,0.1875645802968035,0.17482933008054796,0.1642560045837085
1997-05-01,0.12721042353503567,0.1753693859569118,0.18829548917555594,0.17150502842985416,0.16839864158251627,0.16922103132012617
1997-06-01,0.13055069880347073,0.17011535204964484,0.1935928324009007,0.16953674135648597,0.16744963441809937,0.16875474097139842
1997-07-01,0.12297289304281735,0.1797106347030666,0.19272298494533624,0.17204589522296543,0.16113752296138192,0.17141006912443255
1997-08-01,0.12340764720710015,0.1706815104586218,0.18558470392393453,0.18462330187539203,0.17189958394468782,0.1638032525902638
1997-09-01,0.11621872981894628,0.17901000554159716,0.19326723736433313,0.18070463093743572,0.16293764556425913,0.16786175077342866
1997-10-01,0.12576042781025712,0.18017687313975903,0.18933753152456095,0.17598374445776965,0.16371209339832643,0.16502932966932676
1997-11-01,0.12546360766426867,0.18824957554103885,0.1815906261401058,0.17825976579210392,0.16603081240145118,0.1604056124610314
1997-12-01,0.12456870946334214,0.18287807628830716,0.18755652671050094,0.17567660051948147,0.16750274201437945,0.1618173450039889
1998-01-01,0.13239293540920663,0.17978294698053715,0.19656452978476208,0.16328565449513543,0.16410687061332838,0.1638670627170304
1998-02-01,0.12026971958285139,0.1827444448261268,0.19590752741295894,0.17379300747314566,0.16497285163550443,0.16231244906941275
1998-03-01,0.11940818886231795,0.18114148593751217,0.19711004819645025,0.17203739997476636,0.16553317194472483,0.16476970508422847
1998-04-01,0.13032543656362347,0.17210287959343937,0.19213136260749364,0.17474306760715938,0.1665681225163926,0.16412913111189148
1998-05-01,0.12029232079667801,0.176022974793212,0.191082936681659,0.1821041288247017,0.16417527831817702,0.1663223605855724
1998-06-01,0.14032671873807676,0.18210007983700788,0.18915185061806267,0.15899952345276092,0.16301536372145883,0.16640646363263298
1998-07-01,0.14540315862794514,0.1677239958514095,0.19340080902131643,0.16125128212267043,0.1589168989310532,0.1733038554456053
1998-08-01,0.14417711386293208,0.17634841429917564,0.17928348638853256,0.17648684600980608,0.15915206730706088,0.16455207213249273
1998-09-01,0.1618532555331496,0.17324284666393594,0.18951118208950102,0.15153672894527184,0.1559368055952662,0.16791918117287538
1998-10-01,0.16244200728148375,0.16080237199280467,0.19558448977993853,0.1554388295982683,0.15544735904744186,0.1702849423000629
1998-11-01,0.13508315314939298,0.18926054316802457,0.17694380374074276,0.17490672510979918,0.16308486582701545,0.1607209090050251
1998-12-01,0.11730644366624005,0.17585618434683573,0.19783063604804255,0.1778206624654631,0.16030539521463447,0.17088067825878395
1999-01-01,0.12743455209456903,0.17294861249906898,0.1905520731183503,0.17525683008546694,0.1597746061515346,0.17403332605101016
1999-02-01,0.12457758197840901,0.19545832376232752,0.17472970030256885,0.1828553986474072,0.15561593957100728,0.16676305573828018
1999-03-01,0.12538050392956532,0.16472909339850764,0.1916342665326244,0.18338506579441377,0.15982504110807422,0.17504602923681464
1999-04-01,0.13686629346286222,0.1522235477132461,0.19501797231527865,0.17761694842396242,0.16557653076597095,0.17269870731867956
1999-05-01,0.14111110410553998,0.19800881231278203,0.16099171499230955,0.17569139932214675,0.1570877630780529,0.16710920618916866
1999-06-01,0.13001224902686206,0.18128693890396255,0.16555507571832048,0.18693322272240057,0.16237233826690403,0.17384017536155028
1999-07-01,0.12283255426503063,0.16144916314658825,0.19702969063727369,0.18308144496013806,0.16419789050057804,0.17140925649039118
1999-08-01,0.11531020210605417,0.18536461535338292,0.17110265008828718,0.19771546750789049,0.15743831382201018,0.17306875112237508
1999-09-01,0.11897376211590661,0.16787913599528087,0.19399068736153538,0.17738457473532165,0.16811038727087535,0.17366145252108006
1999-10-01,0.13323718658324835,0.19345991321364972,0.16146426521503815,0.19151391150948047,0.15462822540094662,0.1656964980776366
1999-11-01,0.11378648448491831,0.1799308251937604,0.18756602624560034,0.18668611409999625,0.16293346572234135,0.16909708425338332
1999-12-01,0.13255948673056298,0.17611077287910543,0.1678791194516458,0.1954175113557748,0.1604835540718738,0.1675495555110372
2000-01-01,0.1468716773185908,0.17211878835465466,0.16624027781744763,0.18331486945377415,0.16499554987004697,0.16645883718548588
2000-02-01,0.1315585278357639,0.16579277010032814,0.1781489893600753,0.19006088598889995,0.16082486590141645,0.17361396081351627
2000-03-01,0.12690729088716482,0.17458169186029734,0.1807151533847115,0.18558882950127925,0.1646914320886216,0.16751560227792545
2000-04-01,0.15375480767531977,0.19736253943040666,0.1686594852773357,0.16075462584457392,0.15474762586453733,0.16472091590782673
2000-05-01,0.15500862621327466,0.16641484585062435,0.17148037912193148,0.18220919369451186,0.1571657664092019,0.16772118871045588
2000-06-01,0.1592470528507409,0.1577365485280743,0.18856529320466983,0.16617676219658575,0.16281938605866023,0.16545495716126893
2000-07-01,0.14769741993839555,0.1917960611202772,0.18166197732063838,0.156322303658436,0.15989693132949082,0.16262530663276187
2000-08-01,0.13777779412693103,0.19166430387899622,0.18983133784646503,0.15456115986769053,0.15817893242637415,0.167986471853543
2000-09-01,0.1481033292380487,0.15072641573335424,0.1923695298701366,0.1779747937375275,0.16065762054692476,0.1701683108740082
2000-10-01,0.15071109663044704,0.19073993678712053,0.17995301805939568,0.15679168631287171,0.1569066399959809,0.16489762221418408
2000-11-01,0.13331461615165482,0.1768822806286116,0.19593485472697927,0.1697248659701678,0.15654483424446375,0.16759854827812273
2000-12-01,0.1661767360771399,0.169357066554856,0.18984910215046857,0.14902922037890853,0.15424084251571013,0.17134703232291684
2001-01-01,0.17760664666100137,0.15529473590642656,0.19048382865081115,0.14923765262016872,0.1558425395148378,0.17153459664675422
2001-02-01,0.16397216788733224,0.18010510497292923,0.1782221921770181,0.15069341690593227,0.1551596915457737,0.1718474265110144
2001-03-01,0.16825702581783805,0.17258677625734392,0.18595598094438504,0.1456554519939325,0.15264912047642198,0.17489564451007844
2001-04-01,0.17449724001251932,0.15753920627271553,0.18469966711671193,0.15222080957485226,0.15335840473680315,0.17768467228639787
2001-05-01,0.16301660548558145,0.1585226050398136,0.18309033670101268,0.1572446692645471,0.157496250438225,0.18062953307082008
2001-06-01,0.16963598228685806,0.17452226055255948,0.17503854353547857,0.14578644558924148,0.15072893900308096,0.18428782903278154
2001-07-01,0.16324798085022674,0.17893360589399968,0.1677522032121671,0.15245113227955792,0.1532792498771719,0.1843358278868766
2001-08-01,0.17151192288803255,0.15429508121234647,0.17902190697518133,0.15749552869170336,0.1514234341362441,0.18625212609649214
2001-09-01,0.18088970873985685,0.15789385119002905,0.17342934945288577,0.15201170731573044,0.15874101502197732,0.1770343682795206
2001-10-01,0.17467281809845608,0.1691671013799004,0.16801641272623807,0.15319609969392967,0.15663655536502866,0.1783110127364473
2001-11-01,0.18140400967353404,0.15502687210520724,0.1701647110773046,0.15405859778333345,0.1551717438344669,0.18417406552615376
2001-12-01,0.17326916995107766,0.16187180814280783,0.1609518965489535,0.16006258745859184,0.15526343330761777,0.18858110459095143
2002-01-01,0.16877053629287395,0.15282316202310256,0.16599307655880324,0.16792820834208974,0.15141030863736046,0.19307470814577
2002-02-01,0.15813028247592567,0.16175736471940153,0.1608676744497915,0.17112777337997304,0.15341865652474912,0.19469824845015904
2002-03-01,0.1571860955345438,0.15654279896613024,0.15638922247542913,0.18290022093491703,0.15753790574064788,0.18944375634833197
2002-04-01,0.1623748034384452,0.15792336396097498,0.15847892482002765,0.1704655674081633,0.15380632341284164,0.19695101695954714
2002-05-01,0.15428362845245935,0.18002717372446672,0.15411626653520946,0.16527819737930113,0.14918049525916507,0.19711423864939823
2002-06-01,0.148586407446398,0.1623905232304196,0.16412287912020884,0.1735863902656346,0.15221284925355832,0.1991009506837806
2002-07-01,0.16278617476543208,0.15747088529920822,0.16608828392251257,0.16510218799973278,0.1557545100813231,0.19279795793179125
2002-08-01,0.1572963764779597,0.16019890455655644,0.17529572990926467,0.1589791091613244,0.15221114342881065,0.1960187364660842
2002-09-01,0.15552420664837913,0.1678290108021593,0.17209103172156265,0.16320522210802701,0.15041557932538896,0.19093494939448294
2002-10-01,0.15059347615525612,0.16542422234049092,0.17149892823146634,0.16774906092867525,0.15352775740786678,0.19120655493624464
2002-11-01,0.15928836744852348,0.16876211579136532,0.1687597326863003,0.1586445267852848,0.15115084772458812,0.1933944095639379
2002-12-01,0.1610655445903527,0.1623952268636653,0.1666000500553511,0.16282080239628027,0.15295135669928103,0.19416701939506964
2003-01-01,0.14851112136727318,0.1509065586359771,0.17211254057501849,0.18225891017278428,0.15470247141397533,0.1915083978349717
2003-02-01,0.16412886606616223,0.15931180258066777,0.16859726350174814,0.1653325377467021,0.14913385878070748,0.19349567132401246
2003-03-01,0.1552509624280868,0.1764949980190798,0.1670207582494446,0.15738091635800933,0.15198591037268686,0.19186645457269272
2003-04-01,0.17211415152394724,0.1861544230496706,0.1579269416705959,0.1524951415834023,0.15457655190668684,0.176732790265697
2003-05-01,0.15642565847947415,0.1543914612213975,0.18158092130762307,0.16128048134972944,0.15711665246556936,0.18920482517620657
2003-06-01,0.15332006774978937,0.15107778031602745,0.18481909191506055,0.16808936945224678,0.15201766101903466,0.1906760295478411
2003-07-01,0.1522113157706989,0.16656939372315338,0.16275979334097657,0.18021774073301097,0.15181448508612377,0.18642727134603637
2003-08-01,0.14646540189178658,0.1629329285308368,0.1604408170904875,0.18187740544063374,0.16156658537413204,0.1867168616721234
2003-09-01,0.1434444791950177,0.1713332598584109,0.16685251737139625,0.17418952797040388,0.1484490821881499,0.19573113341662143
2003-10-01,0.14175702663080594,0.18322496525579035,0.161813876992668,0.17018139684644606,0.1533998477658858,0.18962288650840375
2003-11-01,0.1331705959829128,0.16637565688267264,0.16575041324967155,0.1871786967740659,0.1518649801272572,0.19565965698341994
2003-12-01,0.12952009793738803,0.1580157572562804,0.1722537432802038,0.18543172988320303,0.15412975073402888,0.2006489209088961
2004-01-01,0.1291534698399659,0.1558848246818869,0.17760969135201998,0.1832493988831763,0.15828988285200332,0.19581273239094762
2004-02-01,0.13286031972669793,0.18305403000642978,0.16413167367369955,0.17542142166374888,0.15381266423078918,0.19071989069863482
2004-03-01,0.13180004862511063,0.17255218492451208,0.1699851582867831,0.17752396094737855,0.15900603046539014,0.18913261675082554
2004-04-01,0.13693683395539363,0.1751826495519477,0.15773989698237179,0.1919527653754184,0.15870626509583888,0.17948158903902955
2004-05-01,0.1441644818683191,0.1587900204244415,0.15336837634340825,0.20140420489525146,0.16060789035347306,0.1816650261151066
2004-06-01,0.14774435306787784,0.17508744595219994,0.15137306209454307,0.17925770551298023,0.16177221971873118,0.18476521365366777
2004-07-01,0.1369782900500009,0.17858364083696343,0.15791377660496397,0.18313568312993683,0.1552150241989515,0.18817358517918337
2004-08-01,0.126300810577325,0.16777091968975213,0.168086693968457,0.187919597789884,0.15385376020279906,0.19606821777178277
2004-09-01,0.1256427292134148,0.1674081551218629,0.1692202074420246,0.18729174566039838,0.15772285482005366,0.19271430774224563
2004-10-01,0.13665402765945023,0.15429920284439402,0.17190480363537802,0.19789647236999006,0.1522713836616999,0.18697410982908771
2004-11-01,0.13146442259949828,0.18303248924225476,0.16032922853441514,0.18827036505182815,0.1536866359807365,0.1832168585912671
2004-12-01,0.14686385968674134,0.1937262242426225,0.1573900317587912,0.1760309693659103,0.1504684184345157,0.17552049651141902
2005-01-01,0.14173085917570893,0.16741015563622935,0.16745826590324556,0.18421067958300405,0.15133461819463123,0.18785542150718096
2005-02-01,0.13317870609789323,0.15968057123384555,0.1747634549369956,0.1990090364701546,0.15289308855869524,0.1804751427024158
2005-03-01,0.1336110731757529,0.1761598992549294,0.16070385128074716,0.19429627736238853,0.1558206968612693,0.17940820206491284
2005-04-01,0.119511238650318,0.18245580484398793,0.1722274937136386,0.19150881798134983,0.14899766483358373,0.18529897997712189
2005-05-01,0.1318448886154181,0.19507412862799473,0.17249385320709065,0.17278382165364134,0.14813532150545056,0.17966798639040454
2005-06-01,0.12754086745693038,0.17014961998846317,0.18185036896290566,0.18726658814956268,0.15290277610610625,0.18028977933603182
2005-07-01,0.13680627706653448,0.15672590418673651,0.1782391698196538,0.19470212708732673,0.1580545411668035,0.17547198067294495
2005-08-01,0.1249878200168081,0.17892869453584723,0.17471243729841673,0.19551660407351285,0.14595747245257776,0.17989697162283735
2005-09-01,0.1561261537248993,0.15210773772588168,0.18091378400020408,0.17558611849812766,0.16145109101156901,0.1738151150393182
2005-10-01,0.16715152950446524,0.19600465244885326,0.15397206764016355,0.1693895853430492,0.15031583426815107,0.1631663307953176
2005-11-01,0.15555205814130663,0.20024807810257844,0.1594641844983584,0.1722942264370036,0.15021289783153743,0.1622285549892155
2005-12-01,0.1392724923697126,0.1566449108409453,0.18646882777001056,0.18689824100208693,0.15858503612642347,0.17213049189082127
2006-01-01,0.14070860026477552,0.1565929304062994,0.1833368023951129,0.1912280954912326,0.1611063760031341,0.16702719543944536
2006-02-01,0.15387536056503343,0.2036451941218521,0.16201572192378524,0.16831565484969854,0.14988481124969238,0.16226325728993823
2006-03-01,0.12918871881622163,0.1688889563049153,0.18314900389425684,0.19566022604040165,0.15741018209623991,0.1657029128479648
2006-04-01,0.1345483960609885,0.1636110229680598,0.1839489642778497,0.19266142337509976,0.16007799811506704,0.16515219520293514
2006-05-01,0.12698924276997373,0.19562339432566572,0.17798781011490783,0.17848122646567183,0.14919479100077887,0.17172353532300216
2006-06-01,0.1314779955880603,0.183062259295552,0.1753308302085445,0.18552590014277862,0.15895532322172568,0.16564769154333894
2006-07-01,0.13544868609021343,0.17112371085302341,0.1881046297953113,0.17724413115840992,0.15931784912582142,0.16876099297722058
2006-08-01,0.1268720289457545,0.18079393223198917,0.19593823399755192,0.17233298397284005,0.1531470778590867,0.17091574299277776
2006-09-01,0.16947323129591518,0.19801413379268817,0.1691194287311976,0.14913969505597593,0.15471525152952587,0.15953825959469725
2006-10-01,0.15282165183361607,0.17340193619998664,0.18324660464926773,0.16560594038038942,0.16215530670258832,0.16276856023415182
2006-11-01,0.15579226778846492,0.15288061023253546,0.18937765520043792,0.17375284753488363,0.16284157802061391,0.16535504122306413
2006-12-01,0.13777096758017623,0.1623322546937242,0.19271837498017463,0.1841977168244619,0.15856031566293788,0.16442037025852518
2007-01-01,0.15181458184253707,0.19581627170711072,0.17254113747642308,0.16204975309402359,0.1611708616097322,0.15660739427017337
2007-02-01,0.1444706854825832,0.16267851153807583,0.1903291233600409,0.1782666141644283,0.15504657532025695,0.16920849013461464
2007-03-01,0.1420050576295014,0.17347843586875641,0.18636602711927658,0.17115868532889586,0.16295720128189772,0.16403459277167198
2007-04-01,0.14456559908039282,0.1860958284167324,0.1837868226514197,0.16632259094290305,0.157858620049566,0.16137053885898614
2007-05-01,0.12652730104433177,0.1787257572190654,0.20003110493731516,0.1728054377233509,0.16156146552343081,0.16034893355250582
2007-06-01,0.13026151638280747,0.19339272392450804,0.1832622784775558,0.17235701140344287,0.16220489941867153,0.1585215703930143
2007-07-01,0.1407085374041298,0.17883990110753628,0.19105640463707094,0.16341384921009885,0.1616975614685227,0.16428374617264146
2007-08-01,0.17065967826920783,0.1760712935559977,0.18173852159514556,0.14765700605426874,0.15744580697591606,0.16642769354946416
2007-09-01,0.1705437062314714,0.15006751402756052,0.19302591865310448,0.16233464556067104,0.16065183203149674,0.16337638349569572
2007-10-01,0.1574879086375832,0.1765077376176275,0.18918964629780946,0.15221832408402544,0.16335808757832365,0.16123829578463084
2007-11-01,0.17564397468376003,0.15206696562894995,0.18893100762390275,0.1587291388251155,0.15965738438484744,0.16497152885342425
2007-12-01,0.17937681485534487,0.18571026305613664,0.17262925781741834,0.14731202868788704,0.15993393272412304,0.15503770285909022
2008-01-01,0.18371178523720882,0.15895402875859677,0.18643190357616515,0.1462145354152367,0.15985633829792228,0.16483140871487012
2008-02-01,0.1786324173747916,0.1652673782912389,0.17425714594464176,0.15061599714428323,0.16535948779519175,0.1658675734498529
2008-03-01,0.18289995837520048,0.15930982404482572,0.17643224595819365,0.15083760352001727,0.16529620654914928,0.16522416155261363
2008-04-01,0.1834638290812953,0.16847520503113175,0.16630360507307126,0.15129496719124946,0.16594604980798286,0.16451634381526936
2008-05-01,0.1764951710314436,0.15265677425216445,0.1648028847625773,0.16839633122387157,0.16922228911569392,0.1684265496142491
2008-06-01,0.1726975356428858,0.1532944616731936,0.16034050196072477,0.17485931374586383,0.16613730028079923,0.1726708866965327
2008-07-01,0.20555034376932793,0.16399995728934513,0.15477308954993285,0.14678840332818727,0.16192685475547988,0.16696135130772694
2008-08-01,0.20121726844846688,0.1787899014771348,0.15182342865364545,0.14283559245361568,0.1635072731820965,0.16182653578504058
2008-09-01,0.1860285992593805,0.1563288828628851,0.16659551728702698,0.15266101893359763,0.17021968466457751,0.16816629699253224
2008-10-01,0.1865876577349689,0.1747234419223389,0.15255275858304737,0.15630667673988716,0.16213949416619897,0.1676899708535588
2008-11-01,0.1887295929689813,0.16784533596413545,0.15967724494741495,0.1469766952748937,0.16585684724014715,0.17091428360442745
2008-12-01,0.1943881282935991,0.1481201914561608,0.1682426653495609,0.1486120572524564,0.16811111984256677,0.17252583780565606
2009-01-01,0.19185279231556393,0.14590363791825847,0.16471283381389532,0.15721549025779002,0.1687664920329171,0.1715487536615753
2009-02-01,0.2043059609590561,0.15438596468834498,0.15299074142759214,0.15461941208360952,0.16268423565165463,0.1710136851897427
2009-03-01,0.2049737081607511,0.1606862199609427,0.15373363014550703,0.1466936302259533,0.16396172223267652,0.16995108927416938
2009-04-01,0.20428589074617232,0.15116182953162766,0.1586359158235193,0.15097113241146926,0.16412895471407066,0.17081627677314085
2009-05-01,0.20862505006785598,0.1531804503361637,0.15450211065734218,0.14849019550723513,0.16600288764212548,0.16919930578927733
2009-06-01,0.20191633086104904,0.14329967109788164,0.15841644932768748,0.15821890453024398,0.16601017680134894,0.1721384673817889
2009-07-01,0.194251015592097,0.17388390841102033,0.15054136324573286,0.14835418117088625,0.16232157249364554,0.17064795908661795
2009-08-01,0.1951818453414735,0.14515481574760003,0.1609686113132618,0.16001231409809208,0.16735182139529922,0.17133059210427337
2009-09-01,0.2059485185844534,0.1603910540031362,0.1527084315022451,0.14872588419210464,0.16386232590749972,0.168363785810561
2009-10-01,0.20832248732252073,0.14943667034818126,0.15499478841109302,0.15362751305344252,0.16626060249909713,0.1673579383656654
2009-11-01,0.20478595150336465,0.15476544842649992,0.15220824861679635,0.15513615216653034,0.1687852230989311,0.16431897618787764
2009-12-01,0.2126416553767673,0.16033659840974887,0.14596071021269955,0.14967423275156408,0.16645872501498674,0.1649280782342334
2010-01-01,0.20211728332269469,0.15090963873365418,0.15017634263119797,0.1621034389654687,0.16921666554378023,0.16547663080320413
2010-02-01,0.20704185811609405,0.16467433496342784,0.14639980255214513,0.1516449242972517,0.16792184961340154,0.1623172304576797
2010-03-01,0.18436649477629283,0.1534433867586932,0.1553733626538879,0.168170776226825,0.17291130522792234,0.16573467435637879
2010-04-01,0.19503108479130568,0.1606144966205263,0.1479235688973732,0.16073368027877283,0.17726797175001013,0.1584291976620117
2010-05-01,0.18513249454419925,0.16297684004770868,0.15485888043782425,0.1620490195888403,0.17146076816689576,0.16352199721453156
2010-06-01,0.22955414073471722,0.1510875350420712,0.145757185608591,0.14938003028131963,0.17025958507468172,0.15396152325861934
2010-07-01,0.22100597120089244,0.14438239332128872,0.1510503790775871,0.15416146153898197,0.1731195388995226,0.1562802559617272
2010-08-01,0.2210038148607035,0.15058570023291504,0.15220006695141047,0.1484908945576733,0.17180606320302777,0.15591346019426985
2010-09-01,0.22958705298856913,0.152350792277282,0.14638858212420686,0.1489520784173559,0.17302402172640238,0.14969747246618378
2010-10-01,0.2199985339258485,0.14476053482231432,0.15327480042568917,0.15451748598130796,0.17523434645104527,0.1522142983937948
2010-11-01,0.23296930466602825,0.1549332677153368,0.14190208717381045,0.15046348186799308,0.17309561061148226,0.14663624796534916
2010-12-01,0.18184364249957605,0.1578724898135033,0.15719712457104668,0.16799036758290803,0.17391236134778282,0.16118401418518322
2011-01-01,0.18580775500561045,0.16256330576024647,0.15680959555955812,0.1587075997632706,0.17363656124221558,0.16247518266909877
2011-02-01,0.22851364336063423,0.1511753135820835,0.14330831128544308,0.15142654164346395,0.17879834038060052,0.14677784974777483
2011-03-01,0.20466480577364507,0.15153797868370306,0.1506916847902219,0.16013175422515885,0.17668240694300372,0.15629136958426743
2011-04-01,0.2258489421147903,0.1509903340130506,0.1465847307178264,0.15076960291008976,0.17683409772855244,0.14897229251569047
2011-05-01,0.21954340479412582,0.15871990278764472,0.14667985874762618,0.146054219718447,0.17575070048292776,0.15325191346922834
2011-06-01,0.21784586214935084,0.16363590386015767,0.14465309021590128,0.14806191505860508,0.17330342911230615,0.1524997996036789
2011-07-01,0.2122805269078944,0.146546710245604,0.15179207829500854,0.15731682332722266,0.1790292974113049,0.15303456381296562
2011-08-01,0.20126325467231831,0.15830094585283547,0.15569832470417425,0.15216230299528072,0.17406638205601632,0.158508789719375
2011-09-01,0.2087440325480862,0.1534968213783529,0.15528855475393188,0.15309493401415336,0.17384555558584527,0.15553010171963028
2011-10-01,0.20086164264716708,0.16571994758676492,0.15042509792992892,0.15555449153080328,0.1774322736807308,0.15000654662460514
2011-11-01,0.21249098732571353,0.14736593126452904,0.1569673307958466,0.1524409267293203,0.17705147727849574,0.153683346606095
2011-12-01,0.1974719530793271,0.1684539266968859,0.1505138174235508,0.15512890727762488,0.17999349548651838,0.14843790003609303
2012-01-01,0.18684289809945748,0.15159350740703068,0.1597871310335591,0.1667896869114498,0.1846447633683715,0.1503420131801314
2012-02-01,0.19672181503779723,0.16051128360524441,0.15319847494767058,0.15845532257068362,0.18362595873109183,0.14748714510751224
2012-03-01,0.20127624548967726,0.15911825007937855,0.15228308354848266,0.15447266719840044,0.185711000025406,0.1471387536586551
2012-04-01,0.19976516888318516,0.16253819235774306,0.15254008443981604,0.15409646025133494,0.17934268790214916,0.15171740616577156
2012-05-01,0.1972413714336015,0.17136141832271737,0.1518595447243918,0.14903523810190739,0.17612745593098225,0.15437497148639973
2012-06-01,0.20826901099432937,0.15432166453936955,0.15609743133539564,0.15065446255733234,0.17970539693739837,0.15095203363617452
2012-07-01,0.19380140489013203,0.14753872851293887,0.16343405554896656,0.1563204304860357,0.18634547263416423,0.15255990792776256
2012-08-01,0.1911770019323071,0.1423905075926511,0.16478528181956287,0.16464321300450757,0.18064316107625775,0.15636083457471367
2012-09-01,0.1733484231590023,0.16860604810025678,0.15871954267988367,0.15685786025268592,0.18635067376030626,0.15611745204786506
2012-10-01,0.17442635693962727,0.17507421317000063,0.15640295582739144,0.154061515019851,0.18499031308636668,0.15504464595676304
2012-11-01,0.17948831757646758,0.1807936314710158,0.15406654246485318,0.15451053883897126,0.17448550590110154,0.15665546374759065
2012-12-01,0.16298168488772427,0.16259063418017375,0.16628212222791744,0.16861014966010124,0.18270067732089423,0.15683473172318907
2013-01-01,0.17521417410922252,0.15388070595905476,0.16459965969704435,0.16651075498692539,0.17897706692700296,0.16081763832075008
2013-02-01,0.1572958786360958,0.15433592537393578,0.16518636681144303,0.1764160025883793,0.18778519533087135,0.15898063125927478
2013-03-01,0.18423747085577835,0.18800824711922384,0.15215609226944254,0.14809576044127587,0.17093831162473075,0.15656411768954862
2013-04-01,0.18059816127871586,0.15589008111055547,0.16596126681422718,0.15202717692199952,0.18833875663757282,0.15718455723692917
2013-05-01,0.16256046202133226,0.15339585642905224,0.16568240470927145,0.17238536669240886,0.18822410431721592,0.15775180583071927
2013-06-01,0.17664818786912884,0.15997878027042484,0.1541858845499735,0.17093745236401253,0.18501272074413155,0.15323697420232862
2013-07-01,0.18067202193040632,0.16027561181241137,0.15702062637226527,0.15823990185809494,0.18392664359871155,0.1598651944281105
2013-08-01,0.15851213950784743,0.16391297320500642,0.15461346327915576,0.17404343731928257,0.188735188842364,0.16018279784634373
2013-09-01,0.16739195426969025,0.17491501640841145,0.15070992024497887,0.16273440083796376,0.18736327616628173,0.15688543207267405
2013-10-01,0.17452433532572464,0.15713283364821082,0.161347585527189,0.15740622223072737,0.18693389372883568,0.1626551295393125
2013-11-01,0.15031793055950174,0.16303017365412045,0.15960724695691825,0.17507308641710695,0.191129225747746,0.16084233666460665
2013-12-01,0.16858706442259574,0.15482932823227813,0.1573266884907005,0.16874929905664907,0.18790288927283033,0.1626047305249463
2014-01-01,0.19100038965400962,0.16060672768490053,0.15624150033055265,0.1527036674491686,0.18398888236862812,0.15545883251274045
2014-02-01,0.15689649023649446,0.1705390826232997,0.1575589078512741,0.16812272567315437,0.18005274664428994,0.1668300469714874
2014-03-01,0.1488554457528026,0.16631888635177847,0.1603478352624073,0.17645535229490505,0.18354170796497493,0.16448077237313166
2014-04-01,0.15526873501002292,0.16369829226282584,0.1622662517048551,0.16826038898543177,0.1893523097280788,0.16115402230878553
2014-05-01,0.16022970481965462,0.16933286961053848,0.15886260167909488,0.15979959977496017,0.192143023212998,0.15963220090275396
2014-06-01,0.15400225621535876,0.16466273508480062,0.15963088172906675,0.1705953709418216,0.196158574025463,0.1549501820034893
2014-07-01,0.1574995998717947,0.16986931326274837,0.16230080022191826,0.16823155326714878,0.17987283622867478,0.162225897147715
2014-08-01,0.1712619678021125,0.1662090724419019,0.1615411251022181,0.1603834160337859,0.18081596389918553,0.15978845472079597
2014-09-01,0.14869682901732523,0.1671083029104534,0.16000369613550014,0.17077817465777637,0.19392102753379037,0.15949196974515467
2014-10-01,0.15548252436772206,0.17034742616497886,0.16133089448655014,0.16089114151415126,0.19328558832560017,0.15866242514099765
2014-11-01,0.14983439436036958,0.1748278633679696,0.16069240006517843,0.16962402046022737,0.18404422474554255,0.1609770970007124
2014-12-01,0.16404391446333028,0.17849174276049268,0.1558893279116723,0.15522644634021246,0.18898604339714983,0.15736252512714238
2015-01-01,0.1685924822355675,0.17709148325758267,0.16118165006111093,0.14839894688246907,0.18306986342490028,0.16166557413836954
2015-02-01,0.17819105647424568,0.13884727584225878,0.17111069246521032,0.17055859816193994,0.1817454957541621,0.15954688130218314
2015-03-01,0.16572398271497346,0.16095143310462073,0.16259727504222082,0.1661526105359827,0.18110702197484188,0.1634676766273603
2015-04-01,0.15021361982369866,0.17706260414651143,0.16419361792654905,0.15841214958086677,0.1837078087739219,0.16641019974845217
2015-05-01,0.15345607317826726,0.15170849605859013,0.16755358812623866,0.17865380100115036,0.1834045468536593,0.16522349478209442
2015-06-01,0.13926966718185757,0.1759914639661914,0.15943680489169051,0.17198452626631133,0.1844089625970405,0.1689085750969086
2015-07-01,0.1426142251262988,0.1791362069369007,0.15812880400811385,0.16992636514979031,0.18376127454252852,0.16643312423636783
2015-08-01,0.15738494527113123,0.1719285029101473,0.15872062909769424,0.15978008219484427,0.18388102932265882,0.16830481120352406
2015-09-01,0.16553896806431714,0.17313334434217298,0.158127300584767,0.15709825419783113,0.17993328220574192,0.16616885060516978
2015-10-01,0.16262969058777368,0.1523399987009362,0.17000943479337358,0.16616418350562287,0.1842611056420834,0.16459558677021027
2015-11-01,0.15560095821058645,0.16503747165534371,0.15555694102205914,0.1713737999880811,0.18769895618465468,0.16473187293927488
2015-12-01,0.1621907595804211,0.17490451026437265,0.15722116726073396,0.16377671625137347,0.17766754085870987,0.1642393057843889
2016-01-01,0.16260659838333982,0.1635828445781609,0.1628574667099795,0.16907902506874428,0.17538162495483944,0.16649244030493612
2016-02-01,0.1572971074492937,0.16673532918074527,0.16732708482388545,0.15811256235960375,0.1794447627520781,0.17108315343439373
2016-03-01,0.16581599898773702,0.14488257184966302,0.17150543600659807,0.16981595131267085,0.18278887528260945,0.16519116656072166
2016-04-01,0.14549652067963387,0.1653201641038699,0.1738094720240382,0.16364107093493604,0.18160084935945708,0.1701319228980648
2016-05-01,0.1539687457653469,0.1717763328786497,0.16355455566535598,0.16106846516882803,0.18617360141936384,0.16345829910245566
2016-06-01,0.1371285423635321,0.16549815334084533,0.1732679919975683,0.17059803040951407,0.18286322121178622,0.17064406067675403
2016-07-01,0.14286912055527207,0.19269166268003068,0.16516357702102516,0.15680876669161467,0.18261738357811583,0.15984948947394162
2016-08-01,0.13785084184497096,0.16105844516876175,0.17393525483794886,0.17535787526097313,0.1861820533375052,0.1656155295498401
2016-09-01,0.14276536709786758,0.16087021662721926,0.16817723579374086,0.17828137640788255,0.187365976576535,0.16253982749675477
2016-10-01,0.12901878465789623,0.17418551438025748,0.16588783380163621,0.17714813955474476,0.1871662101093369,0.1665935174961283
2016-11-01,0.15963749179570053,0.17837146343286484,0.1543207578088608,0.16965441207630863,0.18187348496682987,0.15614238991943535
2016-12-01,0.14714788362023284,0.15755006557589427,0.16434569770928356,0.1892217989894161,0.17481026928156518,0.16692428482360808
2017-01-01,0.14288220127449106,0.16246779960424654,0.17307215183600255,0.16922725402035801,0.18652278154480126,0.16582781172010067
2017-02-01,0.15156439149883286,0.18564320099067155,0.15991104806229903,0.15999205389324647,0.18328682052456055,0.15960248503038954
2017-03-01,0.13894861652129445,0.18452896992095244,0.15769256569170997,0.17758849144517938,0.180820387265194,0.1604209691556697
2017-04-01,0.13777789508373775,0.1599535156240823,0.17322330503425637,0.1826819977085903,0.17758502977282697,0.16877825677650635
2017-05-01,0.15089072134542555,0.19011542460176128,0.1577341807370015,0.16217525471116584,0.17952571856574626,0.1595587000388995
2017-06-01,0.12676748097969623,0.1649491543846788,0.17703562905166464,0.1810567570053432,0.18769032393381088,0.16250065464480626
2017-07-01,0.13882947144448596,0.17372086136675063,0.17124557778213276,0.1706130151882302,0.18493848423800624,0.16065258998039422
2017-08-01,0.1431085661654752,0.1525035036119514,0.17946394270046678,0.17525222154733716,0.189232813002529,0.1604389529722404
2017-09-01,0.13218247217976725,0.1628153878695187,0.17644000896676823,0.18001883320711198,0.18314398386889322,0.16539931390794055
2017-10-01,0.15120863334103954,0.18902915717028776,0.1593510726559495,0.16986643224390327,0.16797493621755488,0.16256976837126488
2017-11-01,0.13209672871084127,0.16147752463490012,0.1711704187795725,0.18801743532831042,0.18695397395356445,0.1602839185928113
2017-12-01,0.12456007944017722,0.18457586106345983,0.16540878817001492,0.17985400046641142,0.18905552661279262,0.156545744247144
2018-01-01,0.1416615538890809,0.16224645170000368,0.17069751462011826,0.1840025468719646,0.18144604464070885,0.15994588827812364
2018-02-01,0.14296465542443446,0.17963123800412226,0.15423891221000605,0.1860939670955451,0.1820063431535371,0.15506488411235494
2018-03-01,0.1357244835065459,0.19333558000650178,0.1539365992726773,0.18132458455776185,0.17918384702208245,0.15649490563443072
2018-04-01,0.1487781559366949,0.1597883166608155,0.16606970730565185,0.18797740744279662,0.17358563364262147,0.16380077901141957
2018-05-01,0.15393181771329975,0.17178840101419093,0.1625633762275874,0.17081674244139208,0.18498149947095335,0.15591816313257656
2018-06-01,0.13472923440584947,0.18483953235924547,0.16282260418392216,0.17896990168747567,0.17849873356837992,0.16013999379512725
2018-07-01,0.13653910512266257,0.17223138650356165,0.1685445815416425,0.17720831133344025,0.18498248884916724,0.1604941266495257
2018-08-01,0.1313314672589635,0.17625165156072806,0.16838127423139937,0.18235001186247315,0.1837217343654705,0.15796386072096538
2018-09-01,0.1406161020756136,0.16826288318303284,0.1648461598400706,0.18240634067211337,0.1816398432102908,0.16222867101887892
2018-10-01,0.1339215769100835,0.17066988258192223,0.1651550863341175,0.18635970572062158,0.1852901818024961,0.1586035666507591
2018-11-01,0.15562627570319396,0.19295575946011667,0.15404031884420416,0.16423184370791666,0.17681456365631898,0.15633123862824963
2018-12-01,0.15813379092035384,0.16658338472784415,0.16838386297642993,0.16846316019186242,0.17864822899431113,0.15978757218919853
2019-01-01,0.14903694415955754,0.17728317122539447,0.17411242865320278,0.1607801805822191,0.18399229117700036,0.15479498420262575
2019-02-01,0.15852553472322717,0.15018978548730277,0.1824700777089338,0.1672849315215925,0.1771923243329735,0.16433734622597018
2019-03-01,0.13238415201216536,0.16948281578862331,0.18202405699187874,0.1705725191063023,0.185751122765661,0.1597853333353692
2019-04-01,0.1433609955514024,0.17430107442950765,0.1809633963312534,0.16127508119499545,0.180774652865131,0.15932479962771018
2019-05-01,0.15595217572086978,0.1900025000400104,0.16896226545750453,0.1543293453843715,0.1698113789713122,0.16094233442593148
2019-06-01,0.1489012959639056,0.17302822090509098,0.18754867543926879,0.15322414245207663,0.17353576721283853,0.1637618980268195
2019-07-01,0.15269638434381028,0.15755069946573372,0.19021269667467397,0.1627256174393474,0.1780223149009734,0.15879228717546123
2019-08-01,0.13842462912848807,0.18499622667021742,0.18817237521905733,0.1550307974615507,0.16426887592893613,0.1691070955917504
2019-09-01,0.13964777769145234,0.1728331847762328,0.18722352633154654,0.16365243400214596,0.1781877169710178,0.15845536022760456
2019-10-01,0.15403862215142244,0.16664289444368918,0.18579238396183007,0.15767413460239887,0.17106714779666793,0.1647848170439915
2019-11-01,0.13300006806021658,0.17258538189835193,0.18072495707744493,0.17482899911259744,0.1729598645465705,0.16590072930481858
2019-12-01,0.11971101750742384,0.17357782554983137,0.18978181606949665,0.17201530271012622,0.1738612296571015,0.1710528085060204
2020-01-01,0.14377495849759758,0.18822407187542753,0.1743691410529012,0.15650565313757625,0.1709227419364699,0.16620343350002742
2020-02-01,0.12936115365566866,0.17944087868419845,0.18889967129681443,0.16433294018756434,0.1707749542015724,0.16719040197418175
2020-03-01,0.17597366329754474,0.16885442199210676,0.16910185230280983,0.14977347139186975,0.16781075086366518,0.16848584015200369
2020-06-01,0.17193025746940382,0.1643506314208814,0.16314724961746657,0.17855313758192481,0.16221435931086264,0.15980436459946062
2020-07-01,0.16415197543947893,0.16771776956277407,0.16580230556276154,0.17440192384983702,0.15911983201020596,0.16880619357494248
2020-08-01,0.1566267186759388,0.17466238565849745,0.16686641690501716,0.17415269643036058,0.16595090209964997,0.1617408802305359
2020-09-01,0.148904994342205,0.180334197005728,0.1679166618509961,0.1700765911188066,0.17006193330141828,0.16270562238084618
2020-10-01,0.15008301818327754,0.17547161620872,0.16834303819699514,0.1735222413410682,0.169728644422171,0.16285144164776796
2020-11-01,0.12606465655028942,0.17394760913428123,0.1818270052714195,0.177542302366945,0.1710953434738686,0.16952308320319626
2020-12-01,0.13503503200803785,0.16192977402611447,0.18131381579133593,0.18614151856415362,0.1644945414050295,0.17108531820532857
2021-01-01,0.1498715317644283,0.1797083374431697,0.16804420834032271,0.17346988128082066,0.16239788959894175,0.16650815157231696
2021-02-01,0.16995746881196724,0.1632066079526136,0.16966832860365033,0.1596094704160076,0.17346628387235752,0.16409184034340366
2021-03-01,0.1644867209310194,0.16999252240247392,0.16294734215523568,0.17842664453919796,0.1619603859990927,0.16218638397298038
2021-04-01,0.1573009206504783,0.16545384045080525,0.1711348420105202,0.16774525798899376,0.16967344898328465,0.16869168991591799
2021-05-01,0.13673517506980315,0.1727088940574674,0.17344228883999682,0.18087936066763297,0.16794496290171654,0.16828931846338302
2021-06-01,0.1523784337674161,0.16721791775522343,0.17070248823006456,0.1771072531612103,0.16534721833281832,0.16724668875326723
2021-07-01,0.1592899438803415,0.17764283137231318,0.16685935292361562,0.16788537048583538,0.16849724800335067,0.1598252533345436
2021-08-01,0.1228450597212319,0.18864982987039786,0.17527679345000508,0.1751594906748698,0.17535254639480674,0.16271627988868853
2021-09-01,0.13501066593752176,0.16997332251124614,0.17566777393351687,0.17667403064102494,0.1824640610545125,0.1602101459221777
2021-10-01,0.14889164550394568,0.1591290655890202,0.17135477934462887,0.18868781799851872,0.17047720778949196,0.16145948377439448
2021-11-01,0.12958000218552843,0.1816806595233932,0.1698983074018382,0.18766308140804064,0.1686842386446527,0.16249371083654693
2021-12-01,0.1306315762687602,0.18700240298784043,0.16850586437270865,0.1824239885699518,0.1689717301390183,0.1624644376617207
2022-01-01,0.15002125044886622,0.1699816974342056,0.16348301151785846,0.1827929019722283,0.1665242737175364,0.1671968649093051
2022-02-01,0.15400695488298138,0.16579525458772792,0.1557759485823079,0.19685920079067398,0.1675705569966861,0.1599920841596227
2022-03-01,0.15676635536377662,0.16237854129941573,0.1576612159464827,0.19470505962137416,0.16777658314661098,0.16071224462233982
2022-04-01,0.16106604188919088,0.18906595727923714,0.14225873270332648,0.18144021183223097,0.1622131982738624,0.16395585802215204
2022-05-01,0.16390763918105217,0.1523433053431633,0.15720485686780614,0.19218053121911255,0.16853170279351962,0.16583196459534633
2022-06-01,0.16407656490409242,0.16130479660053434,0.1518655291665499,0.1920331140314818,0.16672884966978263,0.16399114562755887
2022-07-01,0.17959733146375853,0.19424492487194,0.14452550067117897,0.16393501153800868,0.16045215164631133,0.15724507980880245
2022-08-01,0.15523314115622053,0.1656078393134995,0.16614320567245805,0.182203728860736,0.16486104094048976,0.16595104405659622
2022-09-01,0.16624386866499588,0.1624445865489063,0.1495931565851094,0.19459419182566384,0.16723503166057962,0.15988916471474493
2022-10-01,0.16759201223072648,0.16560500901995845,0.14942085010692663,0.1914223017367966,0.16661915504912786,0.15934067185646392
2022-11-01,0.1556014899232558,0.1815699549542176,0.1599262806776676,0.17423888105355312,0.16597075567382485,0.162692637717481
2022-12-01,0.1598917810595466,0.18074653861976894,0.169944434354368,0.1599859597097967,0.16579736173961618,0.16363392451690356
2023-01-01,0.15682254156494985,0.15486569338547282,0.175656459920149,0.18403561107482772,0.16575461939745587,0.16286507465714473
2023-02-01,0.1500235194107892,0.18781528773080355,0.17008464867284334,0.17389286079349897,0.16224333076357023,0.15594035262849482
2023-03-01,0.1502385690891378,0.18621386288192857,0.17644053974474266,0.16520638156484,0.1599184961696543,0.16198215054969656
2023-04-01,0.14250595021804122,0.16325213840609834,0.18921830449912963,0.17975660383899417,0.16303378273467486,0.1622332203030618
2023-05-01,0.15806152697816722,0.19294876989787693,0.1698933333265948,0.1651193547593912,0.1583592701023884,0.1556177449355813
2023-06-01,0.1408367734427406,0.16952369778670864,0.1842538479009004,0.17675362471780545,0.17240731346832353,0.15622474268352132
2023-07-01,0.12545604334123214,0.18373137231116662,0.18336961253686315,0.18581622812753296,0.15946183205770686,0.16216491162549837
2023-08-01,0.14440703203397853,0.1626378134854935,0.18330860146638234,0.1855106639559961,0.16477763277652874,0.15935825628162079
2023-09-01,0.13517913582669164,0.19294313266837923,0.176869492526426,0.1748387898487231,0.16370216577678864,0.15646728335299148
2023-10-01,0.1673051619265442,0.1889062349550418,0.16379984483507562,0.1610854751539715,0.1626689065546341,0.1562343765747328
2023-11-01,0.1461356965867546,0.16954387716003413,0.19008318670494548,0.16638708396518512,0.16420756042616294,0.1636425951569177
2023-12-01,0.1568881613186516,0.16986400908438362,0.1900420250638532,0.15767491528294356,0.15871440801913395,0.16681648123103404
2024-01-01,0.15842423625022073,0.17065947625786976,0.18511864085263696,0.16013258156687019,0.16515711940951686,0.16050794566288554
2024-02-01,0.14280073514490088,0.16731049351108407,0.1862876921414789,0.18173499665417456,0.1576421191033818,0.16422396344497983
2024-03-01,0.1421032764990115,0.19068928786505937,0.18364068924225055,0.1638604634728126,0.1643590195572875,0.15534726336357838
2024-04-01,0.14169012200268838,0.17596783506562821,0.18079562078194328,0.1753390751969262,0.16721542090653166,0.1589919260462822
2024-05-01,0.15429553497239,0.19704381746084756,0.1737962641721952,0.15722042676322254,0.1610608492468976,0.156583107384447
2024-06-01,0.15076802627536998,0.16968878297983983,0.18884729876170855,0.16411712511249948,0.1623449808015927,0.1642337860689895
2024-07-01,0.1523165684488354,0.1654206985669615,0.18928697627628843,0.16415296818986758,0.16765332692448695,0.16116946159356002
2024-08-01,0.15229544090458197,0.1786494165457481,0.19597877125784152,0.1528818624552953,0.15763139258083916,0.16256311625569403
2024-09-01,0.1648032524446119,0.17114564748017158,0.1911685787689711,0.14855767024226266,0.16238228144728126,0.16194256961670161
